Algoritmo,Média Erro (%),Mediana Erro (%),Desvio Padrão (%),Erro Mínimo (%),Erro Máximo (%),Soluções Ótimas (instâncias),Tempo Médio (us),Tempo Máx (us),Tempo Mín (us)
LS,20.960098694324607,19.047619047619047,16.242187390674903,0.0,68.12585499316006,185.0,5.990229885057471,715.0,1.0
LPT,0.8170090608830698,0.0,1.78535331173727,0.0,16.666666666666668,976.0,6.2908045977011495,43.0,1.0
MultiFit,0.5491768035139618,0.22241556414782887,0.8667993143434286,0.0,7.762360537718795,819.0,47.420114942528734,437.0,7.0
CGA,0.0,0.0,0.0,0.0,0.0,1740.0,785.196551724138,731837.0,1.0
Genetic (Média),0.3936367774791569,0.0,0.9548912183662076,0.0,8.92018779342723,1131.4,1401.8560919540228,8346.0,110.8
