Algoritmo,Média Erro (%),Mediana Erro (%),Desvio Padrão (%),Erro Mínimo (%),Erro Máximo (%),Soluções Ótimas (instâncias),Tempo Médio (us),Tempo Máx (us),Tempo Mín (us)
LS,20.960098694324607,19.047619047619047,16.242187390674903,0.0,68.12585499316006,185.0,6.746551724137931,759.0,1.0
LPT,0.8170090608830698,0.0,1.78535331173727,0.0,16.666666666666668,976.0,7.558620689655172,398.0,1.0
MultiFit,0.5491768035139618,0.22241556414782887,0.8667993143434286,0.0,7.762360537718795,819.0,48.70402298850575,452.0,7.0
CGA,0.0,0.0,0.0,0.0,0.0,1740.0,730.7402298850575,668525.0,1.0
Genetic (Média),0.4035614400649221,0.0,0.9924918812670412,0.0,8.92018779342723,1130.8,1492.478735632184,9162.0,113.8
