InstanceID,M,N,B,OptimalMakespan,LS_MaxGroupSum,LS_Time(us),LPT_MaxGroupSum,LPT_Time(us),MULTIFIT_MaxGroupSum,MULTIFIT_Time(us),Genetic_1_MaxGroupSum,Genetic_1_Time(us),Genetic_2_MaxGroupSum,Genetic_2_Time(us),Genetic_3_MaxGroupSum,Genetic_3_Time(us),Genetic_4_MaxGroupSum,Genetic_4_Time(us),Genetic_5_MaxGroupSum,Genetic_5_Time(us),SA_1_MaxGroupSum,SA_1_Time(us),SA_2_MaxGroupSum,SA_2_Time(us),SA_3_MaxGroupSum,SA_3_Time(us),SA_4_MaxGroupSum,SA_4_Time(us),SA_5_MaxGroupSum,SA_5_Time(us),IG_1_MaxGroupSum,IG_1_Time(us),IG_2_MaxGroupSum,IG_2_Time(us),IG_3_MaxGroupSum,IG_3_Time(us),IG_4_MaxGroupSum,IG_4_Time(us),IG_5_MaxGroupSum,IG_5_Time(us)
1,2,2,4,15,15,575,15,2,15,12,15,358,15,165,15,204,15,136,15,124,15,484,15,463,15,488,15,474,15,466,15,200012,15,200020,15,200021,15,200021,15,200019
2,2,2,4,11,11,5,11,2,11,12,11,135,11,122,11,139,11,129,11,148,11,853,11,654,11,465,11,462,11,523,11,200013,11,200106,11,200020,11,200020,11,200020
3,2,2,4,16,16,5,16,2,16,12,16,142,16,122,16,121,16,131,16,121,16,465,16,470,16,469,16,511,16,464,16,200012,16,200019,16,200019,16,200022,16,200020
4,2,2,4,12,12,5,12,2,12,11,12,132,12,184,12,130,12,122,12,122,12,479,12,475,12,465,12,468,12,465,12,200011,12,200029,12,200022,12,200021,12,200019
5,2,2,4,14,14,5,14,2,14,11,14,132,14,121,14,124,14,122,14,130,14,465,14,472,14,471,14,477,14,466,14,200011,14,200021,14,200020,14,200021,14,200023
6,2,2,8,223,223,5,223,2,223,15,223,138,223,127,223,123,223,128,223,122,223,468,223,463,223,467,223,471,223,475,223,200015,223,200020,223,200020,223,200020,223,200022
7,2,2,8,140,140,5,140,2,140,15,140,133,140,122,140,122,140,122,140,129,140,465,140,466,140,469,140,465,140,466,140,200011,140,200020,140,200027,140,200020,140,200020
8,2,2,8,129,129,5,129,2,129,16,129,134,129,127,129,122,129,121,129,125,129,493,129,468,129,464,129,461,129,470,129,200012,129,200023,129,200019,129,200021,129,200021
9,2,2,8,131,131,4,131,2,131,15,131,142,131,123,131,126,131,121,131,121,131,466,131,470,131,464,131,472,131,468,131,200012,131,200019,131,200019,131,200020,131,200021
10,2,2,8,150,150,5,150,2,150,15,150,135,150,135,150,124,150,123,150,121,150,473,150,462,150,464,150,477,150,466,150,200013,150,200021,150,200021,150,200021,150,200020
11,2,2,16,59499,59499,6,59499,2,59499,23,59499,133,59499,123,59499,128,59499,126,59499,121,59499,467,59499,467,59499,485,59499,463,59499,481,59499,200012,59499,200019,59499,200020,59499,200023,59499,200021
12,2,2,16,48544,48544,4,48544,2,48544,15,48544,135,48544,125,48544,121,48544,124,48544,121,48544,473,48544,478,48544,462,48544,466,48544,476,48544,200015,48544,200021,48544,200018,48544,200021,48544,200036
13,2,2,16,64987,64987,5,64987,2,64987,15,64987,134,64987,125,64987,124,64987,135,64987,123,64987,483,64987,471,64987,466,64987,467,64987,473,64987,200011,64987,200021,64987,200019,64987,200019,64987,200022
14,2,2,16,42471,42471,4,42471,2,42471,15,42471,136,42471,125,42471,121,42471,122,42471,120,42471,467,42471,484,42471,469,42471,466,42471,461,42471,200012,42471,200020,42471,200020,42471,200021,42471,200020
15,2,2,16,64739,64739,5,64739,2,64739,15,64739,134,64739,122,64739,123,64739,137,64739,121,64739,470,64739,474,64739,466,64739,478,64739,465,64739,200012,64739,200020,64739,200020,64739,200021,64739,200022
16,2,2,32,3320353321,3320353321,5,3320353321,2,3320353321,15,3320353321,913,3320353321,879,3320353321,896,3320353321,882,3320353321,876,3320353321,472,3320353321,465,3320353321,467,3320353321,486,3320353321,464,3320353321,200012,3320353321,200021,3320353321,200019,3320353321,200020,3320353321,200021
17,2,2,32,3332053141,3332053141,5,3332053141,2,3332053141,15,3332053141,904,3332053141,907,3332053141,1055,3332053141,910,3332053141,911,3332053141,472,3332053141,471,3332053141,466,3332053141,464,3332053141,460,3332053141,200011,3332053141,200020,3332053141,200021,3332053141,200020,3332053141,200021
18,2,2,32,2907840138,2907840138,5,2907840138,2,2907840138,15,2907840138,942,2907840138,893,2907840138,935,2907840138,876,2907840138,867,2907840138,482,2907840138,475,2907840138,463,2907840138,468,2907840138,466,2907840138,200012,2907840138,200019,2907840138,200020,2907840138,200020,2907840138,200018
19,2,2,32,2189811967,2189811967,5,2189811967,2,2189811967,15,2189811967,899,2189811967,882,2189811967,871,2189811967,909,2189811967,867,2189811967,472,2189811967,463,2189811967,481,2189811967,473,2189811967,463,2189811967,200011,2189811967,200022,2189811967,200020,2189811967,200022,2189811967,200022
20,2,2,32,2672679726,2672679726,5,2672679726,2,2672679726,20,2672679726,888,2672679726,907,2672679726,887,2672679726,883,2672679726,968,2672679726,472,2672679726,470,2672679726,464,2672679726,463,2672679726,485,2672679726,200013,2672679726,200022,2672679726,200020,2672679726,200021,2672679726,200021
21,3,2,4,12,12,6,12,3,12,14,12,154,12,142,12,138,12,143,12,138,12,414,12,398,12,398,12,404,12,400,12,200013,12,200020,12,200019,12,200021,12,200020
22,3,2,4,14,14,5,14,2,14,14,14,154,14,138,14,139,14,139,14,138,14,425,14,389,14,388,14,399,14,396,14,200014,14,200021,14,200027,14,200021,14,200025
23,3,2,4,13,17,4,13,2,13,15,13,173,13,141,13,147,13,142,13,136,13,392,13,388,13,388,13,401,13,393,13,200015,13,200024,13,200024,13,200023,13,200020
24,3,2,4,19,22,5,19,2,19,16,19,152,19,143,19,155,19,137,19,141,19,407,19,396,19,394,19,392,19,395,19,200012,19,200022,19,200021,19,200021,19,200022
25,3,2,4,15,15,5,15,3,15,14,15,162,15,140,15,147,15,138,15,139,15,395,15,384,15,396,15,387,15,385,15,200012,15,200021,15,200022,15,200020,15,200019
26,3,2,8,260,260,5,260,3,260,19,260,166,260,138,260,148,260,137,260,489,260,409,260,425,260,403,260,403,260,403,260,200015,260,200020,260,200022,260,200021,260,200025
27,3,2,8,317,411,5,317,3,317,19,317,151,317,141,317,138,317,142,317,139,317,397,317,386,317,409,317,406,317,387,317,200014,317,200020,317,200020,317,200020,317,200023
28,3,2,8,286,286,5,286,3,286,19,286,152,286,138,286,137,286,149,286,137,286,393,286,401,286,384,286,389,286,393,286,200011,286,200023,286,200021,286,200022,286,200022
29,3,2,8,332,332,5,332,2,332,19,332,160,332,140,332,140,332,141,332,147,332,423,332,462,332,417,332,402,332,398,332,200012,332,200022,332,200022,332,200023,332,200020
30,3,2,8,236,236,5,236,3,236,20,236,153,236,143,236,142,236,145,236,144,236,393,236,418,236,472,236,483,236,439,236,200012,236,200021,236,200019,236,200019,236,200018
31,3,2,16,73186,91559,4,73186,2,73186,19,73186,141,73186,134,73186,129,73186,140,73186,130,73186,382,73186,366,73186,378,73186,374,73186,366,73186,200014,73186,200020,73186,200023,73186,200022,73186,200020
32,3,2,16,58206,58206,5,58206,3,58206,20,58206,161,58206,139,58206,138,58206,136,58206,137,58206,391,58206,389,58206,387,58206,405,58206,395,58206,200013,58206,200020,58206,200021,58206,200019,58206,200021
33,3,2,16,67839,67839,5,67839,3,67839,19,67839,150,67839,138,67839,158,67839,141,67839,139,67839,415,67839,390,67839,386,67839,386,67839,392,67839,200011,67839,200020,67839,200021,67839,200021,67839,200022
34,3,2,16,52495,52495,5,52495,3,52495,19,52495,151,52495,147,52495,140,52495,142,52495,138,52495,394,52495,389,52495,397,52495,405,52495,392,52495,200013,52495,200021,52495,200019,52495,200020,52495,200020
35,3,2,16,71033,71033,5,71033,2,71033,19,71033,163,71033,139,71033,138,71033,139,71033,138,71033,390,71033,397,71033,385,71033,390,71033,389,71033,200016,71033,200023,71033,200019,71033,200021,71033,200020
36,3,2,32,3456137665,3456137665,5,3456137665,3,3456137665,19,3456137665,991,3456137665,1002,3456137665,944,3456137665,964,3456137665,947,3456137665,394,3456137665,399,3456137665,388,3456137665,389,3456137665,384,3456137665,200014,3456137665,200023,3456137665,200031,3456137665,200021,3456137665,200022
37,3,2,32,5327147933,6413602609,5,5327147933,3,5327147933,26,5327147933,972,5327147933,960,5327147933,995,5327147933,1024,5327147933,967,5327147933,417,5327147933,389,5327147933,386,5327147933,386,5327147933,387,5327147933,200013,5327147933,200024,5327147933,200020,5327147933,200021,5327147933,200020
38,3,2,32,4384952660,6490869103,4,4384952660,2,4384952660,19,4384952660,977,4384952660,969,4384952660,975,4384952660,975,4384952660,958,4384952660,401,4384952660,386,4384952660,391,4384952660,382,4384952660,397,4384952660,200013,4384952660,200020,4384952660,200020,4384952660,200022,4384952660,200020
39,3,2,32,6242930927,6242930927,5,6242930927,3,6242930927,19,6242930927,971,6242930927,898,6242930927,901,6242930927,891,6242930927,953,6242930927,383,6242930927,364,6242930927,363,6242930927,381,6242930927,370,6242930927,200012,6242930927,200020,6242930927,200021,6242930927,200019,6242930927,200020
40,3,2,32,5469612997,5469612997,5,5469612997,2,5469612997,22,5469612997,980,5469612997,976,5469612997,973,5469612997,999,5469612997,1052,5469612997,399,5469612997,398,5469612997,393,5469612997,390,5469612997,389,5469612997,200015,5469612997,200024,5469612997,200026,5469612997,200022,5469612997,200020
41,4,2,4,22,22,5,22,3,22,19,22,174,22,154,22,156,22,163,22,154,22,406,22,404,22,408,22,417,22,446,22,200012,22,200022,22,200022,22,200021,22,200022
42,4,2,4,23,23,5,23,3,23,18,23,175,23,159,23,156,23,158,23,159,23,396,23,397,23,405,23,406,23,398,23,200013,23,200019,23,200021,23,200022,23,200023
43,4,2,4,22,24,5,22,3,22,19,22,168,22,170,22,154,22,166,22,153,22,411,22,411,22,484,22,445,22,415,22,200012,22,200022,22,200021,22,200021,22,200022
44,4,2,4,28,29,6,28,3,28,23,28,170,28,155,28,168,28,170,28,172,28,419,28,400,28,422,28,399,28,404,28,200013,28,200020,28,200020,28,200020,28,200022
45,4,2,4,17,17,5,17,3,17,18,17,166,17,161,17,163,17,154,17,152,17,403,17,400,17,402,17,397,17,398,17,200012,17,200019,17,200021,17,200020,17,200023
46,4,2,8,395,473,5,395,4,395,23,395,170,395,159,395,153,395,161,395,155,395,419,395,426,395,424,395,416,395,412,395,200012,395,200022,395,200022,395,200022,395,200022
47,4,2,8,466,575,6,466,3,466,22,466,167,466,165,466,154,466,155,466,156,466,417,466,406,466,397,466,404,466,396,466,200012,466,200019,466,200022,466,200022,466,200021
48,4,2,8,372,390,5,372,3,372,22,372,175,372,159,372,164,372,156,372,153,372,413,372,408,372,418,372,413,372,414,372,200013,372,200022,372,200021,372,200022,372,200021
49,4,2,8,365,365,6,365,3,365,23,365,173,365,153,365,157,365,153,365,159,365,434,365,403,365,401,365,403,365,424,365,200012,365,200020,365,200034,365,200025,365,200021
50,4,2,8,428,428,5,428,3,428,23,428,166,428,154,428,167,428,162,428,156,428,434,428,411,428,403,428,404,428,403,428,200013,428,200021,428,200021,428,200022,428,200020
51,4,2,16,103717,108170,5,103717,3,103717,23,103717,169,103717,154,103717,167,103717,171,103717,153,103717,403,103717,404,103717,419,103717,395,103717,392,103717,200013,103717,200021,103717,200024,103717,200021,103717,200019
52,4,2,16,114429,161443,5,114429,3,114429,23,114429,184,114429,155,114429,155,114429,169,114429,175,114429,408,114429,403,114429,395,114429,394,114429,426,114429,200012,114429,200020,114429,200021,114429,200022,114429,200020
53,4,2,16,67356,79458,5,67356,3,67356,23,67356,171,67356,153,67356,170,67356,202,67356,203,67356,405,67356,408,67356,402,67356,396,67356,397,67356,200014,67356,200022,67356,200022,67356,200021,67356,200021
54,4,2,16,86653,86653,5,86653,3,86653,23,86653,188,86653,157,86653,180,86653,153,86653,153,86653,413,86653,402,86653,391,86653,392,86653,396,86653,200013,86653,200029,86653,200022,86653,200023,86653,200020
55,4,2,16,114259,116716,5,114259,3,114259,23,114259,173,114259,154,114259,155,114259,171,114259,153,114259,412,114259,417,114259,395,114259,401,114259,396,114259,200012,114259,200020,114259,200020,114259,200021,114259,200021
56,4,2,32,4926162961,6417051322,5,4926162961,3,4926162961,23,4926162961,1110,4926162961,1033,4926162961,1072,4926162961,1051,4926162961,1038,4926162961,403,4926162961,403,4926162961,445,4926162961,558,4926162961,491,4926162961,200013,4926162961,200023,4926162961,200024,4926162961,200023,4926162961,200020
57,4,2,32,6167455700,7464777184,6,6167455700,3,6167455700,23,6167455700,1065,6167455700,1066,6167455700,1040,6167455700,1089,6167455700,1056,6167455700,438,6167455700,418,6167455700,416,6167455700,602,6167455700,429,6167455700,200012,6167455700,200023,6167455700,200021,6167455700,200025,6167455700,200021
58,4,2,32,8498304498,8498304498,5,8498304498,3,8498304498,23,8498304498,1089,8498304498,1036,8498304498,1024,8498304498,1069,8498304498,1069,8498304498,409,8498304498,401,8498304498,406,8498304498,403,8498304498,408,8498304498,200013,8498304498,200019,8498304498,200021,8498304498,200020,8498304498,200021
59,4,2,32,7366193192,7560248381,6,7366193192,4,7366193192,29,7366193192,1105,7366193192,1044,7366193192,1043,7366193192,1049,7366193192,1098,7366193192,427,7366193192,780,7366193192,414,7366193192,432,7366193192,414,7366193192,200012,7366193192,200022,7366193192,200019,7366193192,200023,7366193192,200023
60,4,2,32,7444130474,7444130474,5,7444130474,3,7444130474,23,7444130474,1131,7444130474,1049,7444130474,1066,7444130474,1036,7444130474,1063,7444130474,416,7444130474,397,7444130474,392,7444130474,395,7444130474,395,7444130474,200017,7444130474,200023,7444130474,200020,7444130474,200019,7444130474,200020
61,5,2,4,38,38,5,38,4,38,23,38,236,38,173,38,174,38,170,38,187,38,421,38,411,38,407,38,408,38,434,38,200013,38,200020,38,200022,38,200020,38,200020
62,5,2,4,23,26,6,23,4,23,21,23,186,23,177,23,168,23,168,23,168,23,413,23,410,23,414,23,405,23,413,23,200015,23,200022,23,200021,23,200020,23,200023
63,5,2,4,23,27,5,24,3,23,20,23,181,23,172,23,177,23,167,23,167,23,433,23,432,23,413,23,418,23,412,23,19,23,18,23,18,23,17,23,18
64,5,2,4,28,33,2,28,2,28,18,28,171,28,169,28,170,28,175,28,168,28,417,28,405,28,406,28,425,28,404,28,200012,28,200021,28,200022,28,200021,28,200049
65,5,2,4,26,33,5,26,3,26,21,26,185,26,183,26,179,26,179,26,168,26,433,26,427,26,423,26,426,26,420,26,200014,26,200024,26,200023,26,200020,26,200022
66,5,2,8,542,542,6,542,3,542,25,542,242,542,218,542,215,542,208,542,213,542,408,542,418,542,409,542,403,542,482,542,200014,542,200021,542,200023,542,200020,542,200022
67,5,2,8,368,397,5,368,3,368,24,368,182,368,167,368,159,368,158,368,165,368,393,368,387,368,383,368,387,368,396,368,200013,368,200021,368,200019,368,200021,368,200019
68,5,2,8,379,384,6,379,3,379,25,379,186,379,181,379,177,379,167,379,168,379,417,379,445,379,419,379,420,379,420,379,200014,379,200021,379,200022,379,200021,379,200023
69,5,2,8,350,381,5,350,4,350,26,350,183,350,169,350,170,350,178,350,177,350,414,350,547,350,455,350,436,350,408,350,200013,350,200020,350,200020,350,200021,350,200020
70,5,2,8,628,842,6,628,3,632,25,628,195,628,172,628,169,628,175,628,166,628,415,628,415,628,418,628,424,628,411,628,200014,628,200021,628,200339,628,200021,628,200023
71,5,2,16,134634,145877,5,134634,4,134634,26,134634,186,134634,182,134634,174,134634,185,134634,172,134634,421,134634,426,134634,410,134634,499,134634,464,134634,200013,134634,200022,134634,200022,134634,200021,134634,200025
72,5,2,16,120936,120936,7,120936,5,120936,32,120936,185,120936,178,120936,171,120936,169,120936,181,120936,529,120936,436,120936,410,120936,398,120936,403,120936,200014,120936,200022,120936,200023,120936,200023,120936,200023
73,5,2,16,105696,153507,5,105696,3,105696,26,105696,186,105696,180,105696,168,105696,205,105696,173,105696,431,105696,403,105696,403,105696,408,105696,401,105696,200013,105696,200024,105696,200026,105696,200027,105696,200024
74,5,2,16,99580,99580,6,101613,3,99580,26,99580,181,99580,176,99580,178,99580,166,99580,189,99580,424,99580,410,99580,431,99580,412,99580,412,99580,19,99580,18,99580,18,99580,17,99580,18
75,5,2,16,155605,157308,3,155605,2,155605,22,155605,185,155605,167,155605,168,155605,168,155605,168,155605,420,155605,408,155605,405,155605,411,155605,435,155605,200014,155605,200021,155605,200021,155605,200021,155605,200022
76,5,2,32,10477054989,11257785093,6,10477054989,3,10477054989,26,10477054989,1288,10477054989,1151,10477054989,1146,10477054989,1139,10477054989,1141,10477054989,411,10477054989,424,10477054989,419,10477054989,409,10477054989,464,10477054989,200018,10477054989,200020,10477054989,200023,10477054989,200021,10477054989,200021
77,5,2,32,7772718306,8194053360,5,7772718306,4,7772718306,26,7772718306,1261,7772718306,1153,7772718306,1116,7772718306,1155,7772718306,1157,7772718306,413,7772718306,413,7772718306,407,7772718306,398,7772718306,421,7772718306,200020,7772718306,200022,7772718306,200021,7772718306,200022,7772718306,200022
78,5,2,32,8248848373,11329418510,6,8248848373,4,8248848373,26,8248848373,1162,8248848373,1191,8248848373,1129,8248848373,1150,8248848373,1125,8248848373,423,8248848373,402,8248848373,402,8248848373,398,8248848373,400,8248848373,200013,8248848373,200025,8248848373,200022,8248848373,200021,8248848373,200022
79,5,2,32,8317299676,8317299676,6,8317299676,4,8351731282,27,8317299676,1520,8317299676,1129,8317299676,1116,8317299676,1176,8317299676,1138,8317299676,419,8317299676,426,8317299676,410,8317299676,413,8317299676,442,8317299676,200018,8317299676,200020,8317299676,200021,8317299676,200021,8317299676,200022
80,5,2,32,8298766922,9000427395,5,8298766922,4,8301653929,26,8298766922,1195,8298766922,1158,8298766922,1123,8298766922,1129,8298766922,1156,8298766922,417,8298766922,422,8298766922,407,8298766922,408,8298766922,435,8298766922,200012,8298766922,200022,8298766922,200020,8298766922,200022,8298766922,200023
81,6,2,4,37,41,6,37,4,37,26,37,203,37,184,37,186,37,182,37,179,37,428,37,419,37,420,37,419,37,437,37,200014,37,200021,37,200024,37,200023,37,200024
82,6,2,4,41,41,6,41,4,41,25,41,216,41,191,41,183,41,188,41,181,41,454,41,444,41,500,41,443,41,436,41,200014,41,200022,41,200023,41,200021,41,200024
83,6,2,4,39,43,7,40,4,40,28,39,198,39,209,39,185,39,182,39,200,39,430,39,429,39,429,39,436,39,428,39,19,39,18,39,18,39,18,39,18
84,6,2,4,41,48,3,41,3,41,23,41,185,41,186,41,179,41,188,41,184,41,413,41,427,41,411,41,412,41,411,41,200014,41,200023,41,200026,41,200023,41,200023
85,6,2,4,29,40,6,29,4,29,23,29,215,29,193,29,228,29,185,29,181,29,429,29,437,29,415,29,420,29,415,29,200016,29,200021,29,200022,29,200034,29,200023
86,6,2,8,566,588,6,566,4,592,29,566,198,566,183,566,184,566,180,566,181,566,429,566,456,566,439,566,430,566,423,566,200014,566,200022,566,200024,566,200020,566,200021
87,6,2,8,556,556,6,596,4,556,30,556,198,556,186,556,180,556,180,556,339,556,430,556,432,556,424,556,432,556,439,556,20,556,21,556,19,556,19,556,19
88,6,2,8,521,673,3,521,3,522,26,521,193,521,191,521,188,521,191,521,192,521,426,521,417,521,408,521,407,521,411,521,200015,521,200025,521,200023,521,200022,521,201240
89,6,2,8,409,471,9,409,6,411,42,409,297,409,257,409,261,409,260,409,270,409,597,409,586,409,611,409,598,409,633,409,200022,409,200026,409,200023,409,200023,409,200022
90,6,2,8,399,399,5,399,4,399,29,399,199,399,185,399,183,399,194,399,186,399,426,399,415,399,424,399,432,399,420,399,200015,399,200023,399,200022,399,200026,399,200022
91,6,2,16,171232,211274,5,179656,4,171746,28,171232,198,171232,189,171232,185,171232,202,171232,181,171232,437,171232,428,171232,429,171232,442,171232,438,171232,19,171232,19,171232,18,171232,18,171232,18
92,6,2,16,98904,101046,3,98904,2,98904,26,98904,196,98904,184,98904,186,98904,213,98904,184,98904,420,98904,425,98904,415,98904,425,98904,421,98904,200013,98904,200031,98904,200025,98904,200022,98904,200023
93,6,2,16,186190,194854,6,186190,4,189207,29,186190,211,186190,188,186190,187,186190,193,186190,186,186190,443,186190,433,186190,437,186190,432,186190,431,186190,200014,186190,200023,186190,200024,186190,200021,186190,200022
94,6,2,16,166568,173984,6,166568,4,166568,29,166568,201,166568,181,166568,180,166568,179,166568,183,166568,419,166568,411,166568,426,166568,409,166568,414,166568,200013,166568,200097,166568,200024,166568,200023,166568,200026
95,6,2,16,113822,138938,6,113822,4,113822,29,113822,204,113822,183,113822,183,113822,183,113822,185,113822,422,113822,428,113822,426,113822,421,113822,418,113822,200015,113822,200022,113822,200021,113822,200022,113822,200022
96,6,2,32,10890298249,12933373305,6,10890298249,4,10890567595,29,10890298249,1227,10890298249,1194,10890298249,1224,10890298249,1200,10890298249,1197,10890298249,421,10890298249,432,10890298249,415,10890298249,425,10890298249,443,10890298249,200012,10890298249,200025,10890298249,200023,10890298249,200024,10890298249,200020
97,6,2,32,6769651210,7288705943,6,6769651210,4,6769651210,30,6769651210,1236,6769651210,1188,6769651210,1214,6769651210,1205,6769651210,1183,6769651210,413,6769651210,416,6769651210,418,6769651210,407,6769651210,409,6769651210,200013,6769651210,200022,6769651210,200024,6769651210,200022,6769651210,200024
98,6,2,32,7675363867,8476826102,6,7675363867,4,7675363867,28,7675363867,1148,7675363867,1113,7675363867,1138,7675363867,1153,7675363867,1125,7675363867,394,7675363867,403,7675363867,398,7675363867,390,7675363867,390,7675363867,200012,7675363867,200021,7675363867,200022,7675363867,200024,7675363867,200020
99,6,2,32,10754558113,11071105747,6,10754558113,4,11045398757,29,10754558113,1209,10754558113,1199,10754558113,1276,10754558113,1238,10754558113,1167,10754558113,460,10754558113,423,10754558113,428,10754558113,427,10754558113,420,10754558113,200013,10754558113,200021,10754558113,200032,10754558113,200026,10754558113,200022
100,6,2,32,7375172291,7375172291,6,7375172291,4,7375172291,30,7375172291,1260,7375172291,1195,7375172291,1209,7375172291,1239,7375172291,1193,7375172291,428,7375172291,434,7375172291,425,7375172291,421,7375172291,419,7375172291,200014,7375172291,200023,7375172291,200028,7375172291,200023,7375172291,200022
101,7,2,4,49,64,6,49,4,49,28,49,230,49,200,49,203,49,212,49,193,49,446,49,422,49,419,49,418,49,427,49,200013,49,200022,49,200022,49,200024,49,200030
102,7,2,4,53,70,6,53,4,53,29,53,212,53,210,53,212,53,201,53,196,53,431,53,432,53,422,53,431,53,422,53,200015,53,200023,53,200022,53,200023,53,200022
103,7,2,4,35,39,6,35,4,35,28,35,203,35,196,35,196,35,203,35,217,35,444,35,442,35,448,35,438,35,437,35,200015,35,200021,35,200028,35,200021,35,200021
104,7,2,4,33,41,6,33,4,33,28,33,212,33,204,33,195,33,197,33,197,33,430,33,435,33,429,33,434,33,429,33,200015,33,200033,33,200023,33,200022,33,200022
105,7,2,4,39,46,6,39,4,40,33,39,222,39,211,39,195,39,195,39,194,39,431,39,425,39,430,39,430,39,424,39,200013,39,200024,39,200021,39,200024,39,200021
106,7,2,8,450,454,6,450,5,453,55,450,212,450,195,450,202,450,204,450,195,450,536,450,434,450,439,450,421,450,430,450,200014,450,200022,450,200020,450,200022,450,200021
107,7,2,8,842,1042,7,842,4,844,31,842,220,842,208,842,195,842,208,842,196,842,438,842,428,842,425,842,420,842,425,842,200015,842,200024,842,200023,842,200023,842,200024
108,7,2,8,648,803,7,662,4,649,31,648,268,648,360,648,200,648,1103,648,200,648,443,648,429,648,470,648,559,648,572,648,21,648,19,648,19,648,19,648,22
109,7,2,8,622,792,3,622,3,623,30,622,208,622,199,622,205,622,194,622,199,622,434,622,425,622,423,622,425,622,427,622,200012,622,200022,622,200020,622,200023,622,200022
110,7,2,8,623,687,6,623,4,624,49,623,218,623,209,623,203,623,198,623,201,623,438,623,420,623,429,623,423,623,423,623,200014,623,200020,623,200023,623,200021,623,200023
111,7,2,16,223847,271210,6,223847,4,224472,32,223847,212,223847,197,223847,192,223847,193,223847,195,223847,430,223847,445,223847,422,223847,425,223847,437,223847,200014,223847,200023,223847,200022,223847,200023,223847,200022
112,7,2,16,166516,171143,6,166516,4,166925,32,166516,219,166516,205,166516,196,166516,200,166516,199,166516,446,166516,431,166516,447,166516,427,166516,473,166516,200014,166516,200022,166516,200025,166516,200023,166516,200025
113,7,2,16,226746,232823,6,227266,4,226975,32,226746,231,226746,207,226746,195,226746,363,226746,198,226746,430,226746,469,226746,437,226746,447,226746,453,226746,39,226746,34,226746,20,226746,19,226746,32
114,7,2,16,145410,146114,3,147838,3,146114,28,145410,209,145410,201,145410,366,145410,200,145410,192,145410,456,145410,461,145410,451,145410,452,145410,481,145410,20,145410,19,145410,19,145410,19,145410,19
115,7,2,16,185513,185552,3,192480,3,186355,27,185513,216,185513,230,185513,200,185513,368,185513,626,185513,432,185513,435,185513,449,185513,433,185513,431,185513,22,185513,19,185513,19,185513,19,185513,19
116,7,2,32,11850586581,14302556108,6,11850586581,4,12276026763,42,11850586581,1251,11850586581,1280,11850586581,1281,11850586581,1293,11850586581,1396,11850586581,430,11850586581,423,11850586581,433,11850586581,446,11850586581,421,11850586581,200020,11850586581,200025,11850586581,200024,11850586581,200027,11850586581,200025
117,7,2,32,12417088554,12684609120,6,12417088554,4,12454104394,32,12417088554,1283,12417088554,1311,12417088554,1329,12417088554,1315,12417088554,1331,12417088554,423,12417088554,436,12417088554,417,12417088554,429,12417088554,419,12417088554,200015,12417088554,200021,12417088554,200023,12417088554,200022,12417088554,200023
118,7,2,32,10457880559,11604148905,9,10630469147,5,10467562782,39,10457880559,1939,10457880559,1284,10457880559,1611,10457880559,1277,10457880559,1573,10457880559,643,10457880559,647,10457880559,563,10457880559,438,10457880559,517,10457880559,38,10457880559,19,10457880559,59,10457880559,29,10457880559,42
119,7,2,32,7894035975,9826592921,4,7910234656,3,7894035975,39,7894035975,1262,7894035975,1259,7894035975,1256,7894035975,2476,7894035975,1271,7894035975,485,7894035975,431,7894035975,449,7894035975,599,7910234656,423,7894035975,33,7894035975,28,7894035975,20,7894035975,21,7894035975,21
120,7,2,32,9700367019,10914188563,3,9700367019,3,9759631530,29,9700367019,1349,9700367019,1444,9700367019,1331,9700367019,1333,9700367019,1274,9700367019,429,9700367019,443,9700367019,425,9700367019,426,9700367019,430,9700367019,200015,9700367019,200022,9700367019,200021,9700367019,200021,9700367019,200022
121,8,2,4,44,45,7,44,5,44,30,44,273,44,213,44,209,44,209,44,210,44,449,44,455,44,448,44,801,44,457,44,200015,44,200022,44,200021,44,200023,44,200021
122,8,2,4,41,46,7,41,5,41,31,41,236,41,241,41,208,41,209,41,212,41,441,41,434,41,434,41,434,41,430,41,200013,41,200024,41,200022,41,200020,41,200022
123,8,2,4,61,63,6,65,5,61,31,61,224,61,210,61,210,61,217,61,209,62,441,62,439,62,435,62,426,62,445,61,21,61,20,61,20,61,19,61,19
124,8,2,4,32,38,3,33,3,32,27,32,219,32,221,32,216,32,210,32,208,32,452,32,444,32,473,32,448,32,472,32,21,32,20,32,19,32,24,32,19
125,8,2,4,32,34,4,32,4,32,27,32,227,32,213,32,209,32,217,32,294,32,460,32,435,32,464,32,462,32,434,32,200017,32,200024,32,200021,32,200022,32,200023
126,8,2,8,765,966,6,772,5,765,35,765,230,765,226,765,394,765,1012,765,1020,772,454,772,425,772,613,772,441,772,425,765,26,765,34,765,66,765,19,765,34
127,8,2,8,851,988,3,863,3,857,32,851,216,851,1754,851,409,851,394,851,678,851,457,851,502,851,441,851,482,851,444,851,29,851,23,851,23,863,200014,857,200023
128,8,2,8,724,746,6,735,5,733,34,724,230,724,213,724,215,724,208,724,208,724,471,724,603,724,431,724,450,724,429,724,72,724,28,724,80,724,41,724,21
129,8,2,8,568,711,4,570,3,568,32,568,224,568,387,568,211,568,215,568,386,568,499,568,444,568,446,568,503,568,438,568,84,568,156,568,179,568,34,568,96
130,8,2,8,722,861,4,722,3,727,32,722,238,722,219,722,215,722,219,722,233,722,442,722,448,722,429,722,425,722,464,722,200015,722,200023,722,200027,722,200023,722,200026
131,8,2,16,238406,239958,7,238417,4,239667,34,238406,228,238406,665,238406,998,238406,663,238406,214,238406,480,238406,444,238406,477,238406,455,238406,445,238406,40,238406,48,238406,185,238406,72,238406,25
132,8,2,16,194009,260491,3,194009,3,194644,32,194009,224,194009,246,194009,221,194009,216,194009,207,194009,431,194009,439,194009,433,194009,432,194009,424,194009,200016,194009,200022,194009,200022,194009,200023,194009,200024
133,8,2,16,241717,342012,7,241717,5,242255,34,241717,246,241717,214,241717,207,241717,212,241717,207,241717,445,241717,439,241717,442,241717,430,241717,437,241717,200016,241717,200023,241717,200022,241717,200021,241717,200024
134,8,2,16,214551,218216,6,216557,4,215833,34,214551,1036,214551,671,214551,212,214551,677,214551,389,214551,499,214551,459,214551,784,214551,451,214551,447,214551,89,214551,107,214551,46,214551,19,214551,52
135,8,2,16,204306,219297,3,204306,3,207581,32,204306,220,204306,245,204306,210,204306,221,204306,207,204306,455,204306,436,204306,433,204306,447,204306,441,204306,200013,204306,200025,204306,200023,204306,200023,204306,200027
136,8,2,32,9560544571,10112955527,6,9743073257,5,9601888743,34,9560544571,1415,9560544571,2124,9560544571,2737,9560544571,1316,9560544571,2297,9671683882,537,9671683882,575,9671683882,460,9671683882,532,9713028054,429,9560544571,23,9560544571,25,9560544571,22,9560544571,22,9560544571,20
137,8,2,32,10063138313,11474811838,4,10218411188,3,10063138313,33,10063138313,1961,10063138313,1320,10063138313,3244,10063138313,2349,10063138313,1625,10063138313,533,10063138313,482,10063138313,443,10063138313,485,10063138313,426,10063138313,24,10063138313,19,10063138313,19,10063138313,19,10063138313,18
138,8,2,32,10460532695,13990749737,3,10460532695,3,10460532695,33,10460532695,1330,10460532695,1337,10460532695,1341,10460532695,1320,10460532695,1325,10460532695,429,10460532695,441,10460532695,431,10460532695,443,10460532695,429,10460532695,200015,10460532695,200021,10460532695,200023,10460532695,200024,10460532695,200026
139,8,2,32,17123679280,17437476498,8,17737291125,6,17611399945,43,17123679280,2062,17123679280,1356,17123679280,1938,17123679280,1980,17123679280,2117,17123679280,615,17123679280,577,17123679280,458,17123679280,499,17123679280,463,17123679280,171,17123679280,357,17123679280,1100,17123679280,145,17123679280,215
140,8,2,32,12540090291,16146809735,4,12559462938,4,12540090291,33,12540090291,1371,12540090291,2317,12540090291,2071,12540090291,2003,12540090291,2287,12559462938,441,12559462938,430,12559462938,428,12559462938,427,12559462938,451,12540090291,46,12540090291,23,12540090291,19,12540090291,33,12540090291,51
141,9,2,4,66,77,4,66,4,66,35,66,280,66,228,66,233,66,227,66,220,66,438,66,439,66,444,66,440,66,474,66,200015,66,200025,66,200040,66,200023,66,200023
142,9,2,4,40,42,7,40,5,41,38,40,248,40,224,40,221,40,231,40,223,40,443,40,438,40,452,40,448,40,450,40,200014,40,200022,40,200023,40,200023,40,200021
143,9,2,4,40,47,7,40,5,40,33,40,251,40,226,40,226,40,230,40,219,40,460,40,453,40,442,40,458,40,447,40,200014,40,200024,40,200024,40,200023,40,200027
144,9,2,4,43,43,7,43,5,43,33,43,236,43,244,43,229,43,238,43,220,43,466,43,457,43,488,43,445,43,476,43,200015,43,200030,43,200025,43,200023,43,200024
145,9,2,4,67,79,7,67,5,67,37,67,255,67,284,67,301,67,307,67,292,67,461,67,437,67,443,67,444,67,483,67,200016,67,200024,67,200023,67,200023,67,200022
146,9,2,8,1038,1199,7,1044,5,1045,36,1038,437,1038,767,1038,1045,1038,251,1038,227,1038,566,1038,491,1038,479,1038,481,1038,506,1038,53,1039,200014,1039,200023,1038,51,1038,218
147,9,2,8,815,837,4,818,4,820,38,815,435,815,231,815,236,815,787,815,223,818,446,818,444,818,458,818,461,818,446,815,121,815,30,815,165,815,22,815,34
148,9,2,8,989,1284,4,990,5,993,41,989,246,989,241,989,238,989,229,989,422,989,525,989,494,989,466,990,445,990,441,989,408,989,382,989,69,989,190,989,43
149,9,2,8,1010,1134,4,1012,4,1014,35,1010,415,1010,780,1010,225,1010,246,1010,220,1010,437,1010,454,1010,437,1010,487,1010,499,1010,22,1010,23,1012,200013,1010,44,1010,32
150,9,2,8,842,1104,4,842,4,845,37,842,247,842,230,842,225,842,237,842,268,842,446,842,434,842,431,842,440,842,444,842,200021,842,200022,842,200028,842,200025,842,200024
151,9,2,16,239870,277880,7,249069,5,240152,38,239870,243,239870,725,239870,431,239870,743,239870,413,239929,491,239929,448,239929,481,239929,593,239929,447,239870,60,239870,35,239870,218,239870,20,239870,25
152,9,2,16,207397,213940,4,208054,4,207592,34,207397,752,207397,422,207397,1066,207397,224,207397,226,207592,476,207397,573,207592,478,207592,464,207592,447,207397,32,207397,32,207397,35,207397,28,207397,25
153,9,2,16,191436,197195,4,191436,4,192766,34,191436,246,191436,222,191436,228,191436,222,191436,233,191436,500,191436,474,191436,452,191436,494,191436,539,191436,200016,191436,200023,191436,200024,191436,200022,191436,200022
154,9,2,16,161086,168050,7,161086,5,162128,37,161086,260,161086,233,161086,225,161086,221,161086,222,161086,453,161086,435,161086,443,161086,432,161086,441,161086,200015,161086,200024,161086,200025,161086,200022,161086,200024
155,9,2,16,198619,214648,7,198619,5,200078,37,198619,249,198619,229,198619,342,198619,293,198619,253,198619,447,198619,450,198619,453,198619,458,198619,440,198619,200015,198619,200023,198619,200022,198619,200024,198619,200021
156,9,2,32,17810857776,20048717883,7,17833961885,5,17811241826,34,17810857776,2329,17810857776,1627,17810857776,1648,17810857776,2350,17810857776,1568,17810857776,430,17810857776,410,17810857776,440,17810857776,425,17810857776,424,17810857776,23,17810857776,19,17810857776,18,17810857776,20,17810857776,19
157,9,2,32,18758403197,23317655947,4,18871814994,4,18790982112,33,18758403197,1337,18758403197,1318,18758403197,2305,18758403197,2243,18758403197,1336,18758403197,708,18758403197,440,18758403197,504,18758403197,490,18758403197,502,18790982112,200015,18758403197,134,18790982112,200016,18758403197,45,18758403197,30
158,9,2,32,10514309968,10602053156,7,10514309968,6,10595209563,45,10514309968,1590,10514309968,1402,10514309968,1391,10514309968,1511,10514309968,1493,10514309968,569,10514309968,541,10514309968,471,10514309968,480,10514309968,779,10514309968,200015,10514309968,200024,10514309968,200025,10514309968,200023,10514309968,200027
159,9,2,32,10586459910,12413067675,7,10586459910,5,10632536328,44,10586459910,1425,10586459910,1396,10586459910,1426,10586459910,1411,10586459910,1490,10586459910,429,10586459910,429,10586459910,429,10586459910,432,10586459910,436,10586459910,200016,10586459910,200023,10586459910,200024,10586459910,200026,10586459910,200022
160,9,2,32,17899559858,18088763818,7,17899559858,5,18025040525,37,17899559858,1420,17899559858,1473,17899559858,1414,17899559858,1398,17899559858,1393,17899559858,442,17899559858,437,17899559858,439,17899559858,447,17899559858,466,17899559858,200016,17899559858,200024,17899559858,200023,17899559858,200022,17899559858,200023
161,10,2,4,55,62,7,55,6,55,36,55,251,55,249,55,239,55,250,55,234,55,479,55,466,55,449,55,451,55,450,55,200017,55,200023,55,200023,55,200024,55,200024
162,10,2,4,40,41,7,40,6,40,36,40,251,40,243,40,238,40,232,40,233,40,459,40,472,40,460,40,459,40,451,40,200013,40,200022,40,200025,40,200026,40,200025
163,10,2,4,45,46,7,45,6,45,37,45,275,45,244,45,234,45,232,45,234,45,456,45,473,45,454,45,462,45,452,45,201561,45,200038,45,200025,45,200023,45,200025
164,10,2,4,47,53,8,47,6,47,36,47,273,47,237,47,257,47,233,47,230,47,455,47,470,47,443,47,445,47,444,47,200016,47,200023,47,200023,47,200023,47,200032
165,10,2,4,62,77,7,62,6,62,36,62,251,62,245,62,260,62,245,62,237,62,459,62,462,62,471,62,462,62,550,62,200016,62,200027,62,200023,62,200025,62,200029
166,10,2,8,1027,1178,7,1027,6,1031,56,1027,255,1027,242,1027,236,1027,235,1027,235,1027,450,1027,443,1027,435,1027,467,1027,444,1027,200015,1027,200023,1027,200023,1027,200025,1027,200024
167,10,2,8,1225,1439,7,1247,6,1240,40,1225,305,1225,528,1225,662,1225,281,1227,1449,1225,541,1225,478,1225,484,1225,488,1225,644,1225,25,1225,21,1225,58,1225,21,1225,22
168,10,2,8,1236,1237,4,1236,4,1245,37,1236,268,1236,238,1236,240,1236,234,1236,248,1236,452,1236,461,1236,461,1236,459,1236,493,1236,200014,1236,200023,1236,200021,1236,200023,1236,200023
169,10,2,8,876,943,7,876,6,893,40,876,264,876,242,876,241,876,234,876,233,876,454,876,466,876,447,876,454,876,451,876,200016,876,200028,876,200023,876,200030,876,200025
170,10,2,8,702,988,7,702,6,707,42,702,253,702,247,702,251,702,251,702,233,702,444,702,448,702,442,702,448,702,446,702,200034,702,200023,702,200024,702,200027,702,200036
171,10,2,16,169675,169711,7,169675,5,170992,39,169675,264,169675,240,169675,262,169675,235,169675,234,169675,464,169675,461,169675,449,169675,450,169675,462,169675,200019,169675,200026,169675,200023,169675,200028,169675,200024
172,10,2,16,180165,203267,8,185012,6,181182,40,180165,1127,180165,821,180165,1083,180165,239,180165,245,180186,510,180186,578,180186,515,180186,464,180186,450,180165,23,180165,20,180165,21,180165,20,180165,21
173,10,2,16,184573,205997,4,185452,4,184950,37,184573,1265,184573,242,184573,760,184573,246,184573,444,184573,471,184573,708,184573,453,184573,455,184573,737,184573,23,184573,21,184573,79,184573,20,184573,21
174,10,2,16,279899,280783,4,279899,4,281616,38,279899,346,279899,241,279899,262,279899,238,279899,241,279899,456,279899,440,279899,456,279899,444,279899,452,279899,200014,279899,200026,279899,200026,279899,200024,279899,200023
175,10,2,16,295592,319859,7,295780,5,297397,42,295592,1570,295780,1464,295592,236,295592,1446,295592,459,295780,464,295780,462,295780,437,295780,458,295780,452,295592,26,295592,57,295592,180,295592,41,295592,43
176,10,2,32,17804298856,21844705438,4,17943983148,4,17869987576,37,17804298856,1537,17804298856,2160,17804298856,2191,17804298856,2890,17804298856,1829,17804298856,664,17804298856,486,17804298856,536,17804298856,543,17804298856,462,17804298856,25,17804298856,25,17804298856,22,17804298856,21,17804298856,21
177,10,2,32,14556549921,16971421154,4,14556549921,4,14808411485,38,14556549921,1542,14556549921,1459,14556549921,1483,14556549921,1627,14556549921,1566,14556549921,456,14556549921,460,14556549921,450,14556549921,468,14556549921,451,14556549921,200018,14556549921,200023,14556549921,200023,14556549921,200023,14556549921,200026
178,10,2,32,15058628891,15355584657,8,15262459480,6,15142664015,40,15058628891,1619,15058628891,1847,15058628891,2220,15058628891,1455,15058628891,1521,15151754068,447,15151754068,485,15151754068,460,15151754068,585,15151754068,528,15058628891,51,15058628891,34,15058628891,39,15058628891,41,15058628891,45
179,10,2,32,18064347686,22564125034,4,18294439947,4,18174247061,38,18064347686,1865,18155727930,1464,18064347686,2859,18064347686,3245,18064347686,2172,18064347686,609,18064347686,588,18064347686,527,18064347686,550,18064347686,493,18064347686,26,18064347686,21,18064347686,20,18064347686,22,18064347686,22
180,10,2,32,20350789367,23458760098,4,20413421294,4,20488347593,38,20350789367,2132,20350789367,1494,20350789367,2867,20350789367,1470,20350789367,2274,20365620083,546,20365620083,525,20365620083,497,20365620083,467,20365620083,596,20350789367,36,20350789367,59,20350789367,120,20350789367,299,20350789367,51
181,11,2,4,62,65,7,62,6,62,46,62,340,62,255,62,261,62,245,62,245,62,477,62,485,62,468,62,477,62,531,62,200015,62,200022,62,200024,62,200023,62,200023
182,11,2,4,79,79,7,79,6,79,50,79,270,79,256,79,248,79,252,79,258,79,461,79,460,79,474,79,458,79,461,79,200014,79,200023,79,200024,79,200023,79,200024
183,11,2,4,77,85,7,77,6,77,41,77,262,77,259,77,244,77,243,77,243,77,510,77,483,77,483,77,488,77,483,77,200015,77,200031,77,200025,77,200024,77,200026
184,11,2,4,54,64,7,54,5,54,37,54,262,54,248,54,245,54,245,54,245,54,470,54,462,54,468,54,488,54,459,54,200019,54,200027,54,200025,54,200024,54,200273
185,11,2,4,75,77,7,75,5,75,65,75,302,75,327,75,307,75,308,75,358,75,483,75,466,75,461,75,468,75,462,75,200019,75,200041,75,200025,75,200023,75,200027
186,11,2,8,1063,1141,7,1066,6,1067,42,1063,478,1063,280,1063,1179,1063,457,1063,243,1065,552,1063,553,1063,447,1063,503,1063,478,1063,71,1063,86,1063,38,1063,28,1063,59
187,11,2,8,1211,1211,4,1211,4,1220,47,1211,259,1211,264,1211,255,1211,248,1211,291,1211,459,1211,463,1211,472,1211,464,1211,495,1211,200026,1211,200028,1211,200027,1211,200023,1211,200027
188,11,2,8,1058,1078,7,1074,6,1066,42,1058,2757,1058,1153,1059,3019,1058,248,1059,1977,1064,463,1064,489,1064,489,1065,543,1064,514,1058,31,1058,131,1058,266,1058,120,1058,89
189,11,2,8,816,850,5,818,5,819,41,817,1519,816,2360,816,259,816,249,816,1680,816,725,818,470,818,451,816,683,816,483,816,153,816,36,816,21,816,21,816,20
190,11,2,8,1060,1263,4,1065,13,1065,40,1060,275,1060,1181,1060,251,1060,1172,1060,893,1064,612,1064,557,1060,1142,1060,584,1060,738,1060,26,1060,42,1060,57,1060,45,1060,77
191,11,2,16,254095,318187,4,254111,5,256041,40,254095,1214,254095,776,254095,858,254095,266,254095,774,254111,470,254111,468,254111,469,254111,456,254111,458,254095,118,254095,42,254095,32,254095,202,254095,203
192,11,2,16,319913,327778,6,321865,6,322407,51,319913,266,319913,3283,319913,270,319913,1921,319913,536,319913,615,320238,545,319913,459,320238,602,319913,464,319913,25,319913,22,319913,21,319913,24,319913,21
193,11,2,16,326496,392416,5,326676,5,329034,41,326496,794,326496,1173,326496,474,326676,1514,326496,518,326496,654,326496,655,326496,494,326496,590,326496,543,326496,47,326496,161,326496,109,326496,71,326496,85
194,11,2,16,347559,394353,5,349544,5,348693,40,347559,1235,348115,2342,348555,2417,347559,249,348555,3340,348988,462,347559,508,347559,467,348988,463,348988,617,347559,69,347559,181,347559,163,347559,337,347559,26
195,11,2,16,356486,399506,4,356498,4,359187,41,356498,1632,356498,1533,356486,1549,356486,792,356486,778,356498,465,356498,471,356498,718,356498,467,356498,460,356486,242,356486,44,356486,65,356486,120,356486,508
196,11,2,32,13904791009,15253526335,5,13941988974,5,13994690375,39,13904791009,1881,13904791009,2298,13910097353,2291,13904791009,2676,13904791009,1509,13912244907,716,13904791009,529,13904791009,617,13904791009,855,13904791009,535,13904791009,179,13904791009,41,13904791009,51,13904791009,322,13904791009,96
197,11,2,32,12644324117,13378409050,9,12646956528,7,12829191718,51,12644324117,2841,12644324117,1972,12646956528,1520,12646956528,1570,12646956528,1510,12646956528,568,12644324117,632,12644324117,640,12646956528,467,12644324117,928,12644324117,37,12644324117,31,12644324117,44,12644324117,62,12644324117,105
198,11,2,32,14255104229,14462683812,4,14293825900,4,14357501324,40,14255104229,2313,14255104229,3015,14293825900,1965,14255104229,2586,14255104229,1957,14257240301,529,14255104229,510,14255104229,474,14255104229,557,14255104229,500,14279319174,200016,14255104229,79,14255104229,255,14291689828,200016,14255104229,130
199,11,2,32,18935848760,19742069750,5,18935848760,5,19079861069,42,18935848760,1551,18935848760,1547,18935848760,1531,18935848760,1607,18935848760,1532,18935848760,450,18935848760,511,18935848760,449,18935848760,454,18935848760,494,18935848760,200016,18935848760,200023,18935848760,200026,18935848760,200027,18935848760,200026
200,11,2,32,14404374443,15870622530,7,14407964801,6,14429180941,42,14407964801,1561,14404374443,3685,14407964801,1549,14404374443,3097,14407964801,2191,14407964801,457,14407964801,468,14407964801,440,14407964801,458,14407964801,446,14404374443,262,14404374443,32,14404374443,73,14404374443,199,14404374443,21
201,12,2,4,69,70,4,69,5,69,43,69,296,69,271,69,255,69,272,69,265,69,536,69,501,69,518,69,480,69,498,69,200014,69,200026,69,200024,69,200024,69,200030
202,12,2,4,77,77,8,77,7,77,46,77,279,77,257,77,262,77,270,77,258,77,489,77,491,77,496,77,884,77,511,77,200016,77,200024,77,200024,77,200026,77,200024
203,12,2,4,82,82,8,82,6,82,44,82,290,82,302,82,267,82,262,82,259,82,471,82,494,82,463,82,462,82,464,82,200016,82,200024,82,200022,82,200025,82,200028
204,12,2,4,74,78,7,74,6,74,44,74,278,74,268,74,255,74,268,74,266,74,480,74,512,74,476,74,473,74,474,74,200015,74,200024,74,200024,74,200026,74,200024
205,12,2,4,72,75,8,73,6,72,44,72,289,72,261,72,261,72,256,72,258,72,471,72,476,72,458,72,462,72,462,72,22,72,21,72,24,72,22,72,21
206,12,2,8,1366,1531,4,1366,5,1375,41,1366,267,1366,263,1366,270,1366,282,1366,260,1366,474,1366,459,1366,472,1366,464,1366,480,1366,200017,1366,200024,1366,200024,1366,200027,1366,200024
207,12,2,8,908,980,7,917,6,919,45,908,2414,908,265,908,465,908,464,908,263,909,629,909,483,909,596,909,620,909,646,908,968,908,24,908,114,908,757,908,126
208,12,2,8,1220,1270,4,1220,5,1229,42,1220,268,1220,269,1220,269,1220,255,1220,261,1220,486,1220,475,1220,450,1220,464,1220,454,1220,200016,1220,200026,1220,200024,1220,200023,1220,200025
209,12,2,8,1041,1097,8,1041,7,1047,44,1041,288,1041,257,1041,267,1041,264,1041,265,1041,486,1041,463,1041,465,1041,469,1041,454,1041,200015,1041,200023,1041,200024,1041,200024,1041,200024
210,12,2,8,944,1316,8,944,6,951,43,944,287,944,266,944,264,944,257,944,256,944,475,944,465,944,498,944,456,944,470,944,200016,944,200024,944,200025,944,200026,944,200024
211,12,2,16,250014,287355,8,250209,6,251791,43,250014,1250,250014,268,250014,1615,250014,2795,250014,3607,250014,607,250014,502,250014,719,250014,973,250014,669,250014,172,250014,22,250014,170,250014,209,250014,21
212,12,2,16,335197,397156,5,335522,5,337603,42,335197,2112,335197,2425,335197,1185,335324,2730,335197,1617,335522,545,335522,466,335522,570,335522,490,335522,464,335197,36,335197,61,335197,37,335197,24,335197,29
213,12,2,16,284275,334720,4,295214,5,285909,42,284342,1578,284275,277,284275,3622,284342,3194,284275,1160,286171,555,284906,470,285831,658,285831,509,289244,588,284275,585,284275,165,284275,120,284275,63,284275,112
214,12,2,16,283013,291430,5,283013,5,285224,42,283013,261,283013,336,283013,330,283013,334,283013,283,283013,481,283013,464,283013,470,283013,470,283013,480,283013,200014,283013,200024,283013,200025,283013,200022,283013,200023
215,12,2,16,359753,395109,7,359772,6,362476,44,359753,1639,359753,533,359772,1557,359753,480,359753,1612,359772,456,359772,457,359772,462,359772,462,359772,450,359753,55,359753,108,359753,46,359753,276,359753,25
216,12,2,32,18019292836,18102730023,4,18042091670,5,18117782651,41,18020481759,1943,18020481759,3542,18019292836,2825,18019292836,3395,18020481759,3594,18020481759,616,18019292836,707,18019292836,646,18019292836,660,18019292836,627,18019292836,385,18019292836,50,18019292836,95,18019292836,169,18019292836,55
217,12,2,32,24413432597,24831190910,4,24443647057,5,24425166316,42,24413432597,2006,24413432597,3966,24413432597,2800,24413432597,4524,24414742135,1616,24414742135,751,24414742135,533,24414742135,766,24414742135,712,24414742135,786,24413432597,26,24413432597,23,24413432597,22,24413432597,22,24413432597,22
218,12,2,32,23520410311,23872937106,5,23700555201,5,23692879283,43,23520410311,1569,23522998946,2350,23520410311,2355,23522998946,2660,23520410311,4165,23615626050,476,23615626050,588,23621156380,694,23579234665,476,23522998946,549,23597663544,200018,23522998946,200025,23522998946,200024,23520410311,193,23597663544,200015
219,12,2,32,23455425326,31437357466,8,23455425326,6,23500054755,44,23455425326,1638,23455425326,1623,23455425326,1559,23455425326,1623,23455425326,1666,23455425326,463,23455425326,468,23455425326,464,23455425326,451,23455425326,448,23455425326,200020,23455425326,200024,23455425326,200022,23455425326,200025,23455425326,200024
220,12,2,32,15731471492,17952275128,8,15768868205,6,15827272624,43,15752415688,1949,15731471492,3514,15731471492,2921,15768868205,1837,15731471492,2667,15752415688,546,15768868205,464,15752415688,464,15752415688,547,15752415688,473,15731471492,60,15731471492,137,15731471492,22,15731471492,186,15731471492,67
221,13,2,4,84,85,5,84,5,84,46,84,277,84,271,84,266,84,317,84,270,84,491,84,475,84,539,84,481,84,513,84,200015,84,200024,84,200024,84,200026,84,200024
222,13,2,4,59,67,8,59,6,59,41,59,283,59,275,59,279,59,268,59,278,59,471,59,476,59,471,59,472,59,474,59,200020,59,200021,59,200025,59,200024,59,200023
223,13,2,4,76,94,8,76,7,76,48,76,295,76,274,76,270,76,280,76,269,76,478,76,476,76,478,76,482,76,481,76,200016,76,200025,76,200023,76,200024,76,200027
224,13,2,4,74,86,8,74,7,74,47,74,300,74,273,74,271,74,283,74,290,74,503,74,476,74,488,74,500,74,476,74,200031,74,200028,74,200027,74,200026,74,200025
225,13,2,4,53,55,8,53,6,53,41,53,305,53,283,53,269,53,270,53,272,53,478,53,481,53,483,53,490,53,465,53,200017,53,200024,53,200024,53,200026,53,200026
226,13,2,8,1629,1656,8,1636,7,1634,48,1630,2043,1630,2040,1629,498,1629,2037,1630,1812,1630,728,1630,751,1630,534,1630,585,1630,472,1629,28,1629,23,1629,22,1629,22,1629,22
227,13,2,8,1201,1225,5,1213,5,1209,46,1201,286,1201,1726,1202,2921,1201,293,1203,3823,1204,511,1203,490,1203,487,1204,576,1203,588,1201,30,1201,26,1201,39,1201,24,1201,24
228,13,2,8,855,1058,5,856,5,861,46,855,1635,855,1650,856,1713,855,1258,856,1849,856,471,856,466,856,465,856,474,856,474,855,76,855,85,855,207,855,206,855,114
229,13,2,8,1323,1587,5,1328,5,1332,55,1325,1933,1325,3668,1323,2873,1328,1672,1324,5993,1328,480,1328,458,1328,583,1328,472,1328,461,1323,229,1323,50,1328,200017,1323,44,1328,200016
230,13,2,8,1435,1468,8,1457,7,1439,46,1435,2854,1435,276,1435,854,1435,2040,1436,1723,1436,507,1436,566,1436,585,1436,602,1436,616,1435,255,1435,144,1435,79,1435,39,1435,158
231,13,2,16,396048,396366,5,396166,6,399080,45,396166,1680,396048,1667,396166,1780,396048,359,396048,1693,396166,500,396166,463,396166,466,396166,466,396166,463,396048,40,396048,154,396048,57,396048,89,396048,231
232,13,2,16,328265,422262,5,328318,6,330410,47,328318,1705,328318,1702,328318,1766,328318,1614,328265,1250,328318,470,328318,475,328318,484,328318,467,328318,474,328265,181,328265,294,328265,459,328265,46,328265,49
233,13,2,16,321570,328888,5,321986,5,323975,44,321570,3668,321596,2108,321652,3260,321570,2028,321596,6858,321596,515,321652,715,321596,491,321596,634,321652,863,321570,425,321570,108,321570,36,321570,127,321570,132
234,13,2,16,266663,293861,6,267205,5,268153,46,266663,2831,266663,1264,266730,6646,266779,2871,266779,4243,266779,515,266663,549,266849,590,266846,547,266663,624,266663,6436,266663,3139,266663,1888,266663,579,266663,1565
235,13,2,16,257848,262062,10,257861,8,259842,58,257860,2554,257848,878,257848,3184,257848,2062,257848,3216,257850,767,257848,599,257848,1114,257860,556,257850,761,257848,658,257848,22,257848,116,257848,193,257848,106
236,13,2,32,14092125204,14408902700,5,14100085332,5,14201494915,52,14092175191,6470,14092125204,2917,14092125204,3617,14092291905,3219,14092175191,3660,14092125204,582,14092197405,742,14092265016,921,14092265016,509,14092125204,502,14092125204,29,14092125204,82,14092125204,324,14092125204,32,14092125204,258
237,13,2,32,18716486986,23012603823,7,18719544738,6,18853811582,47,18717885273,4583,18716486986,3713,18716486986,2592,18717885273,3064,18719544738,1637,18717373072,591,18717373072,971,18717373072,725,18717373072,684,18717373072,693,18716486986,90,18716486986,35,18716486986,213,18716486986,57,18716486986,75
238,13,2,32,14149424045,17720023743,5,14160075355,6,14258573507,46,14152973765,2508,14149424045,4848,14155072857,1654,14149424045,2696,14149424045,2914,14151506887,587,14151506887,714,14151506887,625,14151506887,683,14151506887,584,14149424045,90,14149424045,109,14149424045,32,14149424045,29,14149424045,54
239,13,2,32,23740961075,24284067018,5,23807530356,5,23833136151,46,23740961075,8012,23740961075,3937,23742775020,3304,23740961075,3697,23740961075,5333,23792853362,600,23792853362,514,23792853362,544,23792853362,526,23792853362,688,23740961075,118,23740961075,32,23740961075,29,23740961075,83,23740961075,70
240,13,2,32,25530356204,30662453959,5,25530356204,5,25909557189,50,25530356204,1951,25530356204,1779,25530356204,1805,25530356204,1690,25530356204,1755,25530356204,476,25530356204,480,25530356204,471,25530356204,468,25530356204,473,25530356204,200015,25530356204,200027,25530356204,200028,25530356204,200024,25530356204,200027
241,14,2,4,75,79,8,75,7,75,49,75,322,75,292,75,302,75,327,75,284,75,485,75,487,75,484,75,480,75,476,75,200016,75,200026,75,200025,75,200027,75,200023
242,14,2,4,102,137,8,102,7,102,50,102,305,102,288,102,312,102,298,102,282,102,504,102,491,102,501,102,497,102,496,102,200018,102,200027,102,200025,102,200025,102,200024
243,14,2,4,56,56,8,56,6,56,43,56,308,56,299,56,296,56,296,56,283,56,533,56,488,56,489,56,487,56,487,56,200018,56,200025,56,200027,56,200025,56,200024
244,14,2,4,80,80,8,80,7,80,49,80,302,80,298,80,282,80,315,80,290,80,497,80,487,80,489,80,492,80,485,80,200019,80,200025,80,200026,80,200025,80,200026
245,14,2,4,72,75,8,72,7,72,48,72,315,72,302,72,287,72,298,72,290,72,484,72,490,72,482,72,489,72,476,72,200024,72,200028,72,200024,72,200025,72,200025
246,14,2,8,1187,1201,8,1188,7,1195,50,1187,899,1187,294,1187,1790,1187,296,1187,283,1187,532,1187,487,1187,613,1187,530,1187,544,1187,24,1187,25,1187,22,1187,22,1187,22
247,14,2,8,970,1086,5,970,6,975,47,970,297,970,300,970,292,970,285,970,287,970,477,970,488,970,488,970,481,970,478,970,200017,970,200033,970,200027,970,200025,970,200023
248,14,2,8,1585,1694,8,1585,7,1597,48,1585,308,1585,296,1585,281,1585,281,1585,308,1585,498,1585,490,1585,485,1585,491,1585,493,1585,200017,1585,200031,1585,200030,1585,200026,1585,200025
249,14,2,8,1407,1409,8,1407,6,1417,50,1407,318,1407,292,1407,298,1407,306,1407,283,1407,490,1407,483,1407,496,1407,484,1407,479,1407,200016,1407,200027,1407,200023,1407,200031,1407,200030
250,14,2,8,939,1045,8,940,7,945,49,940,2075,940,2124,939,1375,939,1373,940,1868,940,482,940,488,940,484,939,895,939,753,939,77,939,33,939,23,940,200017,939,73
251,14,2,16,257848,264778,5,257860,6,259112,50,257860,1739,257860,1750,257860,1775,257860,1856,257860,1762,257860,485,257860,476,257860,483,257860,495,257860,502,257848,571,257848,1390,257848,1071,257848,83,257848,663
252,14,2,16,381402,454384,6,388741,6,384159,47,381466,3896,381418,1751,381482,1733,381454,1811,381402,2971,383836,542,383836,584,383836,569,385638,614,383836,657,381402,210,381402,114,381402,283,381402,56,381402,82
253,14,2,16,400776,438545,6,407034,6,403594,47,400776,3595,400793,2219,400793,4991,400776,536,400802,5961,407034,497,407034,464,407034,483,407034,472,407034,467,400776,97,400776,461,400776,57,400776,111,400776,259
254,14,2,16,324379,366484,5,324379,5,326419,48,324379,317,324379,287,324379,326,324379,297,324379,335,324379,484,324379,471,324379,511,324379,476,324379,479,324379,200016,324379,200028,324379,200025,324379,200026,324379,200024
255,14,2,16,448912,460324,9,448912,7,451502,55,448912,321,448912,300,448912,300,448912,286,448912,286,448912,485,448912,494,448912,525,448912,479,448912,484,448912,200017,448912,200027,448912,200029,448912,200027,448912,200023
256,14,2,32,20629926969,21527495082,8,20630968007,7,20788927689,49,20629926969,1799,20630968007,1728,20630278989,3936,20630278989,2698,20630968007,1773,20630968007,489,20630264763,676,20630968007,479,20630278989,552,20630968007,490,20629926969,924,20629926969,519,20629926969,800,20629926969,153,20629926969,1013
257,14,2,32,29932691719,30690431489,6,29932691719,6,30162849190,48,29932691719,1722,29932691719,1746,29932691719,1779,29932691719,1791,29932691719,1822,29932691719,479,29932691719,502,29932691719,500,29932691719,478,29932691719,510,29932691719,200019,29932691719,200026,29932691719,200025,29932691719,200024,29932691719,200026
258,14,2,32,22572307233,23607897717,8,22587257992,7,22745290396,49,22587257992,1772,22576080920,3117,22578074353,4259,22587257992,1875,22587257992,1924,22582730895,760,22574300666,528,22587257992,472,22576080920,711,22574300666,534,22572307233,153,22572307233,113,22572307233,27,22572307233,207,22587257992,200015
259,14,2,32,17549303733,20300094418,9,17571264503,7,17640514901,49,17554675688,1766,17552315418,4223,17552315418,4302,17549303733,3920,17549303733,4785,17571264503,486,17556761550,698,17556761550,899,17556761550,888,17559121820,769,17549303733,329,17549303733,418,17549303733,41,17549303733,240,17549303733,30
260,14,2,32,19139394818,20546772234,5,19139394818,5,19277628295,48,19139394818,1834,19139394818,1883,19139394818,1750,19139394818,1739,19139394818,1749,19139394818,502,19139394818,479,19139394818,487,19139394818,473,19139394818,481,19139394818,200019,19139394818,200030,19139394818,200025,19139394818,200027,19139394818,200028
261,15,2,4,95,100,8,95,8,95,51,95,314,95,314,95,293,95,296,95,300,95,514,95,515,95,495,95,494,95,506,95,200017,95,200027,95,200027,95,200025,95,200024
262,15,2,4,83,83,9,83,7,83,51,83,331,83,309,83,293,83,297,83,303,83,539,83,516,83,524,83,507,83,523,83,200021,83,200028,83,200027,83,200027,83,200027
263,15,2,4,64,64,9,64,7,64,52,64,335,64,299,64,294,64,294,64,327,64,522,64,497,64,487,64,487,64,497,64,200030,64,200026,64,200026,64,200025,64,200031
264,15,2,4,119,122,8,119,7,119,51,119,325,119,328,119,322,119,298,119,304,119,495,119,502,119,487,119,484,119,489,119,200017,119,200024,119,200025,119,200025,119,200025
265,15,2,4,97,100,9,97,7,97,51,97,323,97,298,97,290,97,304,97,293,97,515,97,513,97,503,97,502,97,505,97,200014,97,200027,97,200026,97,200024,97,200027
266,15,2,8,1799,2178,9,1799,7,1813,52,1799,323,1799,305,1799,316,1799,301,1799,308,1799,508,1799,499,1799,489,1799,488,1799,488,1799,200015,1799,200028,1799,200029,1799,200028,1799,200026
267,15,2,8,1124,1178,9,1124,8,1132,53,1124,331,1124,319,1124,302,1124,299,1124,296,1124,493,1124,499,1124,489,1124,488,1124,487,1124,200018,1124,200023,1124,200026,1124,200029,1124,200028
268,15,2,8,1427,1429,8,1427,7,1449,53,1427,337,1427,304,1427,303,1427,296,1427,309,1427,495,1427,478,1427,483,1427,478,1427,493,1427,200019,1427,200029,1427,200028,1427,200025,1427,200034
269,15,2,8,1302,1469,9,1303,7,1311,52,1303,1782,1303,1786,1302,967,1303,1816,1303,2044,1303,492,1302,649,1303,477,1302,676,1302,520,1302,152,1302,96,1302,240,1302,67,1302,437
270,15,2,8,1459,1531,5,1480,6,1470,51,1461,3580,1460,3924,1459,937,1459,958,1460,2256,1480,483,1469,582,1469,529,1480,487,1464,495,1459,154,1459,173,1459,124,1459,53,1459,62
271,15,2,16,257150,264496,5,257350,6,258096,49,257151,7129,257151,6885,257151,3558,257150,4398,257150,639,257258,502,257258,743,257258,900,257258,795,257258,532,257150,135,257150,162,257150,65,257150,40,257150,192
272,15,2,16,325336,356399,6,325578,7,326399,51,325452,2720,325336,1793,325431,3050,325452,3546,325578,1843,325578,505,325336,685,325336,758,325378,493,325542,667,325336,332,325336,800,325336,904,325336,2605,325336,34
273,15,2,16,480266,487059,9,480282,7,483258,49,480270,1864,480266,2256,480282,1806,480266,589,480267,4733,480270,571,480274,878,480270,825,480270,998,480270,733,480266,70,480266,72,480266,42,480266,78,480266,50
274,15,2,16,485153,485542,5,485153,6,488939,50,485153,307,485153,315,485153,352,485153,346,485153,298,485153,492,485153,505,485153,591,485153,491,485153,488,485153,200016,485153,200026,485153,200026,485153,200024,485153,200026
275,15,2,16,402348,410756,9,402363,7,405281,52,402363,1957,402363,1768,402362,2712,402363,1952,402348,298,402348,759,402363,513,402363,512,402363,496,402363,495,402348,169,402348,730,402348,752,402348,393,402348,291
276,15,2,32,18384986901,18870996320,5,18452505384,6,18509213970,50,18385474059,3581,18384986901,4779,18385183408,7301,18385183408,5422,18386946653,1814,18389748397,778,18387325186,871,18387325186,657,18389748397,897,18384986901,1127,18384986901,94,18385474059,200017,18384986901,3599,18384986901,145,18384986901,437
277,15,2,32,28696326205,32504555900,5,28701523578,6,28919892265,54,28701523578,1779,28701523578,1777,28701523578,1799,28701523578,1830,28701523578,2034,28701523578,487,28699905668,677,28701523578,497,28699905668,665,28699905668,697,28696326205,364,28696326205,288,28696326205,148,28696326205,606,28696326205,396
278,15,2,32,31269694316,34548836491,8,31350997245,9,31384059624,77,31269861609,4797,31272882979,3572,31271831841,4400,31269694316,6386,31269694316,5927,31308486209,956,31280880245,760,31281998502,875,31313974494,698,31283300348,1104,31269694316,625,31269694316,1645,31269694316,763,31269694316,151,31269694316,1767
279,15,2,32,16354028605,17280392842,6,16627696924,6,16719069013,426,16354028605,4431,16354410715,2659,16363177182,1769,16354623307,4693,16355389612,3365,16354028605,581,16367721524,671,16366278601,605,16354028605,543,16363941187,1098,16354028605,589,16354028605,265,16354028605,3816,16354028605,462,16354028605,1497
280,15,2,32,27146798472,31136739393,6,27153120394,6,27332287632,50,27146864695,4334,27146798472,5669,27146798472,6065,27153120394,1980,27146926650,9461,27147136582,671,27147136582,1129,27146814003,1238,27146814003,915,27148518612,629,27146798472,164,27146798472,60,27146798472,25,27146798472,257,27146798472,69
281,16,2,4,79,94,6,79,6,79,53,79,338,79,318,79,309,79,308,79,311,79,520,79,499,79,501,79,523,79,492,79,200017,79,200025,79,200026,79,200025,79,200026
282,16,2,4,95,96,12,95,12,95,68,95,327,95,316,95,328,95,316,95,375,95,495,95,501,95,494,95,495,95,486,95,200019,95,200030,95,200025,95,200024,95,200025
283,16,2,4,96,102,9,96,7,96,54,96,343,96,312,96,323,96,328,96,316,96,498,96,499,96,504,96,503,96,496,96,200017,96,200025,96,200027,96,200024,96,200026
284,16,2,4,75,77,8,75,7,75,53,75,353,75,346,75,307,75,308,75,310,75,504,75,509,75,505,75,505,75,503,75,200017,75,200027,75,200026,75,200026,75,200025
285,16,2,4,95,96,9,95,7,95,54,95,343,95,333,95,315,95,306,95,305,95,521,95,512,95,519,95,508,95,511,95,200019,95,200029,95,200027,95,200026,95,200027
286,16,2,8,1674,1740,10,1674,9,1687,67,1674,336,1674,319,1674,311,1674,320,1674,334,1674,540,1674,500,1674,503,1674,505,1674,512,1674,200016,1674,200028,1674,200028,1674,200026,1674,200026
287,16,2,8,1155,1175,9,1155,8,1164,54,1155,335,1155,327,1155,321,1155,308,1155,329,1155,493,1155,495,1155,502,1155,504,1155,507,1155,200018,1155,200027,1155,200040,1155,200025,1155,200028
288,16,2,8,1933,1935,9,1934,8,1947,52,1933,1482,1934,1853,1933,321,1933,1054,1933,566,1933,681,1933,790,1934,484,1933,485,1933,693,1933,27,1933,25,1933,24,1933,147,1933,25
289,16,2,8,1425,1447,6,1428,6,1433,52,1426,2776,1425,955,1426,2363,1425,3614,1425,3220,1425,666,1425,520,1425,931,1425,833,1425,889,1425,28,1425,26,1425,24,1425,25,1425,23
290,16,2,8,1493,2083,6,1493,7,1504,53,1493,380,1493,432,1493,338,1493,312,1493,330,1493,508,1493,493,1493,513,1493,500,1493,497,1493,200018,1493,200027,1493,200024,1493,200025,1493,200029
291,16,2,16,341280,373458,9,341283,8,343874,55,341283,1897,341283,1991,341283,1968,341283,1993,341283,1963,341283,848,341283,493,341283,496,341283,496,341283,491,341280,105,341280,152,341280,99,341280,513,341280,506
292,16,2,16,348924,471252,5,348928,7,351183,51,348926,2871,348926,3955,348928,1881,348927,3284,348926,3210,348927,957,348927,937,348927,975,348928,508,348928,524,348924,3198,348924,4777,348924,684,348924,533,348924,3060
293,16,2,16,324829,344199,6,324977,7,327332,53,324829,2840,324935,2705,324836,4888,324869,4225,324836,5845,324836,1273,324949,801,324869,495,324869,1043,324949,901,324829,215,324829,615,324829,65,324829,575,324829,154
294,16,2,16,393246,424608,6,393982,7,395746,53,393250,5152,393246,1447,393264,4128,393246,2393,393297,5249,393264,967,393264,1283,393264,549,393375,944,393264,1280,393246,451,393246,1005,393246,1425,393246,293,393246,249
295,16,2,16,375902,428431,6,376066,6,378823,52,375915,4048,375906,5950,375902,2029,376066,2088,375950,6748,376066,483,376066,478,376066,484,376066,493,376066,477,376066,200021,376066,200026,376066,200032,375906,200026,376066,200027
296,16,2,32,23149683075,24568412680,9,23200842556,8,23320773501,53,23152613283,5858,23152780899,3577,23153210002,5905,23155611923,1857,23150850569,5720,23150850569,1056,23149683075,861,23155946367,699,23150850569,549,23150850569,931,23149683075,1154,23152613283,200018,23155076381,200030,23150528412,200026,23150528412,200026
297,16,2,32,28994392347,32246304111,9,29004229006,7,29220251836,55,28996233365,3781,29004229006,1920,29004229006,1901,28996233365,4114,29001470806,3207,29004229006,494,29004229006,492,28994392347,681,28994392347,692,29004229006,491,28994392347,181,28994392347,68,28994392347,56,28994392347,156,28994392347,277
298,16,2,32,17981189023,18077934238,5,17983820415,6,18119159225,53,17981949979,2761,17983820415,1871,17982204459,4980,17981189023,4535,17983820415,1934,17982526172,511,17983820415,505,17981443503,990,17982526172,786,17983820415,495,17981189023,829,17981189023,93,17981189023,516,17981189023,87,17981189023,2006
299,16,2,32,25356600125,31487459346,6,25356868409,7,25554365517,52,25356868409,1879,25356868409,2300,25356868409,2467,25356868409,1864,25356868409,1902,25356868409,508,25356868409,498,25356868409,503,25356868409,505,25356868409,507,25356600125,61,25356600125,82,25356600125,175,25356600125,60,25356600125,89
300,16,2,32,18805449500,21308372476,6,18805500347,6,18930758155,53,18805500347,1946,18805500347,1969,18805500347,1908,18805500347,2322,18805500347,2335,18805500347,506,18805500347,510,18805500347,486,18805500347,499,18805449500,705,18805449500,1249,18805449500,1102,18805449500,149,18805449500,176,18805449500,3179
301,17,2,4,114,129,6,114,7,114,55,114,338,114,336,114,360,114,330,114,334,114,498,114,500,114,504,114,503,114,501,114,200017,114,200025,114,200031,114,200027,114,200028
302,17,2,4,76,76,9,76,8,76,57,76,383,76,327,76,331,76,356,76,332,76,531,76,535,76,595,76,519,76,513,76,200017,76,200027,76,200029,76,200026,76,200030
303,17,2,4,68,68,8,68,8,68,61,68,335,68,338,68,328,68,327,68,340,68,558,68,518,68,525,68,516,68,519,68,200020,68,200028,68,200026,68,200030,68,200027
304,17,2,4,106,138,9,106,8,106,58,106,346,106,335,106,341,106,334,106,351,106,515,106,503,106,504,106,502,106,516,106,200034,106,200040,106,200027,106,200028,106,200028
305,17,2,4,95,96,9,95,7,95,58,95,368,95,332,95,352,95,336,95,328,95,520,95,530,95,523,95,517,95,518,95,200018,95,200027,95,200032,95,200026,95,200027
306,17,2,8,2066,2067,9,2067,9,2081,57,2066,1935,2066,1061,2066,608,2067,1920,2067,1929,2066,608,2066,684,2066,566,2067,503,2066,670,2066,32,2066,26,2066,27,2066,26,2066,26
307,17,2,8,2114,2338,6,2114,7,2130,72,2114,341,2114,324,2114,328,2114,365,2114,325,2114,631,2114,497,2114,503,2114,496,2114,505,2114,200017,2114,200029,2114,200028,2114,200043,2114,200029
308,17,2,8,1184,1277,10,1184,8,1193,56,1184,341,1184,439,1184,344,1184,337,1184,342,1184,538,1184,518,1184,523,1184,530,1184,520,1184,200020,1184,200028,1184,200030,1184,200026,1184,200026
309,17,2,8,1263,1266,10,1263,9,1272,58,1263,353,1263,346,1263,508,1263,443,1263,451,1263,502,1263,493,1263,507,1263,499,1263,514,1263,200043,1263,200028,1263,200029,1263,200028,1263,200028
310,17,2,8,1914,1995,12,1914,10,1958,71,1914,342,1914,352,1914,331,1914,345,1914,334,1914,606,1914,541,1914,522,1914,522,1914,516,1914,200018,1914,200031,1914,200028,1914,200034,1914,200030
311,17,2,16,433615,506494,9,433621,8,436838,57,433621,1997,433621,1936,433621,1980,433621,2018,433621,1928,433617,523,433617,507,433617,927,433621,517,433621,501,433615,1471,433615,753,433615,162,433615,1995,433615,1058
312,17,2,16,448237,448435,6,448549,7,451634,57,448255,6480,448250,2822,448237,3899,448243,6048,448250,3770,448266,877,448255,905,448245,894,448308,687,448243,906,448237,62,448237,715,448237,200,448237,322,448237,1147
313,17,2,16,520604,602419,6,520746,7,524518,55,520746,1941,520668,4295,520613,9571,520643,2614,520746,2203,520653,810,520604,752,520604,905,520604,782,520604,860,520604,42,520604,2934,520604,38,520604,26,520604,26
314,17,2,16,397740,408847,6,397890,7,398377,59,397745,3414,397740,583,397745,2523,397743,1969,397750,4884,397766,633,397890,501,397756,715,397812,819,397890,495,397740,424,397740,296,397740,643,397740,2468,397740,344
315,17,2,16,465839,481417,6,465919,7,469438,57,465884,3338,465919,2237,465919,2157,465919,2078,465839,3251,465919,505,465839,762,465839,567,465853,984,465919,496,465839,169,465839,400,465839,153,465839,2185,465839,464
316,17,2,32,19106763288,20176182275,6,19108068623,7,19252143868,55,19106836628,6004,19108068623,2103,19106763288,3402,19108068623,1970,19107062441,4261,19108068623,510,19108068623,533,19106763288,997,19108068623,504,19108068623,507,19106763288,285,19106763288,649,19106763288,118,19106763288,162,19106763288,114
317,17,2,32,35576604470,46554102877,6,35605835669,7,35854510559,56,35605835669,1935,35605835669,1965,35605835669,2036,35605835669,1929,35576604470,5607,35605835669,509,35605835669,497,35605835669,531,35605835669,491,35605835669,490,35576604470,93,35576604470,52,35576604470,434,35576604470,125,35576604470,558
318,17,2,32,33271052084,33722169190,6,33458573077,7,33509856439,55,33280902006,1987,33272318062,4773,33271052084,5115,33280525924,2858,33271189667,5149,33280995095,785,33281867394,594,33281314668,573,33274253812,493,33281867394,735,33271052084,3184,33271052084,103,33271052084,3921,33271052084,12215,33271052084,752
319,17,2,32,24646032657,30551764923,7,24649846831,7,24837688502,57,24649286477,1978,24646357168,5249,24649846831,1936,24649846831,1949,24649846831,2102,24646357168,697,24649846831,499,24646357168,811,24646357168,1346,24646359481,638,24646032657,230,24646032657,1029,24646032657,46,24646032657,173,24646032657,710
320,17,2,32,34425158626,34921263835,6,34447508159,7,34647487558,55,34426085258,2444,34425501020,9221,34425158626,4238,34425158626,5035,34436507223,2225,34430972937,497,34429172551,907,34427296504,792,34433405660,741,34428456718,844,34425158626,13335,34425158626,21269,34425158626,11688,34425158626,759,34425158626,1977
321,18,2,4,130,130,6,130,7,131,59,130,363,130,335,130,342,130,373,130,335,130,518,130,518,130,516,130,506,130,501,130,200018,130,200026,130,200030,130,200031,130,200027
322,18,2,4,109,117,10,109,9,109,58,109,344,109,334,109,344,109,336,109,372,109,547,109,534,109,531,109,538,109,529,109,200017,109,200027,109,200031,109,200028,109,200027
323,18,2,4,110,125,9,110,9,110,59,110,373,110,346,110,359,110,334,110,339,110,515,110,519,110,511,110,513,110,510,110,200019,110,200038,110,200027,110,200027,110,200031
324,18,2,4,125,144,9,125,8,125,59,125,378,125,348,125,350,125,334,125,331,125,536,125,521,125,529,125,523,125,529,125,200022,125,200027,125,200029,125,200028,125,200027
325,18,2,4,97,121,9,97,8,97,61,97,365,97,335,97,333,97,340,97,338,97,518,97,521,97,525,97,516,97,535,97,200020,97,200028,97,200028,97,200028,97,200028
326,18,2,8,1931,2730,9,1931,9,1946,59,1931,352,1931,344,1931,376,1931,344,1931,350,1931,522,1931,517,1931,516,1931,530,1931,518,1931,200018,1931,200028,1931,200030,1931,200030,1931,200028
327,18,2,8,1770,1813,10,1770,9,1783,59,1770,362,1770,344,1770,339,1770,337,1770,362,1770,517,1770,538,1770,519,1770,523,1770,514,1770,200017,1770,200033,1770,200030,1770,200038,1770,200035
328,18,2,8,2098,2592,9,2099,9,2114,58,2098,372,2099,2040,2098,1022,2099,2020,2098,1022,2098,1081,2098,604,2098,746,2099,503,2098,512,2098,28,2098,26,2098,26,2098,24,2098,26
329,18,2,8,1426,1706,6,1426,7,1437,58,1426,512,1426,436,1426,344,1426,337,1426,337,1426,517,1426,549,1426,511,1426,505,1426,585,1426,200024,1426,200029,1426,200029,1426,200027,1426,200031
330,18,2,8,1639,1678,9,1639,8,1651,59,1639,357,1639,345,1639,337,1639,337,1639,350,1639,519,1639,508,1639,526,1639,514,1639,517,1639,200020,1639,200031,1639,200033,1639,200030,1639,200032
331,18,2,16,412223,423991,9,412392,9,415255,60,412228,4778,412229,6326,412228,5446,412223,1091,412237,3903,412333,869,412251,844,412265,851,412256,764,412256,975,412223,264,412223,26,412223,175,412223,44,412223,2051
332,18,2,16,563634,720451,7,563778,7,567852,58,563645,4849,563778,2074,563778,2015,563636,4359,563669,2442,563778,523,563778,506,563761,729,563778,500,563643,1014,563634,603,563634,993,563634,372,563634,456,563634,1486
333,18,2,16,462450,603312,6,463896,7,466032,57,462504,3517,462455,5404,462453,6438,462549,2955,462453,4827,462458,1620,462456,702,462458,975,462458,961,462453,1185,462450,167,462450,1063,462450,626,462450,428,462450,408
334,18,2,16,490137,514409,6,491163,7,493769,58,490204,4429,490181,4413,490202,5792,490149,4801,490149,10792,490166,1021,490184,511,490166,1062,490565,766,490807,671,490137,12127,490137,3368,490137,654,490137,2013,490137,310
335,18,2,16,375255,386316,6,375561,8,377539,59,375304,4122,375271,2484,375257,3957,375255,3934,375257,2443,375271,1033,375289,1014,375305,824,375305,913,375299,1426,375255,3966,375255,574,375255,426,375255,26,375255,2180
336,18,2,32,25609455345,27053334430,7,25614903430,8,25809138772,59,25609649064,4362,25611198477,4499,25614903430,2105,25609649064,3466,25614903430,1993,25611132363,732,25614903430,515,25614903430,497,25614903430,493,25612875495,513,25609455345,55,25609455345,40,25609455345,419,25609455345,1036,25609455345,1101
337,18,2,32,34439950209,43156609810,7,34459035979,8,34704513593,58,34440503320,3515,34440285462,6211,34459035979,2127,34439950209,4272,34440285462,8642,34444984379,916,34444648505,736,34458432158,848,34439996139,648,34439950209,634,34439950209,2153,34439950209,510,34439950209,46,34439950209,1931,34439950209,1454
338,18,2,32,33018538459,40379200563,7,33018538459,8,33792310580,59,33018538459,2046,33018538459,2051,33018538459,2017,33018538459,2014,33018538459,1962,33018538459,515,33018538459,567,33018538459,536,33018538459,553,33018538459,531,33018538459,200022,33018538459,200028,33018538459,200031,33018538459,200029,33018538459,200028
339,18,2,32,37633916294,40645472666,10,37786973654,9,37925903586,60,37642493645,3446,37634915478,6246,37711058051,2575,37634240078,8075,37636564579,3490,37639524272,712,37786973654,508,37639524272,1223,37648526734,812,37786973654,491,37633916294,1065,37633916294,366,37633916294,2310,37633916294,118,37633916294,264
340,18,2,32,22965259853,27202359534,7,22968149648,7,23140143689,59,22965689909,5305,22966122436,4894,22965687024,6710,22965745184,4663,22966252301,3404,22965259853,707,22965366403,620,22966636570,829,22965259853,698,22965368473,767,22965259853,4247,22965259853,407,22965259853,1106,22965259853,593,22965259853,3650
341,19,2,4,94,109,8,94,8,94,61,94,371,94,345,94,366,94,350,94,345,94,544,94,529,94,536,94,528,94,532,94,200017,94,200027,94,200030,94,200028,94,200029
342,19,2,4,137,138,10,137,9,138,63,137,374,137,370,137,395,137,358,137,360,137,538,137,528,137,530,137,539,137,566,137,200020,137,200029,137,200029,137,200026,137,200028
343,19,2,4,136,143,9,136,9,137,61,136,382,136,372,136,367,136,346,136,418,136,874,136,546,136,522,136,515,136,570,136,200019,136,200037,136,200027,136,200027,136,200030
344,19,2,4,104,111,9,104,8,104,61,104,365,104,359,104,368,104,453,104,361,104,541,104,527,104,529,104,527,104,524,104,200024,104,200027,104,200030,104,200027,104,200039
345,19,2,4,86,97,9,86,9,86,158,86,362,86,349,86,344,86,359,86,360,86,1345,86,883,86,539,86,577,86,541,86,200017,86,200036,86,200028,86,200029,86,200030
346,19,2,8,2140,2544,9,2140,9,2156,61,2140,388,2140,349,2140,367,2140,348,2140,348,2140,534,2140,513,2140,547,2140,520,2140,522,2140,200018,2140,200036,2140,200029,2140,200027,2140,200030
347,19,2,8,2430,2457,13,2430,12,2448,77,2430,370,2430,357,2430,354,2430,395,2430,368,2430,654,2430,516,2430,514,2430,521,2430,515,2430,200021,2430,200030,2430,200029,2430,200030,2430,200029
348,19,2,8,1342,1392,9,1342,9,1352,60,1342,375,1342,404,1342,362,1342,354,1342,369,1342,530,1342,557,1342,530,1342,538,1342,526,1342,200022,1342,200028,1342,200029,1342,200030,1342,200043
349,19,2,8,1987,2230,10,1987,9,2001,63,1987,373,1987,380,1987,371,1987,383,1987,348,1987,513,1987,511,1987,552,1987,612,1987,532,1987,200018,1987,200026,1987,200026,1987,200030,1987,200027
350,19,2,8,1862,1962,10,1862,9,1876,62,1862,368,1862,356,1862,382,1862,349,1862,364,1862,535,1862,527,1862,540,1862,533,1862,526,1862,200017,1862,200027,1862,200043,1862,200030,1862,200030
351,19,2,16,516804,599738,9,517981,9,520813,65,516904,3117,516928,5003,516805,3982,516847,4071,516820,6418,517235,757,516963,1020,516963,913,516963,955,516963,621,516804,138,516804,629,516804,32,516804,682,516804,288
352,19,2,16,605916,644550,7,606410,10,610185,81,605940,2612,605927,5627,605997,8898,606100,2102,605962,2807,606410,555,606123,944,605972,692,606138,973,605973,909,605916,1335,605916,1741,605916,4413,605916,17044,605916,1248
353,19,2,16,530381,537366,7,530568,8,534425,69,530424,4093,530559,3116,530399,2507,530390,3003,530407,4549,530568,505,530568,505,530404,993,530568,510,530513,518,530381,988,530381,2315,530381,47991,530381,33992,530381,23049
354,19,2,16,621833,724576,8,621970,9,626517,62,621856,2133,621954,4053,621970,2053,621858,6072,621970,2147,621970,508,621941,510,621970,510,621970,507,621883,937,621833,756,621833,7485,621833,1518,621833,856,621833,622
355,19,2,16,445667,468000,6,445667,8,448388,63,445667,368,445667,347,445667,346,445667,363,445667,358,445667,554,445667,532,445667,516,445667,517,445667,516,445667,200020,445667,200029,445667,200032,445667,200029,445667,200030
356,19,2,32,20725045602,20727414460,10,20725386188,9,20884981637,62,20725386188,2100,20725386188,2065,20725386188,2074,20725386188,2286,20725386188,2140,20725152840,588,20725386188,527,20725386188,525,20725386188,518,20725045602,750,20725045602,8931,20725045602,4793,20725045602,1493,20725045602,167,20725045602,128
357,19,2,32,32887391792,36545288915,6,32887436443,8,33132383287,60,32887436443,2087,32887436443,2032,32887436443,2011,32887436443,2080,32887436443,2006,32887436443,522,32887436443,511,32887436443,514,32887436443,543,32887436443,534,32887391792,814,32887391792,1823,32887391792,308,32887391792,71,32887391792,455
358,19,2,32,32772051676,36169706912,6,32772212414,8,33027365584,76,32772212414,2095,32772212414,2244,32772212414,2026,32772212414,2121,32772212414,2059,32772212414,514,32772212414,525,32772212414,554,32772212414,568,32772212414,524,32772051676,3294,32772051676,2145,32772051676,27147,32772051676,224,32772051676,3360
359,19,2,32,26047802443,33622149195,6,26051011204,8,26251103675,61,26049024761,7431,26049346095,5098,26048354532,2644,26051011204,2150,26047992155,2566,26051011204,668,26048896248,708,26051011204,544,26048165220,739,26048590470,1408,26047802443,5086,26047802443,427,26047802443,260,26047802443,1839,26047802443,2841
360,19,2,32,37234139054,38980499842,7,37234430625,8,37330280087,61,37234352311,4123,37234430625,2045,37234430625,2126,37234430625,2012,37234152051,6437,37234152051,530,37234430625,555,37234430625,520,37234430625,538,37234430625,526,37234139054,4096,37234139054,516,37234139054,2698,37234139054,5291,37234139054,7115
361,20,2,4,99,112,8,99,9,99,64,99,386,99,383,99,362,99,367,99,361,99,531,99,543,99,530,99,529,99,536,99,200021,99,200029,99,200036,99,200028,99,200028
362,20,2,4,146,147,10,146,9,147,64,146,384,146,354,146,369,146,368,146,370,146,547,146,545,146,567,146,554,146,545,146,200025,146,200027,146,200029,146,200031,146,200031
363,20,2,4,83,84,10,83,9,83,70,83,377,83,372,83,356,83,362,83,376,83,539,83,551,83,535,83,548,83,532,83,200021,83,200032,83,200031,83,200031,83,200038
364,20,2,4,81,87,9,81,9,81,74,81,375,81,369,81,379,81,366,81,380,81,537,81,548,81,536,81,529,81,535,81,200019,81,200029,81,200027,81,200028,81,200033
365,20,2,4,103,110,11,103,9,103,64,103,412,103,358,103,368,103,356,103,368,103,564,103,539,103,536,103,557,103,551,103,200019,103,200029,103,200029,103,200027,103,200029
366,20,2,8,1539,1602,10,1539,9,1551,64,1539,386,1539,374,1539,369,1539,380,1539,360,1539,538,1539,542,1539,533,1539,539,1539,558,1539,200021,1539,200028,1539,200026,1539,200028,1539,200028
367,20,2,8,1314,1895,10,1314,9,1324,63,1314,387,1314,380,1314,362,1314,381,1314,362,1314,531,1314,526,1314,558,1314,534,1314,527,1314,200019,1314,200027,1314,200028,1314,200030,1314,200026
368,20,2,8,2063,2171,9,2074,9,2079,63,2063,2164,2063,2596,2063,2726,2063,1651,2063,2168,2074,527,2069,1104,2071,566,2071,627,2074,520,2063,511,2063,196,2063,192,2063,376,2063,319
369,20,2,8,2105,2236,7,2105,8,2121,64,2105,376,2105,361,2105,368,2105,390,2105,379,2105,555,2105,526,2105,532,2105,532,2105,521,2105,200018,2105,200029,2105,200028,2105,200029,2105,200027
370,20,2,8,2197,2473,10,2201,10,2210,64,2197,1166,2197,2171,2197,651,2197,1147,2197,2202,2198,854,2198,946,2198,668,2197,933,2197,1060,2197,61,2198,200032,2197,198,2197,43,2197,211
371,20,2,16,617562,623001,8,617583,9,622364,64,617583,2214,617563,5880,617583,2152,617580,4631,617562,2135,617583,531,617583,518,617570,677,617576,958,617583,531,617562,8887,617562,1962,617562,1643,617562,1027,617562,190
372,20,2,16,574134,629686,6,574185,8,578582,63,574185,2151,574185,2079,574138,2722,574150,4211,574185,2127,574185,518,574185,537,574134,703,574185,508,574138,653,574185,200020,574150,200029,574134,100,574134,266,574144,200019
373,20,2,16,523756,559374,10,523760,9,527831,83,523760,2200,523760,2143,523760,2199,523760,2175,523760,2799,523760,533,523760,526,523760,534,523760,544,523758,998,523756,168,523756,42,523756,853,523756,1228,523756,549
374,20,2,16,414958,418230,7,414972,8,418179,78,414972,2182,414971,4743,414972,2238,414972,2158,414972,2562,414959,1003,414959,823,414960,1288,414959,867,414959,848,414958,452,414958,45,414958,586,414958,305,414958,92
375,20,2,16,579675,596865,7,581194,8,584141,130,579677,6669,579676,9101,579675,2123,579687,7646,579693,2659,580030,789,579677,588,579953,839,579692,1145,580037,985,579675,3385,579675,565,579675,847,579675,5679,579675,10743
376,20,2,32,28911528522,29478488744,9,28911688805,19,29135267420,65,28911688805,2139,28911688805,2150,28911688805,2209,28911688805,2191,28911688805,2302,28911688805,546,28911688805,530,28911688805,528,28911688805,523,28911688805,525,28911528522,1037,28911528522,6593,28911528522,461,28911528522,2950,28911528522,262
377,20,2,32,21991402840,23927705492,7,21992373234,8,22160063485,63,21991751911,3650,21992373234,2755,21991895223,2714,21992373234,2447,21992373234,2250,21992373234,528,21992373234,533,21992373234,516,21991653726,887,21992153309,523,21991402840,95693,21991402840,2011,21991402840,20722,21991402840,4435,21991402840,4452
378,20,2,32,27652167593,27735294493,7,27652638263,9,27859274424,63,27652638263,2125,27652638263,2153,27652391060,4148,27652294607,3244,27652638263,2155,27652638263,516,27652638263,514,27652638263,513,27652638263,525,27652638263,521,27652167593,8602,27652167593,3524,27652167593,640,27652167593,10094,27652167593,3403
379,20,2,32,37795643535,44506816718,8,37918799813,9,38090723257,64,37795854174,4238,37797390105,4146,37797524098,4668,37795901922,5181,37795643535,7295,37797747140,969,37799281517,1006,37797751430,672,37795655938,1386,37797278114,1318,37795762386,200020,37795643535,111,37795762386,200020,37795655938,200030,37795762386,200029
380,20,2,32,38652307887,38672041557,10,38658771434,10,38952800955,64,38652663961,2697,38652456243,4326,38653084517,5807,38652594926,6669,38653126895,7844,38655740210,1152,38654541028,981,38658771434,537,38652680969,1089,38652761804,860,38652307887,3270,38652307887,3657,38652307887,30607,38652307887,55,38652307887,160
381,25,2,4,189,212,8,189,9,190,74,189,471,189,445,189,430,189,427,189,428,189,567,189,576,189,554,189,927,189,571,189,200023,189,200029,189,200029,189,200028,189,200032
382,25,2,4,156,181,11,156,11,157,74,156,487,156,450,156,421,156,418,156,827,156,563,156,593,156,563,156,590,156,565,156,200022,156,200034,156,200040,156,200030,156,200031
383,25,2,4,136,140,14,136,13,137,93,136,441,136,453,136,444,136,409,136,448,136,687,136,597,136,578,136,803,136,603,136,200031,136,200033,136,200028,136,200031,136,200035
384,25,2,4,116,120,11,116,10,116,75,116,452,116,430,116,414,116,417,116,454,116,574,116,595,116,565,116,575,116,590,116,200026,116,200029,116,200063,116,200030,116,200031
385,25,2,4,137,160,10,137,10,138,74,137,436,137,436,137,450,137,402,137,410,137,591,137,600,137,584,137,592,137,586,137,200035,137,200033,137,200033,137,200036,137,200040
386,25,2,8,2653,3290,11,2653,11,2672,78,2653,454,2653,421,2653,434,2653,426,2653,543,2653,577,2653,579,2653,578,2653,598,2653,569,2653,200029,2653,200037,2653,200032,2653,200031,2653,200028
387,25,2,8,1783,1785,11,1783,10,1796,87,1783,466,1783,420,1783,445,1783,453,1783,414,1783,674,1783,583,1783,584,1783,580,1783,573,1783,200022,1783,200028,1783,200029,1783,200032,1783,200033
388,25,2,8,2659,2865,11,2659,11,2679,76,2659,449,2659,430,2659,434,2659,426,2659,435,2659,573,2659,566,2659,571,2659,565,2659,566,2659,200022,2659,200028,2659,200032,2659,200030,2659,200029
389,25,2,8,2675,2912,10,2675,11,2695,76,2675,468,2675,441,2675,435,2675,428,2675,421,2675,571,2675,559,2675,576,2675,573,2675,564,2675,200019,2675,200037,2675,200029,2675,200033,2675,200027
390,25,2,8,3044,3165,12,3044,10,3067,75,3044,465,3044,432,3044,425,3044,463,3044,437,3044,597,3044,562,3044,562,3044,566,3044,632,3044,200031,3044,200035,3044,200033,3044,200042,3044,200031
391,25,2,16,533438,611339,11,533463,11,537433,76,533463,2512,533463,2484,533463,2564,533459,3184,533463,2494,533463,564,533463,561,533463,563,533442,981,533463,559,533438,392,533438,146,533438,330,533438,149,533438,79
392,25,2,16,566764,625891,8,566770,10,571191,95,566770,2509,566770,2423,566770,2711,566770,2497,566770,2643,566770,607,566770,555,566770,570,566770,577,566766,927,566764,441,566764,561,566764,438,566764,509,566764,1439
393,25,2,16,671951,708316,8,672985,10,682443,75,671952,7719,672094,7581,672221,5780,671970,3214,671982,5255,672985,549,672985,554,672985,546,672985,558,672985,546,671951,1006,671951,3643,671951,305,671951,718,671951,2256
394,25,2,16,611524,614925,8,611524,10,616080,73,611524,446,611524,430,611524,436,611524,460,611524,432,611524,549,611524,563,611524,561,611524,591,611524,546,611524,200033,611524,200035,611524,200080,611524,200047,611524,200032
395,25,2,16,685463,919610,11,685471,11,690813,76,685471,2511,685468,5910,685464,8208,685471,2417,685471,2442,685471,560,685471,564,685471,555,685467,630,685470,570,685463,566,685463,60,685463,319,685463,484,685463,632
396,25,2,32,40986774170,48052616925,8,41007095633,10,41306584559,81,40989680460,5446,40988447186,4203,40988168199,4872,40988706615,4196,40987524754,8714,40987466939,939,40986819306,1732,41006251110,904,40988764768,596,41001152510,879,41007095633,200023,41007095633,200029,40986823183,200032,40986875103,200046,40986819337,200031
397,25,2,32,49586930357,56963130009,11,49586931074,11,49974326061,74,49586931074,2574,49586931074,2455,49586931074,2438,49586931074,2606,49586931074,2480,49586931074,585,49586931074,564,49586931074,572,49586931074,556,49586931074,562,49586930357,16705,49586930357,9093,49586930357,101,49586930357,1065,49586930357,9331
398,25,2,32,39514053971,45589066071,9,39577776355,11,39777501039,75,39514093587,7688,39514150211,5482,39514064375,12204,39514066007,8225,39514058212,10391,39514157681,1340,39577776355,560,39577776355,556,39577776355,558,39514157681,692,39514053971,61,39514053971,42,39514053971,40,39514053971,2396,39514053971,718
399,25,2,32,28201673819,28444618784,8,28201782591,10,28415468352,74,28201782591,2533,28201782591,2429,28201782591,2554,28201782591,2770,28201782591,2710,28201782591,554,28201782591,554,28201782591,568,28201782591,558,28201782591,550,28201673819,2142,28201673819,449,28201673819,6526,28201673819,1313,28201673819,12034
400,25,2,32,28714923458,31908286192,10,28715394457,10,28938946440,75,28715394457,2538,28715394457,2745,28715394457,3102,28714936433,9216,28715148351,6481,28715394457,566,28715394457,556,28715313413,1046,28714943872,889,28714981216,912,28714923458,2125,28714923458,3404,28714923458,53105,28714923458,27272,28714923458,26784
401,30,2,4,169,171,11,169,11,170,86,169,518,169,575,169,482,169,490,169,499,169,636,169,610,169,604,169,620,169,606,169,200025,169,200035,169,200046,169,200030,169,200034
402,30,2,4,194,201,12,194,12,195,86,194,507,194,501,194,493,194,474,194,486,194,617,194,600,194,609,194,604,194,599,194,200021,194,200031,194,200031,194,200033,194,200032
403,30,2,4,197,217,12,197,12,198,87,197,523,197,485,197,466,197,491,197,503,197,602,197,589,197,596,197,596,197,588,197,200021,197,200041,197,200040,197,200039,197,200032
404,30,2,4,169,171,12,169,12,170,84,169,506,169,483,169,493,169,467,169,469,169,620,169,619,169,626,169,613,169,651,169,200022,169,200032,169,200030,169,200032,169,200033
405,30,2,4,187,217,12,187,12,188,94,187,526,187,485,187,482,187,482,187,485,187,611,187,608,187,606,187,610,187,607,187,200022,187,200030,187,200030,187,200031,187,200031
406,30,2,8,3724,3816,12,3724,12,3753,84,3724,498,3724,487,3724,489,3724,516,3724,476,3724,636,3724,627,3724,611,3724,606,3724,617,3724,200042,3724,200040,3724,200039,3724,200041,3724,200042
407,30,2,8,2992,3204,12,2992,12,3015,81,2992,483,2992,470,2992,457,2992,515,2992,489,2992,578,2992,580,2992,579,2992,576,2992,582,2992,200031,2992,200032,2992,200031,2992,200034,2992,200033
408,30,2,8,3622,3984,12,3622,13,3650,87,3622,498,3622,505,3622,506,3622,489,3622,490,3622,597,3622,597,3622,604,3622,593,3622,586,3622,200038,3622,200037,3622,200044,3622,200029,3622,200056
409,30,2,8,2501,2916,17,2501,15,2520,106,2501,573,2501,499,2501,521,2501,475,2501,519,2501,744,2501,629,2501,595,2501,594,2501,593,2501,200023,2501,200037,2501,200033,2501,200033,2501,200033
410,30,2,8,3108,3241,13,3108,12,3132,87,3108,495,3108,500,3108,491,3108,666,3108,612,3108,604,3108,603,3108,604,3108,603,3108,604,3108,200031,3108,200032,3108,200036,3108,200032,3108,200043
411,30,2,16,949657,1126308,13,949659,13,957076,86,949659,3016,949659,2986,949659,2944,949659,3273,949658,4307,949659,608,949659,593,949659,613,949659,596,949659,617,949657,91,949657,225,949657,89,949657,105,949657,989
412,30,2,16,592877,676610,15,592877,17,597508,119,592877,750,592877,805,592877,838,592877,752,592877,675,592877,923,592877,957,592877,956,592877,945,592877,949,592877,200038,592877,200034,592877,200036,592877,200046,592877,200034
413,30,2,16,522341,601100,15,522342,16,526414,108,522342,2839,522342,2811,522342,2854,522342,3323,522342,3073,522342,676,522342,598,522342,698,522342,736,522342,586,522341,478,522341,226,522341,371,522341,1037,522341,460
414,30,2,16,959926,1034244,9,959927,12,967425,105,959927,2801,959927,2719,959926,482,959927,2801,959927,2879,959927,588,959927,607,959927,592,959927,592,959927,593,959926,440,959926,53,959926,369,959926,60,959926,44
415,30,2,16,570077,591452,9,570390,12,574505,85,570081,7404,570077,16481,570080,7699,570085,7305,570081,13983,570390,605,570362,834,570337,991,570232,588,570178,1186,570077,110,570077,300,570077,483,570077,2062,570077,325
416,30,2,32,35890032333,39618284652,10,35890049394,11,36170379005,85,35890049394,2824,35890049394,3018,35890049394,2891,35890049394,2911,35890042478,4766,35890049394,617,35890049394,590,35890049394,589,35890049394,588,35890049394,594,35890032469,200027,35890032469,200037,35890032333,94211,35890032333,94621,35890032469,200035
417,30,2,32,62578460195,63763156604,12,62578499085,13,63008178890,87,62578499085,2844,62578499085,2794,62578499085,2760,62578499085,2865,62578499085,2850,62578499085,586,62578499085,586,62578499085,588,62578499085,574,62578499085,580,62578460268,200052,62578460268,200032,62578460268,200034,62578460268,200045,62578460352,200034
418,30,2,32,55149123666,68458496882,13,55150106454,13,55475959716,86,55150106454,2866,55149521022,4101,55149134711,13860,55149793157,4135,55150106454,2944,55150106454,600,55150106454,598,55150106454,600,55150106454,592,55150106454,590,55149123666,22537,55149123666,19965,55149123666,7814,55149123666,32131,55149123666,3902
419,30,2,32,32622700595,32761472546,10,32625196716,12,32872740602,86,32622985640,6823,32625196716,2846,32625196716,2801,32625196716,2870,32624780929,4832,32625196716,604,32623096857,589,32625196716,597,32623711190,970,32625196716,603,32622702390,200022,32622700776,200031,32622903356,200033,32622700903,200034,32622702844,200031
420,30,2,32,45099366770,49342550062,16,45108350416,17,45444096289,120,45108350416,2835,45108350416,2885,45102092757,7819,45100957667,6029,45099649920,7532,45108350416,716,45108350416,588,45102713821,894,45103312016,724,45108350416,581,45099366770,8436,45099366811,200031,45099366770,23984,45099366770,95172,45099366770,589
421,35,2,4,234,250,11,234,13,235,103,234,739,234,544,234,600,234,531,234,556,234,653,234,655,234,639,234,796,234,827,234,200034,234,200050,234,200032,234,200034,234,200047
422,35,2,4,277,290,13,277,13,279,95,277,604,277,535,277,547,277,532,277,572,277,654,277,651,277,668,277,660,277,647,277,200037,277,200033,277,200037,277,200036,277,200036
423,35,2,4,261,278,13,261,13,263,98,261,587,261,557,261,736,261,552,261,538,261,655,261,663,261,647,261,649,261,791,261,200030,261,200037,261,200032,261,200033,261,200045
424,35,2,4,243,282,13,243,14,244,96,243,589,243,544,243,556,243,561,243,550,243,636,243,649,243,642,243,635,243,638,243,200022,243,200031,243,200036,243,200033,243,200034
425,35,2,4,227,244,14,227,14,228,97,227,606,227,548,227,562,227,533,227,550,227,654,227,657,227,652,227,652,227,655,227,200023,227,200037,227,200031,227,200034,227,200033
426,35,2,8,4021,4176,14,4021,14,4052,97,4021,581,4021,582,4021,693,4021,547,4021,542,4021,656,4021,632,4021,628,4021,642,4021,626,4021,200050,4021,200038,4021,200055,4021,200044,4021,200035
427,35,2,8,2925,2981,13,2925,14,2947,106,2925,578,2925,543,2925,551,2925,555,2925,547,2925,639,2925,623,2925,632,2925,636,2925,629,2925,200031,2925,200031,2925,200045,2925,200041,2925,200047
428,35,2,8,2292,2308,14,2292,13,2309,98,2292,580,2292,564,2292,536,2292,558,2292,532,2292,662,2292,655,2292,651,2292,662,2292,671,2292,200042,2292,200044,2292,200045,2292,200055,2292,200053
429,35,2,8,3641,4511,15,3641,15,3669,97,3641,592,3641,559,3641,626,3641,555,3641,556,3641,652,3641,654,3641,654,3641,637,3641,644,3641,200024,3641,200057,3641,200048,3641,200032,3641,200037
430,35,2,8,3871,5318,13,3871,14,3901,97,3871,577,3871,548,3871,553,3871,551,3871,536,3871,651,3871,666,3871,648,3871,656,3871,655,3871,200026,3871,200033,3871,200034,3871,200032,3871,200066
431,35,2,16,1070298,1072904,13,1070301,15,1078659,98,1070301,3154,1070301,3177,1070301,3344,1070301,3067,1070301,3076,1070301,632,1070301,626,1070301,631,1070301,614,1070301,638,1070298,108,1070298,468,1070298,1635,1070298,199,1070298,964
432,35,2,16,982485,1022798,11,982485,13,987556,106,982485,553,982485,544,982485,556,982485,575,982485,550,982485,639,982485,639,982485,633,982485,639,982485,634,982485,200024,982485,200036,982485,200034,982485,200035,982485,200043
433,35,2,16,920320,995837,17,921213,15,926245,99,920345,10202,920321,17701,920327,7880,920331,7451,920329,7891,920664,702,920592,1361,920325,708,921213,629,920403,1216,920320,684,920320,973,920320,890,920320,711,920320,232
434,35,2,16,632289,640033,10,640483,13,637181,102,632292,6042,632297,5372,632310,7238,632294,11924,632294,5570,632443,1120,632443,1275,637925,934,632397,1093,632333,945,632289,101,632289,145,632289,103,632289,92,632289,93
435,35,2,16,1145761,1470662,15,1145761,18,1154712,124,1145761,602,1145761,545,1145761,649,1145761,624,1145761,553,1145761,916,1145761,855,1145761,648,1145761,709,1145761,641,1145761,200026,1145761,200053,1145761,200033,1145761,200032,1145761,200033
436,35,2,32,51830569793,53884420358,13,51832155576,15,52231409126,97,51830583768,16028,51830593942,8340,51830640510,13355,51830571042,11313,51830579525,8173,51830674797,862,51832155576,631,51831573065,1086,51832155576,645,51831513903,828,51830569793,125926,51830569793,727,51830569793,124886,51830569793,18591,51830569793,40249
437,35,2,32,58034843157,62166618967,13,58034882461,15,58412227897,98,58034882461,3193,58034850155,6998,58034882461,3115,58034882461,3208,58034882461,3086,58034882461,654,58034882461,625,58034871431,1300,58034882461,627,58034882461,628,58034843157,13680,58034843157,875,58034843157,31091,58034843157,1323,58034843157,9606
438,35,2,32,69789011297,73158838247,11,69789034521,13,70330003460,99,69789034521,3145,69789034521,3117,69789034521,3341,69789034521,3359,69789034521,3181,69789034521,633,69789034521,660,69789034521,633,69789034521,647,69789034521,633,69789011297,76536,69789011297,27935,69789011297,120378,69789011297,87192,69789011297,34878
439,35,2,32,51957183165,54088636021,11,51957183201,15,52235179770,96,51957183201,3170,51957183201,3163,51957183201,3225,51957183201,3222,51957183201,3195,51957183201,643,51957183201,630,51957183201,634,51957183201,635,51957183201,628,51957183165,9941,51957183165,18668,51957183165,13400,51957183165,19200,51957183167,200037
440,35,2,32,54712097360,54980899836,13,54739615525,15,55030894190,97,54713575463,8003,54712216067,4722,54716743127,5283,54712338285,12710,54712921446,4046,54739615525,622,54724276125,730,54712117038,662,54713232191,1187,54721042029,920,54712097361,200042,54712097361,200037,54712097360,154232,54712097361,200036,54712097361,200038
441,3,3,4,13,13,6,13,4,13,18,13,160,13,155,13,167,13,156,13,150,13,603,13,581,13,604,13,585,13,598,13,200013,13,200025,13,200022,13,200021,13,200022
442,3,3,4,10,10,6,10,3,10,16,10,162,10,148,10,149,10,147,10,156,10,582,10,578,10,767,10,653,10,570,10,200013,10,200022,10,200023,10,200023,10,200021
443,3,3,4,8,8,6,8,2,8,15,8,161,8,151,8,146,8,153,8,168,8,589,8,575,8,587,8,580,8,577,8,200013,8,200022,8,200024,8,200022,8,200024
444,3,3,4,11,11,6,11,3,11,15,11,166,11,150,11,145,11,151,11,154,11,579,11,573,11,602,11,569,11,668,11,200012,11,200023,11,200026,11,200021,11,200020
445,3,3,4,12,12,5,12,2,12,15,12,161,12,142,12,140,12,137,12,145,12,552,12,547,12,556,12,544,12,545,12,200013,12,200022,12,200022,12,200021,12,200030
446,3,3,8,201,201,6,201,2,201,22,201,162,201,147,201,146,201,146,201,149,201,595,201,583,201,571,201,587,201,572,201,200012,201,200022,201,200022,201,200025,201,200025
447,3,3,8,208,208,6,208,2,208,21,208,169,208,154,208,149,208,145,208,145,208,581,208,578,208,584,208,583,208,570,208,200013,208,200022,208,200021,208,200021,208,200022
448,3,3,8,178,178,6,178,3,178,22,178,164,178,148,178,149,178,147,178,155,178,580,178,579,178,579,178,582,178,573,178,200013,178,200021,178,200022,178,200021,178,200022
449,3,3,8,218,218,6,218,3,218,22,218,169,218,153,218,146,218,146,218,156,218,585,218,574,218,603,218,581,218,583,218,200013,218,200022,218,200022,218,200023,218,200022
450,3,3,8,235,235,6,235,3,235,21,235,179,235,147,235,151,235,146,235,145,235,579,235,578,235,573,235,571,235,581,235,200013,235,200025,235,200024,235,200023,235,200022
451,3,3,16,38400,38400,7,38400,2,38400,22,38400,171,38400,154,38400,153,38400,156,38400,151,38400,580,38400,592,38400,575,38400,575,38400,584,38400,200012,38400,200033,38400,200023,38400,200021,38400,200025
452,3,3,16,55006,55006,6,55006,3,55006,22,55006,166,55006,146,55006,148,55006,153,55006,154,55006,586,55006,577,55006,565,55006,579,55006,584,55006,200014,55006,200027,55006,200022,55006,200023,55006,200026
453,3,3,16,33247,33247,6,33247,3,33247,22,33247,160,33247,147,33247,150,33247,156,33247,150,33247,581,33247,572,33247,585,33247,571,33247,583,33247,200013,33247,200021,33247,200020,33247,200022,33247,200022
454,3,3,16,46750,46750,6,46750,2,46750,21,46750,188,46750,147,46750,150,46750,145,46750,150,46750,585,46750,576,46750,575,46750,570,46750,580,46750,200015,46750,200027,46750,200022,46750,200023,46750,200029
455,3,3,16,35471,35471,6,35471,2,35471,22,35471,165,35471,160,35471,146,35471,247,35471,199,35471,599,35471,575,35471,577,35471,576,35471,572,35471,200017,35471,200023,35471,200021,35471,200022,35471,200022
456,3,3,32,2725070729,2725070729,6,2725070729,2,2725070729,22,2725070729,1041,2725070729,1021,2725070729,1009,2725070729,1015,2725070729,1132,2725070729,587,2725070729,578,2725070729,580,2725070729,574,2725070729,577,2725070729,200014,2725070729,200036,2725070729,200023,2725070729,200021,2725070729,200022
457,3,3,32,3256919869,3256919869,6,3256919869,3,3256919869,22,3256919869,1009,3256919869,1012,3256919869,1021,3256919869,1001,3256919869,986,3256919869,588,3256919869,579,3256919869,585,3256919869,580,3256919869,591,3256919869,200012,3256919869,200023,3256919869,200023,3256919869,200023,3256919869,200022
458,3,3,32,4121055006,4121055006,8,4121055006,3,4121055006,27,4121055006,1029,4121055006,1015,4121055006,1012,4121055006,1033,4121055006,1040,4121055006,643,4121055006,576,4121055006,572,4121055006,745,4121055006,586,4121055006,200012,4121055006,200021,4121055006,200023,4121055006,200023,4121055006,200021
459,3,3,32,3164852576,3164852576,6,3164852576,3,3164852576,22,3164852576,1021,3164852576,1004,3164852576,1068,3164852576,1058,3164852576,1307,3164852576,579,3164852576,574,3164852576,587,3164852576,588,3164852576,579,3164852576,200018,3164852576,200022,3164852576,200021,3164852576,200024,3164852576,200022
460,3,3,32,3757954741,3757954741,6,3757954741,2,3757954741,21,3757954741,1042,3757954741,1009,3757954741,1048,3757954741,995,3757954741,1007,3757954741,590,3757954741,602,3757954741,586,3757954741,575,3757954741,567,3757954741,200014,3757954741,200020,3757954741,200022,3757954741,200022,3757954741,200023
461,4,3,4,18,20,7,18,3,18,21,18,182,18,173,18,164,18,169,18,165,18,536,18,535,18,527,18,531,18,522,18,200014,18,200022,18,200022,18,200021,18,200024
462,4,3,4,13,18,6,13,3,13,18,13,185,13,166,13,180,13,165,13,164,13,866,13,547,13,526,13,531,13,518,13,200014,13,200021,13,200022,13,200027,13,200024
463,4,3,4,19,24,6,19,3,19,21,19,186,19,168,19,177,19,165,19,164,19,530,19,528,19,537,19,525,19,527,19,200012,19,200021,19,200021,19,200022,19,200020
464,4,3,4,16,16,6,16,3,16,21,16,183,16,165,16,167,16,167,16,165,16,532,16,525,16,549,16,537,16,517,16,200016,16,200024,16,200022,16,200021,16,200023
465,4,3,4,12,12,6,12,3,12,19,12,185,12,164,12,167,12,170,12,171,12,535,12,518,12,529,12,541,12,527,12,200015,12,200023,12,200022,12,200022,12,200021
466,4,3,8,327,373,6,327,3,327,26,327,185,327,166,327,180,327,166,327,168,327,538,327,526,327,518,327,563,327,529,327,200014,327,200023,327,200023,327,200023,327,200023
467,4,3,8,264,267,6,264,4,264,26,264,185,264,172,264,165,264,164,264,180,264,529,264,527,264,537,264,534,264,538,264,200013,264,200020,264,200027,264,200022,264,200029
468,4,3,8,303,303,6,303,3,303,30,303,185,303,177,303,171,303,168,303,164,303,538,303,535,303,527,303,523,303,529,303,200012,303,200022,303,200023,303,200023,303,200024
469,4,3,8,285,361,6,285,4,285,26,285,192,285,175,285,164,285,165,285,165,285,527,285,531,285,518,285,519,285,526,285,200014,285,200020,285,200023,285,200021,285,200022
470,4,3,8,253,315,6,253,4,253,26,253,183,253,197,253,167,253,167,253,176,253,540,253,589,253,526,253,525,253,547,253,200014,253,200022,253,200023,253,200024,253,200023
471,4,3,16,69371,69371,6,69371,3,69371,25,69371,184,69371,174,69371,165,69371,198,69371,171,69371,537,69371,528,69371,530,69371,514,69371,517,69371,200014,69371,200024,69371,200023,69371,200023,69371,200022
472,4,3,16,79454,82193,6,79454,3,79454,26,79454,186,79454,175,79454,178,79454,165,79454,196,79454,528,79454,540,79454,538,79454,560,79454,526,79454,200014,79454,200022,79454,200020,79454,200024,79454,200022
473,4,3,16,74372,89340,6,74372,3,74372,26,74372,184,74372,174,74372,169,74372,163,74372,188,74372,529,74372,521,74372,533,74372,518,74372,524,74372,200015,74372,200023,74372,200021,74372,200021,74372,200024
474,4,3,16,57727,57727,6,57727,3,57727,33,57727,198,57727,172,57727,174,57727,181,57727,164,57727,528,57727,538,57727,524,57727,518,57727,522,57727,200013,57727,200288,57727,200022,57727,200026,57727,200022
475,4,3,16,82295,82295,6,82295,26,82295,36,82295,190,82295,167,82295,164,82295,172,82295,165,82295,529,82295,531,82295,522,82295,534,82295,527,82295,200012,82295,200022,82295,200023,82295,200021,82295,200021
476,4,3,32,4820523801,5045158235,6,4820523801,3,4820523801,26,4820523801,1150,4820523801,1123,4820523801,1105,4820523801,1153,4820523801,1123,4820523801,560,4820523801,524,4820523801,552,4820523801,518,4820523801,529,4820523801,200015,4820523801,200022,4820523801,200022,4820523801,200023,4820523801,200023
477,4,3,32,4957735651,4957735651,6,4957735651,3,4957735651,25,4957735651,1156,4957735651,1121,4957735651,1116,4957735651,1088,4957735651,1135,4957735651,544,4957735651,525,4957735651,525,4957735651,535,4957735651,533,4957735651,200016,4957735651,200022,4957735651,200022,4957735651,200021,4957735651,200022
478,4,3,32,4578315467,4578315467,5,4578315467,3,4578315467,25,4578315467,1132,4578315467,1107,4578315467,1104,4578315467,1088,4578315467,1120,4578315467,541,4578315467,522,4578315467,538,4578315467,525,4578315467,519,4578315467,200014,4578315467,200023,4578315467,200022,4578315467,200068,4578315467,200022
479,4,3,32,3755617406,5311666599,6,3755617406,3,3755617406,24,3755617406,1437,3755617406,1039,3755617406,1059,3755617406,1278,3755617406,1071,3755617406,509,3755617406,497,3755617406,491,3755617406,488,3755617406,489,3755617406,200015,3755617406,200021,3755617406,200021,3755617406,200023,3755617406,200022
480,4,3,32,5698331265,8435214931,7,5698331265,4,5698331265,36,5698331265,1062,5698331265,1043,5698331265,1006,5698331265,1104,5698331265,1083,5698331265,506,5698331265,491,5698331265,486,5698331265,490,5698331265,498,5698331265,200014,5698331265,200021,5698331265,200022,5698331265,200022,5698331265,200023
481,5,3,4,15,17,6,15,4,15,21,15,209,15,190,15,186,15,191,15,184,15,505,15,490,15,509,15,482,15,514,15,200014,15,200023,15,200023,15,200023,15,200024
482,5,3,4,21,24,11,21,6,21,32,21,276,21,250,21,213,21,216,21,180,21,587,21,562,21,669,21,709,21,728,21,200015,21,200025,21,200022,21,200025,21,200022
483,5,3,4,25,33,7,25,4,25,24,25,198,25,186,25,186,25,193,25,184,25,492,25,487,25,489,25,513,25,483,25,200016,25,200023,25,200024,25,200022,25,200022
484,5,3,4,17,21,6,17,4,17,24,17,205,17,182,17,200,17,185,17,180,17,477,17,483,17,468,17,463,17,477,17,200014,17,200023,17,200024,17,200021,17,200022
485,5,3,4,24,24,7,24,4,24,24,24,200,24,193,24,184,24,194,24,185,24,480,24,488,24,481,24,478,24,473,24,200014,24,200021,24,200022,24,200024,24,200023
486,5,3,8,348,382,6,348,4,348,30,348,209,348,213,348,201,348,186,348,209,348,501,348,495,348,479,348,487,348,481,348,200015,348,200027,348,200028,348,200034,348,200051
487,5,3,8,307,307,6,307,3,307,29,307,202,307,186,307,180,307,192,307,217,307,515,307,482,307,469,307,470,307,480,307,200013,307,200026,307,200025,307,200032,307,200024
488,5,3,8,366,392,6,366,4,366,30,366,201,366,183,366,220,366,191,366,181,366,492,366,482,366,478,366,487,366,477,366,200014,366,200023,366,200028,366,200024,366,200024
489,5,3,8,267,267,7,267,5,267,48,267,201,267,189,267,184,267,181,267,185,267,597,267,563,267,494,267,513,267,492,267,200014,267,200023,267,200024,267,200023,267,200026
490,5,3,8,394,519,6,394,4,394,30,394,210,394,182,394,185,394,185,394,192,394,497,394,475,394,479,394,464,394,466,394,200017,394,200024,394,200024,394,200026,394,200024
491,5,3,16,108845,152808,9,108845,5,108845,31,108845,197,108845,198,108845,185,108845,181,108845,181,108845,488,108845,508,108845,474,108845,464,108845,470,108845,200017,108845,200025,108845,200023,108845,200027,108845,200024
492,5,3,16,78561,78561,6,78561,4,78561,29,78561,195,78561,218,78561,182,78561,181,78561,191,78561,495,78561,476,78561,529,78561,471,78561,471,78561,200019,78561,200022,78561,200023,78561,200023,78561,200024
493,5,3,16,104234,138000,7,104234,5,104234,29,104234,200,104234,202,104234,208,104234,187,104234,188,104234,489,104234,465,104234,464,104234,508,104234,473,104234,200017,104234,200025,104234,200023,104234,200021,104234,200025
494,5,3,16,73070,90694,7,73070,4,73070,30,73070,200,73070,182,73070,181,73070,182,73070,184,73070,472,73070,468,73070,475,73070,479,73070,465,73070,200013,73070,200022,73070,200023,73070,200023,73070,200023
495,5,3,16,101298,131231,7,101298,4,101298,30,101298,207,101298,181,101298,184,101298,181,101298,179,101298,493,101298,484,101298,478,101298,483,101298,501,101298,200016,101298,200034,101298,200026,101298,200024,101298,200028
496,5,3,32,5203381883,5255011764,6,5203381883,4,5203381883,29,5203381883,1244,5203381883,1207,5203381883,1167,5203381883,1167,5203381883,1217,5203381883,547,5203381883,490,5203381883,499,5203381883,493,5203381883,489,5203381883,200016,5203381883,200022,5203381883,200022,5203381883,200021,5203381883,200024
497,5,3,32,3821684699,4086974926,8,3821684699,4,3821684699,30,3821684699,1215,3821684699,1388,3821684699,1213,3821684699,1199,3821684699,1199,3821684699,480,3821684699,483,3821684699,507,3821684699,473,3821684699,549,3821684699,200014,3821684699,200024,3821684699,200023,3821684699,200022,3821684699,200026
498,5,3,32,4941475754,5503214759,6,4941475754,3,4941475754,30,4941475754,1262,4941475754,1246,4941475754,1188,4941475754,1187,4941475754,1248,4941475754,476,4941475754,479,4941475754,473,4941475754,484,4941475754,471,4941475754,200016,4941475754,200026,4941475754,200023,4941475754,200025,4941475754,200026
499,5,3,32,4741278722,4741278722,7,4741278722,4,4741278722,30,4741278722,1195,4741278722,1339,4741278722,1728,4741278722,1598,4741278722,1273,4741278722,479,4741278722,473,4741278722,467,4741278722,504,4741278722,490,4741278722,200016,4741278722,200022,4741278722,200022,4741278722,200021,4741278722,200026
500,5,3,32,4383318861,4925451755,6,4383318861,4,4383318861,29,4383318861,1214,4383318861,1167,4383318861,1194,4383318861,1212,4383318861,1190,4383318861,480,4383318861,464,4383318861,483,4383318861,466,4383318861,480,4383318861,200016,4383318861,200024,4383318861,200024,4383318861,200024,4383318861,200024
501,6,3,4,22,25,7,22,4,22,26,22,223,22,199,22,206,22,201,22,196,22,488,22,474,22,471,22,505,22,477,22,200015,22,200022,22,200025,22,200028,22,200024
502,6,3,4,18,22,6,18,5,18,26,18,224,18,201,18,197,18,212,18,198,18,511,18,501,18,500,18,521,18,500,18,200016,18,200024,18,200025,18,200024,18,200043
503,6,3,4,31,41,7,31,5,31,28,31,216,31,229,31,202,31,197,31,196,31,498,31,485,31,479,31,485,31,495,31,200014,31,200023,31,200027,31,200024,31,200028
504,6,3,4,23,31,7,23,4,23,27,23,218,23,212,23,206,23,204,23,196,23,501,23,519,23,506,23,498,23,529,23,200015,23,200022,23,200024,23,200026,23,200025
505,6,3,4,20,26,7,20,5,20,27,20,229,20,215,20,195,20,194,20,195,20,495,20,498,20,482,20,482,20,482,20,200014,20,200041,20,200026,20,200025,20,200023
506,6,3,8,374,384,7,374,5,374,43,374,217,374,222,374,198,374,210,374,197,374,497,374,490,374,489,374,486,374,486,374,200015,374,200027,374,200033,374,200025,374,200031
507,6,3,8,428,462,8,428,4,428,34,428,219,428,199,428,257,428,206,428,200,428,486,428,480,428,476,428,518,428,509,428,200015,428,200028,428,200026,428,200023,428,200027
508,6,3,8,393,455,8,393,4,393,34,393,310,393,218,393,271,393,203,393,227,393,503,393,575,393,1146,393,537,393,717,393,200018,393,200026,393,200034,393,200025,393,200027
509,6,3,8,428,521,7,428,4,428,33,428,225,428,201,428,198,428,196,428,196,428,496,428,503,428,500,428,492,428,515,428,200014,428,200032,428,200029,428,200023,428,200024
510,6,3,8,332,457,7,332,4,332,33,332,243,332,199,332,202,332,205,332,219,332,479,332,489,332,497,332,485,332,475,332,200016,332,200036,332,200023,332,200024,332,200026
511,6,3,16,115659,140471,7,115659,4,115659,33,115659,224,115659,209,115659,197,115659,214,115659,208,115659,884,115659,482,115659,484,115659,477,115659,562,115659,200014,115659,200022,115659,200026,115659,200023,115659,200023
512,6,3,16,98888,98888,7,98888,4,98888,34,98888,251,98888,212,98888,210,98888,197,98888,205,98888,503,98888,497,98888,490,98888,483,98888,487,98888,200019,98888,200025,98888,200025,98888,200025,98888,200024
513,6,3,16,129415,156320,7,129415,12,129415,34,129415,214,129415,213,129415,197,129415,260,129415,206,129415,488,129415,484,129415,491,129415,495,129415,497,129415,200017,129415,200023,129415,200023,129415,200024,129415,200024
514,6,3,16,70935,100178,7,70935,4,70935,33,70935,218,70935,203,70935,198,70935,207,70935,202,70935,485,70935,473,70935,475,70935,490,70935,472,70935,200014,70935,200022,70935,200026,70935,200025,70935,200025
515,6,3,16,90437,97210,7,90437,4,90437,34,90437,214,90437,198,90437,210,90437,205,90437,281,90437,514,90437,503,90437,476,90437,495,90437,475,90437,200024,90437,200023,90437,200022,90437,200022,90437,200023
516,6,3,32,8586303437,10722645685,7,8586303437,4,8586303437,34,8586303437,1369,8586303437,1753,8586303437,1265,8586303437,1614,8586303437,1247,8586303437,487,8586303437,484,8586303437,474,8586303437,492,8586303437,474,8586303437,200014,8586303437,200025,8586303437,200024,8586303437,200025,8586303437,200025
517,6,3,32,6567937344,6612895634,7,6567937344,5,6612895634,33,6567937344,1341,6567937344,1278,6567937344,1259,6567937344,1259,6567937344,1233,6567937344,505,6567937344,484,6567937344,477,6567937344,489,6567937344,486,6567937344,200017,6567937344,200025,6567937344,200023,6567937344,200025,6567937344,200022
518,6,3,32,7369857958,9947307563,7,7369857958,4,7369857958,33,7369857958,1307,7369857958,1275,7369857958,1333,7369857958,1294,7369857958,1287,7369857958,482,7369857958,525,7369857958,493,7369857958,482,7369857958,866,7369857958,200019,7369857958,200024,7369857958,200024,7369857958,200031,7369857958,200026
519,6,3,32,7025035567,8194444773,8,7025035567,4,7025035567,33,7025035567,1304,7025035567,1282,7025035567,1279,7025035567,1274,7025035567,1370,7025035567,497,7025035567,487,7025035567,507,7025035567,486,7025035567,488,7025035567,200018,7025035567,200023,7025035567,200027,7025035567,200024,7025035567,200025
520,6,3,32,4796171759,5562077125,7,4796171759,4,4796171759,34,4796171759,1290,4796171759,1354,4796171759,1355,4796171759,1285,4796171759,1391,4796171759,510,4796171759,492,4796171759,492,4796171759,502,4796171759,485,4796171759,200020,4796171759,200024,4796171759,200028,4796171759,200025,4796171759,200032
521,7,3,4,23,24,8,24,4,23,30,23,411,23,1016,23,224,23,236,23,1037,23,564,23,563,23,540,23,615,23,514,23,31,23,28,23,22,23,51,23,29
522,7,3,4,27,38,4,27,3,27,25,27,233,27,210,27,214,27,214,27,217,27,531,27,503,27,499,27,503,27,533,27,200016,27,200027,27,200026,27,200026,27,200024
523,7,3,4,35,37,8,35,5,35,34,35,252,35,223,35,212,35,217,35,211,35,506,35,492,35,492,35,503,35,518,35,200017,35,200025,35,200025,35,200033,35,200026
524,7,3,4,30,32,8,30,4,30,29,30,263,30,210,30,212,30,207,30,210,30,533,30,509,30,508,30,526,30,555,30,200013,30,200025,30,200023,30,200024,30,200028
525,7,3,4,24,32,8,24,4,24,30,24,245,24,219,24,213,24,212,24,220,24,495,24,493,24,486,24,670,24,616,24,200023,24,200024,24,200024,24,200025,24,200025
526,7,3,8,433,434,8,433,4,436,36,433,247,433,213,433,224,433,237,433,211,433,518,433,502,433,497,433,503,433,508,433,200016,433,200027,433,200026,433,200025,433,200024
527,7,3,8,402,522,7,402,5,403,36,402,282,402,258,402,214,402,211,402,210,402,497,402,536,402,488,402,487,402,489,402,200014,402,200025,402,200026,402,200025,402,200026
528,7,3,8,415,598,8,415,4,417,37,415,237,415,451,415,218,415,213,415,215,415,501,415,500,415,1065,415,495,415,538,415,200017,415,200025,415,200030,415,200023,415,200025
529,7,3,8,517,669,7,517,4,520,37,517,238,517,213,517,219,517,235,517,213,517,531,517,577,517,611,517,627,517,504,517,200015,517,200026,517,200026,517,200025,517,200024
530,7,3,8,505,547,7,505,5,505,37,505,287,505,218,505,217,505,213,505,220,505,504,505,486,505,499,505,493,505,489,505,200015,505,200024,505,200023,505,200025,505,200029
531,7,3,16,106492,148885,7,106492,5,106492,37,106492,232,106492,218,106492,212,106492,211,106492,218,106492,500,106492,494,106492,497,106492,498,106492,515,106492,200014,106492,200036,106492,200028,106492,200025,106492,200049
532,7,3,16,113573,127857,14,115524,8,113573,52,113573,296,113573,275,115524,1598,113573,701,113573,665,113573,1169,113573,787,113573,718,113573,749,113573,796,113573,22,113573,20,113573,19,113573,20,113573,19
533,7,3,16,126054,163802,4,126054,4,126874,36,126054,217,126054,232,126054,210,126054,223,126054,224,126054,500,126054,499,126054,497,126054,520,126054,506,126054,200016,126054,200023,126054,200025,126054,200026,126054,200025
534,7,3,16,94899,121495,8,94899,5,95590,38,94899,236,94899,213,94899,231,94899,217,94899,211,94899,508,94899,501,94899,505,94899,505,94899,531,94899,200018,94899,200034,94899,200026,94899,200030,94899,200244
535,7,3,16,86321,99729,8,86942,5,86942,37,86321,757,86321,223,86321,1403,86321,216,86321,228,86321,719,86321,923,86321,495,86321,485,86321,512,86321,34,86321,32,86321,31,86321,39,86321,36
536,7,3,32,7782127790,8503959668,4,7782127790,3,7782127790,34,7782127790,1332,7782127790,1312,7782127790,1411,7782127790,1346,7782127790,1338,7782127790,490,7782127790,500,7782127790,511,7782127790,505,7782127790,504,7782127790,200016,7782127790,200025,7782127790,200026,7782127790,200026,7782127790,200024
537,7,3,32,8473505536,10757227716,10,8473505536,6,8473505536,46,8473505536,1357,8473505536,1332,8473505536,1328,8473505536,1338,8473505536,1351,8473505536,627,8473505536,503,8473505536,515,8473505536,500,8473505536,492,8473505536,200019,8473505536,200038,8473505536,200022,8473505536,200024,8473505536,200045
538,7,3,32,8388246133,9956395474,8,8441095670,5,8388246133,41,8388246133,1361,8388246133,1312,8388246133,1315,8388246133,1365,8388246133,1326,8441095670,507,8388246133,496,8388246133,496,8388246133,640,8388246133,520,8388246133,22,8388246133,20,8388246133,20,8388246133,19,8388246133,21
539,7,3,32,9133227640,12694308941,4,9133227640,3,9133227640,34,9133227640,1306,9133227640,1335,9133227640,1415,9133227640,1321,9133227640,1328,9133227640,506,9133227640,483,9133227640,492,9133227640,500,9133227640,511,9133227640,200014,9133227640,200023,9133227640,200023,9133227640,200023,9133227640,200028
540,7,3,32,5197051007,5939017684,8,5746562396,5,5197051007,36,5197051007,4035,5197051007,1402,5197051007,2599,5197051007,1732,5197051007,1805,5197051007,557,5197051007,522,5197051007,548,5197051007,507,5197051007,551,5197051007,24,5197051007,20,5197051007,21,5197051007,20,5197051007,20
541,8,3,4,23,32,4,23,4,23,29,23,285,23,286,23,230,23,226,23,246,23,497,23,508,23,501,23,505,23,1200,23,200032,23,200024,23,200025,23,200028,23,200029
542,8,3,4,34,45,8,35,6,35,41,34,757,34,736,34,409,34,224,35,1542,34,534,34,549,34,846,34,512,34,563,34,24,34,20,34,20,34,24,34,20
543,8,3,4,29,43,5,29,6,29,31,29,285,29,226,29,248,29,231,29,230,29,546,29,546,29,618,29,503,29,503,29,200014,29,200024,29,200023,29,200031,29,200024
544,8,3,4,37,46,8,37,6,37,37,37,276,37,271,37,326,37,265,37,328,37,510,37,505,37,509,37,510,37,514,37,200028,37,200027,37,200026,37,200025,37,200024
545,8,3,4,42,49,7,44,5,42,36,42,249,42,230,44,1467,42,743,44,1459,42,645,42,560,42,552,42,509,42,661,42,34,42,22,42,23,42,60,42,152
546,8,3,8,342,436,6,342,6,348,49,342,267,342,240,342,230,342,226,342,241,342,637,342,525,342,534,342,526,342,493,342,200018,342,200026,342,200024,342,200025,342,200025
547,8,3,8,487,633,8,487,5,487,41,487,254,487,233,487,232,487,241,487,225,487,522,487,523,487,501,487,555,487,511,487,200014,487,200026,487,200026,487,200025,487,200026
548,8,3,8,457,564,8,457,5,457,40,457,261,457,229,457,227,457,236,457,229,457,519,457,499,457,504,457,499,457,508,457,200014,457,200027,457,200024,457,200025,457,200034
549,8,3,8,678,911,8,678,5,687,40,678,254,678,234,678,236,678,230,678,230,678,532,678,519,678,516,678,510,678,507,678,200013,678,200023,678,200022,678,200026,678,200024
550,8,3,8,555,591,8,591,5,557,40,555,255,555,238,555,227,555,232,555,1408,555,538,555,558,555,1172,555,701,555,498,555,25,555,28,555,24,555,21,555,47
551,8,3,16,123877,136192,4,123877,4,123877,50,123877,250,123877,232,123877,231,123877,235,123877,237,123877,498,123877,515,123877,518,123877,511,123877,499,123877,200013,123877,200022,123877,200030,123877,200026,123877,200024
552,8,3,16,155216,199056,8,157250,5,155216,47,155216,1137,155216,1391,155216,822,155216,732,155216,228,155216,504,155216,526,155216,655,155216,606,155216,538,155216,23,155216,20,155216,19,155216,20,155216,20
553,8,3,16,91739,118995,4,92251,4,91739,37,91739,773,91739,230,91739,232,91739,225,91739,744,92251,502,92251,500,92251,523,92251,497,92251,490,91739,21,91739,47,91739,58,91739,48,91739,50
554,8,3,16,174342,241220,4,186343,4,174342,36,174342,236,174342,249,174342,228,174342,227,178388,1420,174342,628,174342,643,174342,625,174342,536,174342,526,174342,23,174342,22,174342,20,174342,20,174342,21
555,8,3,16,134836,175416,4,134836,4,135731,38,134836,365,134836,350,134836,360,134836,346,134836,347,134836,569,134836,756,134836,732,134836,778,134836,749,134836,200023,134836,200024,134836,200029,134836,200035,134836,200026
556,8,3,32,5726958265,5788745458,8,5726958265,5,5731584890,40,5726958265,1442,5726958265,1468,5726958265,1441,5726958265,1546,5726958265,1411,5726958265,511,5726958265,495,5726958265,504,5726958265,495,5726958265,490,5726958265,200017,5726958265,200023,5726958265,200024,5726958265,200025,5726958265,200024
557,8,3,32,6975120455,7208483121,7,6991834626,6,7016480622,41,6975120455,3174,6975120455,2792,6975120455,2124,6975120455,1450,6975120455,2063,6975120455,523,6975120455,585,6975120455,571,6975120455,529,6975120455,524,6975120455,22,6975120455,21,6975120455,20,6975120455,20,6975120455,19
558,8,3,32,7767217410,8622160434,4,8622160434,4,7777008833,37,7767217410,1420,7767217410,2481,7767217410,1771,7767217410,3478,7767217410,4128,7767217410,578,7767217410,591,7767217410,741,7777008833,611,7767217410,547,7767217410,32,7767217410,20,7767217410,20,7767217410,21,7767217410,20
559,8,3,32,10444127611,13952141011,4,10444127611,4,10444127611,38,10444127611,1424,10444127611,1581,10444127611,1407,10444127611,1480,10444127611,1602,10444127611,506,10444127611,500,10444127611,503,10444127611,507,10444127611,502,10444127611,200020,10444127611,200025,10444127611,200026,10444127611,200026,10444127611,200024
560,8,3,32,6884048234,8651841022,8,6938650386,5,6884048234,41,6884048234,2530,6884048234,2490,6884048234,1741,6884048234,3097,6884048234,1733,6884048234,559,6884048234,515,6884048234,580,6884048234,530,6884048234,498,6884048234,23,6884048234,20,6884048234,20,6884048234,21,6884048234,21
561,9,3,4,34,44,5,34,5,34,35,34,252,34,244,34,272,34,247,34,252,34,518,34,540,34,519,34,505,34,514,34,200014,34,200024,34,200024,34,200029,34,200025
562,9,3,4,38,40,9,38,6,38,41,38,263,38,259,38,261,38,256,38,243,38,517,38,514,38,507,38,517,38,506,38,200016,38,200025,38,200023,38,200026,38,200024
563,9,3,4,44,51,8,44,5,44,38,44,265,44,299,44,254,44,242,44,246,44,559,44,511,44,508,44,515,44,502,44,200017,44,200034,44,200023,44,200024,44,200026
564,9,3,4,24,27,8,24,6,24,34,24,276,24,252,24,241,24,241,24,239,24,531,24,513,24,513,24,517,24,504,24,200016,24,200025,24,200022,24,200024,24,200024
565,9,3,4,43,60,7,45,6,44,43,43,799,43,1545,43,1475,43,452,43,432,43,570,43,533,43,523,43,559,43,605,43,22,43,20,43,20,43,20,43,21
566,9,3,8,665,835,4,699,5,716,39,665,1530,689,2522,689,3815,666,5097,665,2536,665,591,665,579,665,556,665,616,665,582,665,29,665,35,665,23,665,54,665,37
567,9,3,8,542,587,5,542,5,556,41,542,330,542,303,542,270,542,324,542,313,542,546,542,514,542,505,542,508,542,651,542,200019,542,200023,542,200025,542,200024,542,200024
568,9,3,8,616,750,8,635,5,616,44,616,3652,619,3667,616,697,616,1467,619,2493,619,554,619,550,619,503,619,517,619,781,616,28,616,41,616,26,616,81,616,27
569,9,3,8,583,583,5,584,4,583,41,584,1491,583,1155,583,1601,583,1113,583,482,583,707,583,504,583,570,583,590,583,594,583,23,583,21,583,23,583,20,583,20
570,9,3,8,404,405,4,404,4,407,41,404,245,404,243,404,255,404,256,404,240,404,526,404,509,404,516,404,516,404,526,404,200016,404,200023,404,200024,404,200024,404,200024
571,9,3,16,134979,147812,8,134979,5,135279,44,134979,270,134979,244,134979,248,134979,254,134979,268,134979,556,134979,510,134979,503,134979,521,134979,518,134979,200015,134979,200024,134979,200024,134979,200025,134979,200026
572,9,3,16,161143,161916,8,162071,5,162032,43,162032,2574,161143,447,161143,760,161143,2223,161143,1228,161143,519,161143,560,161143,702,161143,538,161143,622,161143,25,161143,21,161143,21,161143,20,161143,20
573,9,3,16,164124,192360,4,168656,5,171549,41,164124,2531,164124,1123,164271,1832,164124,843,164124,253,164124,735,164124,564,164124,565,164124,618,164124,617,164124,24,164124,21,164124,21,164124,21,164124,21
574,9,3,16,134381,152380,4,137864,4,134381,40,134381,788,136841,2590,134381,766,137864,1615,134381,437,137864,515,137864,508,137864,510,137864,502,137864,513,134381,37,134381,32,134381,59,134381,26,134381,22
575,9,3,16,103245,116267,4,104875,5,103245,41,104875,1647,103245,2229,104872,3259,103245,264,104875,1475,103245,554,103245,576,103245,528,103245,546,103245,553,103245,25,103245,21,103245,21,103245,21,103245,21
576,9,3,32,7904878320,8661562865,4,7904878320,4,8141703630,40,7904878320,1539,7904878320,1588,7904878320,1491,7904878320,1475,7904878320,1650,7904878320,517,7904878320,510,7904878320,496,7904878320,501,7904878320,517,7904878320,200019,7904878320,200023,7904878320,200024,7904878320,200025,7904878320,200024
577,9,3,32,12272456199,15100188638,10,12284527284,7,13225088496,54,12284527284,1565,12272456199,1530,12272456199,1472,12284527284,1498,12284527284,1452,12272456199,666,12272456199,755,12272456199,652,12272456199,654,12272456199,516,12272456199,25,12272456199,21,12272456199,22,12272456199,20,12272456199,21
578,9,3,32,7384268729,9322372932,4,7384268729,4,7624849171,41,7384268729,1471,7384268729,1505,7384268729,1483,7384268729,1536,7384268729,1470,7384268729,541,7384268729,511,7384268729,523,7384268729,507,7384268729,511,7384268729,200016,7384268729,200025,7384268729,200024,7384268729,200022,7384268729,200027
579,9,3,32,10014294292,11356314139,8,10014294292,5,10368841946,43,10014294292,1513,10014294292,1492,10014294292,1552,10014294292,1491,10014294292,1522,10014294292,531,10014294292,513,10014294292,523,10014294292,521,10014294292,544,10014294292,200020,10014294292,200023,10014294292,200023,10014294292,200026,10014294292,200024
580,9,3,32,12730109152,15094409292,8,12807386883,5,12798946716,44,12730109152,1909,12730109152,3018,12807386883,1579,12730109152,1696,12730109152,3321,12798946716,837,12798946716,538,12798946716,623,12798946716,571,12807386883,515,12730109152,27,12730109152,31,12730109152,49,12730109152,32,12730109152,41
581,10,3,4,46,53,5,47,5,46,38,47,1640,46,1178,47,1590,47,1573,46,802,46,706,46,823,46,631,47,515,46,647,46,447,46,126,46,148,46,86,46,891
582,10,3,4,36,51,5,36,5,36,37,36,309,36,258,36,277,36,254,36,280,36,601,36,683,36,547,36,523,36,517,36,200016,36,200026,36,200032,36,200025,36,200025
583,10,3,4,51,54,9,53,6,51,41,51,494,51,476,51,470,51,531,51,496,51,677,51,614,51,552,51,526,51,546,51,24,51,22,51,22,51,31,51,21
584,10,3,4,44,47,5,45,4,45,41,44,274,44,283,44,337,45,1570,44,460,44,788,44,822,44,562,44,814,44,619,45,200015,45,200023,45,200026,45,200025,44,218
585,10,3,4,53,60,5,54,5,53,42,54,1666,53,780,53,1576,54,1538,54,1640,54,529,54,533,54,531,54,596,54,654,53,37,53,33,53,138,53,27,53,41
586,10,3,8,467,540,5,467,5,477,44,467,273,467,267,467,284,467,256,467,254,467,508,467,517,467,523,467,505,467,501,467,200016,467,200026,467,200025,467,200024,467,200026
587,10,3,8,489,502,8,494,6,491,46,489,293,494,1671,494,1624,494,1662,489,833,491,649,491,578,491,753,491,510,491,646,489,33,489,74,489,33,489,52,489,76
588,10,3,8,514,550,8,514,7,518,45,514,291,514,257,514,281,514,259,514,262,514,576,514,555,514,522,514,507,514,647,514,200016,514,200026,514,200025,514,200024,514,200024
589,10,3,8,446,501,9,448,6,455,47,448,1623,446,485,448,1542,448,1620,448,1542,448,523,446,543,448,526,446,519,448,513,446,46,446,84,446,87,446,161,446,55
590,10,3,8,523,599,5,533,5,536,43,523,1160,523,3350,523,480,523,468,523,2670,523,883,523,662,523,945,523,536,523,881,523,23,523,22,523,21,523,53,523,21
591,10,3,16,122279,191730,5,122339,5,122636,44,122339,1593,122339,1611,122339,1562,122339,1530,122279,1197,122279,688,122339,543,122339,506,122339,518,122279,668,122279,36,122279,79,122279,58,122279,21,122279,44
592,10,3,16,151497,183293,5,158649,5,156440,44,151497,475,151497,1613,151497,1532,153087,3459,153087,2671,152940,932,152940,642,152940,614,152940,658,151497,748,151497,91,151497,149,151497,208,151497,195,151497,320
593,10,3,16,120334,123587,5,120393,5,121201,44,120393,1694,120393,1562,120393,1554,120334,296,120393,1533,120393,520,120393,512,120393,511,120393,533,120393,555,120334,139,120334,125,120334,104,120334,21,120334,21
594,10,3,16,152970,168644,5,157782,5,157673,42,154725,2340,154976,1619,155665,1645,152970,1969,152970,493,154725,656,154725,642,154725,587,154725,615,154725,611,152970,39,152970,33,152970,44,152970,111,152970,68
595,10,3,16,202627,306101,5,217916,5,202710,44,202627,465,202627,4305,202710,3749,202627,780,202627,2116,204626,745,206708,524,204626,610,204626,540,206708,572,202627,56,202627,53,202627,37,202627,23,202627,33
596,10,3,32,9586158088,11821304841,5,9698196790,5,9670649110,43,9617475194,4557,9586158088,1578,9586158088,2330,9586158088,2644,9586158088,3092,9586158088,681,9619861506,554,9586158088,641,9619861506,565,9586158088,569,9586158088,44,9586158088,24,9586158088,28,9586158088,21,9586158088,46
597,10,3,32,12076515770,16357784646,5,12099609629,5,12102105199,44,12079011340,2303,12076515770,2663,12099609629,1559,12076515770,1960,12099609629,1542,12076515770,821,12076515770,611,12079011340,677,12079011340,521,12099609629,549,12076515770,368,12076515770,70,12076515770,27,12076515770,236,12076515770,186
598,10,3,32,13079785014,17068545066,5,13121866644,5,13079785014,43,13079785014,3208,13121866644,1577,13079785014,3027,13121866644,1588,13121866644,1620,13121866644,527,13079785014,763,13079785014,673,13079785014,858,13121866644,535,13079785014,25,13079785014,94,13079785014,81,13079785014,80,13079785014,21
599,10,3,32,13611151497,16360363859,5,13611151497,5,13640559737,44,13611151497,1591,13611151497,1759,13611151497,1722,13611151497,1628,13611151497,1539,13611151497,528,13611151497,511,13611151497,534,13611151497,512,13611151497,519,13611151497,200016,13611151497,200026,13611151497,200025,13611151497,200024,13611151497,200025
600,10,3,32,13075141044,17914421083,8,13312020783,6,13258991355,46,13154536287,3463,13075141044,3187,13075141044,3839,13075141044,3406,13075141044,3052,13075141044,639,13075141044,942,13075141044,528,13075141044,930,13075141044,765,13075141044,95,13075141044,23,13075141044,21,13075141044,107,13075141044,21
601,11,3,4,51,63,5,53,5,52,55,51,823,51,1695,51,484,51,2009,51,276,51,589,52,674,52,557,52,564,51,777,51,52,51,50,51,46,51,132,52,200016
602,11,3,4,56,73,12,56,8,56,55,56,296,56,290,56,276,56,311,56,278,56,668,56,613,56,518,56,517,56,577,56,200015,56,200025,56,200026,56,200025,56,200026
603,11,3,4,55,59,9,55,6,55,43,55,310,55,297,55,281,55,278,55,269,55,539,55,531,55,536,55,549,55,534,55,200015,55,200024,55,200025,55,200023,55,200026
604,11,3,4,48,57,8,49,6,48,42,48,1297,48,277,49,1611,48,277,48,483,49,541,49,538,49,532,49,513,49,520,48,51,48,44,48,56,48,52,48,36
605,11,3,4,57,72,5,57,5,57,49,57,310,57,267,57,268,57,274,57,289,57,555,57,526,57,526,57,527,57,526,57,200016,57,200026,57,200025,57,200025,57,200024
606,11,3,8,566,803,9,567,6,570,49,567,1736,566,1214,567,1621,567,1613,567,1651,567,534,567,522,567,530,567,525,567,536,566,39,566,54,566,82,566,31,566,70
607,11,3,8,694,756,5,697,5,698,46,696,2402,694,291,695,3865,694,1269,695,1653,694,756,694,657,694,778,694,814,694,688,694,154,694,31,694,256,694,122,694,78
608,11,3,8,749,905,5,764,6,754,47,749,5104,756,2796,756,2929,756,2963,756,1628,754,526,754,721,754,798,754,1025,754,594,749,57,754,200015,764,200023,749,121,749,113
609,11,3,8,736,754,5,750,5,748,47,737,2080,737,2032,736,2111,737,3284,741,4360,736,722,736,638,742,801,736,576,736,889,736,26,748,200016,736,32,736,23,742,200018
610,11,3,8,496,671,8,498,6,498,47,498,1571,496,798,496,1517,498,1517,498,1681,496,854,496,646,497,525,496,527,497,542,496,31,496,29,496,57,496,43,496,274
611,11,3,16,159088,185310,5,163212,5,159806,43,161631,1680,159624,3021,159088,3380,162922,2964,159088,1224,159624,584,161813,730,159088,775,161813,598,161813,628,159088,38,159088,37,159088,32,159088,118,159088,94
612,11,3,16,190620,211627,5,190620,5,191735,44,190620,280,190620,253,190620,269,190620,272,190620,255,190620,490,190620,493,190620,519,190620,492,190620,485,190620,200014,190620,200025,190620,200028,190620,200026,190620,200026
613,11,3,16,165945,179211,9,168715,6,165945,57,168715,1640,167624,3983,167624,2873,168715,1614,166027,2805,165945,717,166027,570,167624,604,167624,708,165945,681,165945,229,165945,244,165945,66,165945,91,165945,188
614,11,3,16,226390,279939,5,234226,5,229813,47,226390,2836,226390,275,230132,3715,226390,4369,227061,3427,226390,657,227061,595,229813,708,226390,656,227061,783,226390,31,226390,93,226390,118,226390,28,226390,66
615,11,3,16,182972,207276,5,182972,5,183776,46,182972,280,182972,298,182972,280,182972,298,182972,268,182972,523,182972,537,182972,654,182972,625,182972,512,182972,200018,182972,200025,182972,200024,182972,200026,182972,200028
616,11,3,32,14685890183,17010861460,12,14733900870,8,14685890183,62,14733900870,1737,14733900870,1683,14733900870,1913,14685890183,3616,14733900870,1640,14685890183,968,14685890183,792,14685890183,928,14685890183,863,14733900870,538,14685890183,95,14685890183,58,14685890183,34,14685890183,31,14685890183,26
617,11,3,32,8741028546,10806084575,6,8938625326,7,8843698944,60,8773457691,6342,8773457691,2491,8877272869,1592,8773457691,4375,8741028546,3918,8741028546,745,8741028546,561,8741028546,667,8841760382,715,8841760382,590,8741028546,52,8741028546,453,8741028546,167,8741028546,443,8741028546,374
618,11,3,32,13825722078,14959284080,5,14262970135,5,14223360167,47,13825722078,2335,13842737652,2486,13825722078,2115,13858024842,1865,13825722078,3634,13825722078,623,13825722078,554,13825722078,794,13973604046,645,13842737652,664,13825722078,153,13825722078,30,13825722078,40,13825722078,524,13825722078,22
619,11,3,32,14770958343,17735346809,5,14884215541,5,14880605092,47,14770958343,5181,14770958343,4570,14770958343,4731,14770958343,4440,14770958343,6493,14770958343,994,14770958343,774,14770958343,869,14770958343,1189,14804328880,784,14770958343,120,14770958343,62,14770958343,113,14770958343,26,14770958343,190
620,11,3,32,13900098367,15177508587,8,13900454978,7,13967956105,57,13900098367,2800,13900454978,1676,13900454978,1698,13900454978,1746,13900098367,3606,13900098367,912,13900098367,707,13900454978,525,13900454978,540,13900098367,653,13900098367,41,13900098367,25,13900098367,40,13900098367,22,13900098367,44
621,12,3,4,34,42,6,34,5,34,42,34,361,34,364,34,303,34,282,34,283,34,528,34,525,34,542,34,554,34,523,34,200016,34,200025,34,200024,34,200026,34,200026
622,12,3,4,48,57,10,48,7,48,45,48,307,48,284,48,289,48,289,48,308,48,551,48,554,48,531,48,554,48,534,48,200018,48,200025,48,200023,48,200024,48,200023
623,12,3,4,60,65,9,61,7,61,51,60,1337,60,1257,60,1672,60,504,60,281,60,722,60,600,60,597,60,572,60,561,60,25,60,22,60,22,60,22,60,37
624,12,3,4,32,40,8,32,9,32,47,32,351,32,299,32,327,32,284,32,282,32,635,32,662,32,524,32,581,32,580,32,200017,32,200024,32,200025,32,200026,32,200026
625,12,3,4,41,50,9,41,7,41,45,41,320,41,308,41,288,41,279,41,288,41,553,41,548,41,537,41,536,41,543,41,200016,41,200026,41,200027,41,200027,41,200075
626,12,3,8,679,780,10,681,7,681,51,681,1725,681,1763,681,1832,681,1745,681,1757,679,567,679,876,679,879,679,652,679,725,679,52,679,60,679,224,679,401,679,32
627,12,3,8,954,976,5,962,5,992,48,962,1748,954,2473,962,1698,960,1742,954,288,954,589,961,547,962,559,954,940,954,1031,954,24,954,23,954,23,954,23,954,22
628,12,3,8,632,800,5,634,5,636,48,632,605,634,1941,634,1737,634,1722,634,1664,632,773,634,552,634,644,632,553,632,832,632,25,632,24,632,21,632,22,632,21
629,12,3,8,982,1143,6,982,5,988,49,982,303,982,290,982,282,982,303,982,289,982,539,982,548,982,526,982,540,982,531,982,200017,982,200028,982,200023,982,200027,982,200024
630,12,3,8,657,800,10,657,7,661,52,657,306,657,282,657,295,657,303,657,292,657,541,657,723,657,583,657,539,657,549,657,200019,657,200027,657,200033,657,200025,657,200026
631,12,3,16,241896,363619,9,243693,7,243532,51,243693,1725,243476,2938,242735,3417,242735,2317,242157,3095,243693,536,243693,547,243693,527,243693,533,243693,532,241896,633,241896,439,241896,310,241896,1145,241896,553
632,12,3,16,183768,191137,6,186127,6,186478,51,184120,2963,183768,3717,184056,3602,183768,585,184154,2590,184408,608,183825,1078,184056,522,183825,600,183825,889,183768,31,183768,23,183768,22,183768,22,183768,201
633,12,3,16,151851,166978,6,151851,6,153934,88,151851,304,151851,296,151851,284,151851,314,151851,384,151851,544,151851,646,151851,661,151851,537,151851,531,151851,200018,151851,200026,151851,200025,151851,200024,151851,200025
634,12,3,16,208449,249571,9,212439,7,210400,59,208540,2120,208941,5411,208449,1619,208449,2469,208449,4466,210603,796,208449,802,210603,941,208449,1120,208449,729,208984,200019,208449,249,208984,200026,210400,200024,208449,127
635,12,3,16,179506,238370,6,179506,5,180877,51,179506,312,179506,292,179506,282,179506,292,179506,295,179506,546,179506,534,179506,524,179506,531,179506,521,179506,200015,179506,200024,179506,200026,179506,200031,179506,200025
636,12,3,32,9569695970,10429797939,8,9798926337,7,9842869624,52,9622086385,2150,9609799974,5785,9605751961,2710,9605751961,4937,9569695970,3245,9630046534,986,9605751961,883,9609799974,776,9622086385,689,9613639257,1031,9569695970,29,9569695970,209,9569695970,24,9569695970,23,9569695970,34
637,12,3,32,10254470032,13247745708,5,10254470032,5,10276790771,51,10254470032,1672,10254470032,1776,10254470032,1728,10254470032,1697,10254470032,1774,10254470032,534,10254470032,538,10254470032,542,10254470032,546,10254470032,558,10254470032,200017,10254470032,200024,10254470032,200028,10254470032,200024,10254470032,200026
638,12,3,32,12277374631,13107163426,9,12293642231,7,12371288080,52,12293642231,1739,12293642231,2134,12277374631,3419,12293642231,2135,12293642231,1732,12293642231,532,12280605775,775,12280605775,584,12293642231,529,12293642231,536,12277374631,27,12277374631,24,12277374631,22,12277374631,22,12277374631,22
639,12,3,32,13431237218,19408599371,5,13431237218,5,13707611943,50,13431237218,1795,13431237218,1892,13431237218,1741,13431237218,1733,13431237218,2078,13431237218,550,13431237218,542,13431237218,535,13431237218,530,13431237218,599,13431237218,200018,13431237218,200040,13431237218,200044,13431237218,200027,13431237218,200027
640,12,3,32,12782226059,19075397384,9,12886520357,7,12839181621,53,12886520357,1738,12839181621,3677,12886520357,1682,12886520357,1758,12886520357,1685,12886520357,542,12839181621,622,12850018525,810,12839181621,824,12839181621,959,12782226059,27,12782226059,100,12782226059,30,12782226059,49,12782226059,28
641,13,3,4,44,53,6,44,6,44,46,44,303,44,293,44,297,44,311,44,293,44,547,44,550,44,581,44,564,44,547,44,200016,44,200027,44,200026,44,200024,44,200025
642,13,3,4,67,75,9,68,7,67,53,68,1810,68,1765,68,1841,68,1745,67,1443,68,583,68,547,68,537,68,528,68,547,67,82,67,59,67,41,67,54,67,67
643,13,3,4,54,61,9,54,7,54,45,54,383,54,307,54,343,54,302,54,298,54,661,54,563,54,543,54,636,54,561,54,200018,54,200027,54,200025,54,200027,54,200028
644,13,3,4,43,49,10,44,7,44,54,43,953,43,1735,43,914,43,963,43,556,43,563,43,738,43,585,43,759,43,706,43,34,43,23,43,22,43,21,43,86
645,13,3,4,46,54,6,46,6,46,45,46,392,46,380,46,485,46,313,46,294,46,547,46,552,46,548,46,638,46,566,46,200017,46,200025,46,200026,46,200025,46,200028
646,13,3,8,693,707,9,706,7,697,54,696,3928,695,2212,696,2168,694,3552,694,3492,693,935,696,805,698,857,696,728,698,579,693,183,695,200017,696,200031,693,700,696,200018
647,13,3,8,880,941,9,881,8,885,54,881,1778,880,1328,881,1732,881,1882,881,1860,881,545,880,803,881,556,880,539,881,542,880,26,880,25,880,22,880,21,880,22
648,13,3,8,992,1270,6,998,6,1006,52,998,1857,998,1800,998,1777,998,1813,997,1921,998,553,998,543,998,537,998,553,998,547,992,28,992,24,992,23,992,23,992,23
649,13,3,8,704,923,6,704,6,707,52,704,319,704,305,704,305,704,296,704,328,704,533,704,533,704,603,704,588,704,529,704,200016,704,200026,704,200025,704,200027,704,200026
650,13,3,8,1026,1331,10,1028,7,1029,54,1026,327,1028,1866,1028,1804,1028,1777,1028,1800,1026,854,1026,634,1026,843,1028,555,1026,792,1026,2765,1026,276,1026,63,1026,157,1026,2205
651,13,3,16,194551,201596,6,196099,6,195218,52,194551,1401,195719,5959,194753,4269,194551,956,194551,1786,194698,679,194551,802,195016,787,195719,1020,195016,907,194551,75,194551,364,194551,42,194551,167,194551,30
652,13,3,16,163102,176239,6,164829,6,164134,51,163385,7206,163385,2997,163239,5114,163592,3225,163147,3566,164732,734,164829,561,163102,1120,163703,758,164829,577,163102,215,163102,184,163147,200018,163147,200025,163102,283
653,13,3,16,266993,317949,6,268266,6,270840,54,267905,3038,266993,2680,268266,1770,268074,3603,268266,1876,267905,556,268266,540,267817,570,267905,558,268266,554,267101,200021,267101,200028,266993,96,266993,386,267101,200016
654,13,3,16,238247,243427,10,244338,7,240446,53,239809,2253,240065,1897,238898,6881,238988,5094,239535,3682,238424,1207,239696,566,238247,1077,238424,981,238424,1099,238981,200195,238981,200030,238898,200026,238247,62,238988,200017
655,13,3,16,211451,260653,10,211677,8,214469,55,211677,1971,211677,1900,211677,1758,211677,1922,211677,1756,211677,534,211677,569,211677,530,211677,530,211677,639,211677,200017,211451,147,211677,200017,211677,200026,211677,200024
656,13,3,32,17393207467,25253195087,13,17403599166,9,17526959984,69,17403599166,1815,17403599166,1793,17403599166,1832,17403599166,1871,17403599166,2194,17393207467,718,17393207467,1082,17403599166,556,17393207467,761,17403599166,544,17393207467,30,17393207467,23,17393207467,22,17393207467,22,17393207467,22
657,13,3,32,15340474273,23180309278,6,15574635140,6,15433638151,53,15433024575,2087,15409883055,2239,15353687057,3334,15404147792,2215,15340474273,6936,15340474273,682,15353687057,675,15369691704,1188,15404147792,677,15357052799,1099,15340474273,278,15343840015,200018,15340474273,195,15409883055,200018,15340474273,69
658,13,3,32,11379616122,14651647296,6,11479501173,6,11467068595,54,11379616122,3631,11379616122,5311,11410062100,5964,11403069948,4362,11479501173,1989,11433515926,1070,11440861597,726,11479501173,530,11418844576,634,11418844576,846,11379616122,66,11379616122,303,11379616122,381,11379616122,392,11379616122,377
659,13,3,32,17439260207,18350622680,6,17981328318,6,17529617897,52,17458071611,5506,17475179319,3445,17458542167,3919,17439260207,5184,17486485351,3002,17512039633,666,17498241129,1016,17439260207,841,17439260207,553,17464814489,773,17439260207,40,17439260207,271,17439260207,69,17439260207,99,17439260207,552
660,13,3,32,9834833359,10143904562,6,9986434803,15,9872216240,52,9835444458,5609,9835444458,7086,9845989675,3838,9835444458,2192,9834833359,6046,9928403646,541,9834833359,947,9928403646,822,9965175428,694,9928403646,580,9932338894,200021,9986434803,200030,9845989675,200033,9834833359,139,9901057964,200018
661,14,3,4,55,62,9,55,8,55,51,55,351,55,317,55,320,55,315,55,328,55,556,55,555,55,549,55,546,55,556,55,200018,55,200028,55,200028,55,200026,55,200026
662,14,3,4,72,79,9,73,8,74,55,72,610,72,932,72,322,72,577,72,1426,72,634,72,577,72,700,72,856,72,679,72,122,72,23,72,40,72,29,72,23
663,14,3,4,62,64,6,62,6,62,47,62,326,62,310,62,314,62,333,62,333,62,556,62,534,62,545,62,657,62,561,62,200018,62,200026,62,200026,62,200026,62,200025
664,14,3,4,58,72,9,58,8,58,50,58,349,58,325,58,317,58,325,58,322,58,557,58,549,58,577,58,576,58,560,58,200016,58,200025,58,200026,58,200025,58,200025
665,14,3,4,54,60,9,54,7,54,50,54,387,54,312,54,310,54,316,54,326,54,575,54,559,54,574,54,553,54,559,54,200018,54,200025,54,200032,54,200025,54,200025
666,14,3,8,1153,1299,9,1169,7,1161,58,1153,8851,1154,3565,1153,2796,1153,3143,1153,3969,1158,583,1161,702,1156,795,1156,1018,1156,938,1155,200020,1165,200025,1168,200027,1153,317,1169,200018
667,14,3,8,774,888,9,780,7,780,94,775,3549,775,5717,780,1850,775,5262,775,8349,779,892,775,1017,777,719,780,540,776,1047,775,200024,774,146,780,200020,774,212,775,200027
668,14,3,8,933,971,9,933,7,940,54,933,319,933,297,933,295,933,315,933,292,933,520,933,520,933,528,933,512,933,543,933,200016,933,200036,933,200026,933,200027,933,200024
669,14,3,8,970,1209,9,972,7,977,57,972,1909,972,1863,972,1953,971,2242,972,1881,972,873,971,734,972,574,972,543,972,547,970,153,970,350,970,172,970,551,970,643
670,14,3,8,995,1153,7,998,7,1002,55,998,1949,998,2233,998,1888,998,1847,998,1843,998,669,996,1188,996,972,998,546,995,1234,995,58,995,511,995,54,995,37,995,37
671,14,3,16,231420,310843,6,232982,7,233083,55,232982,1873,231990,5480,231735,3118,232747,4073,232306,4045,232326,865,232432,1310,232982,547,231990,1013,232432,596,231420,802,231735,200025,231564,200029,231420,102,231564,200023
672,14,3,16,162905,219897,9,163098,7,164024,61,162989,6329,163098,1955,163098,1946,163098,1899,163098,1926,162905,565,163061,866,162905,785,163010,1137,163016,785,162905,84,162905,280,162905,59,162905,218,162905,671
673,14,3,16,193731,208354,6,198125,7,196009,53,193986,9521,194152,6193,194987,2378,194566,2421,193986,2199,193731,1136,194987,819,193897,990,194155,879,193897,739,193731,134,193731,1669,193731,442,193731,1892,193731,228
674,14,3,16,271831,315904,6,272137,7,273938,55,272070,4086,272115,2015,272137,1972,272137,1897,272137,1945,272137,588,272137,559,272137,567,272137,558,272137,559,271831,27,271831,27,271831,23,271831,23,271831,23
675,14,3,16,191629,224059,6,193512,6,192665,54,192088,4872,191671,4475,192741,3402,191719,5913,192853,3663,192288,969,192288,828,193201,706,193100,655,193512,537,191887,200029,192012,200029,191795,200030,191719,200025,191629,219
676,14,3,32,16984211376,22943478017,6,16984211376,6,17101567358,66,16984211376,1875,16984211376,2022,16984211376,1829,16984211376,1881,16984211376,1871,16984211376,553,16984211376,538,16984211376,537,16984211376,554,16984211376,543,16984211376,200020,16984211376,200030,16984211376,200041,16984211376,200026,16984211376,200039
677,14,3,32,15199097265,17621500070,11,15299393854,9,15285071588,70,15299393854,2027,15299393854,2305,15273336914,3730,15201062375,4725,15201062375,3138,15239090011,713,15239090011,969,15239090011,880,15239090011,956,15203526066,984,15199097265,163,15199097265,64,15199097265,284,15199097265,86,15199097265,91
678,14,3,32,12078008177,12784299589,6,12085174488,6,12257143039,54,12085174488,2248,12082247036,3752,12085174488,1848,12085174488,1978,12081864995,3634,12085174488,547,12085174488,549,12085174488,538,12085174488,596,12085174488,552,12085174488,200017,12085174488,200024,12085174488,200025,12078008177,55,12078008177,27
679,14,3,32,16430203383,20849415205,6,17022094511,7,16674655599,56,16448611178,3295,16443504268,9272,16466253756,4351,16437786414,7355,16449440313,6370,16443504268,1107,16497757269,1289,16486103370,750,16443504268,1559,16517812050,553,16442224505,200020,16442224505,200026,16473007652,200026,16441857282,200026,16430203383,697
680,14,3,32,11210981298,12893837030,7,11212148329,7,11298558136,55,11212148329,1885,11212148329,1972,11212148329,2634,11212148329,2157,11212148329,2239,11212148329,559,11212148329,567,11212148329,573,11212148329,559,11212148329,570,11210981298,79,11210981298,534,11210981298,26,11210981298,118,11210981298,50
681,15,3,4,68,95,9,68,10,68,68,68,770,68,333,68,365,68,325,68,321,68,568,68,568,68,552,68,620,68,612,68,200017,68,200033,68,200030,68,200027,68,200026
682,15,3,4,50,53,10,50,8,50,52,50,365,50,326,50,348,50,344,50,321,50,588,50,561,50,604,50,544,50,558,50,200016,50,200026,50,200025,50,200026,50,200026
683,15,3,4,70,87,9,70,15,70,60,70,356,70,334,70,327,70,322,70,353,70,568,70,560,70,553,70,574,70,547,70,200016,70,200026,70,200027,70,200025,70,200032
684,15,3,4,67,78,11,67,8,68,60,67,347,67,337,67,333,67,341,67,323,67,568,67,550,67,548,67,551,67,560,67,200018,67,200026,67,200028,67,200027,67,200025
685,15,3,4,70,77,9,71,8,70,63,70,361,70,1019,70,1973,70,661,70,346,70,745,70,747,70,742,70,692,70,595,70,25,70,65,70,39,70,24,70,27
686,15,3,8,995,1064,6,1004,7,1002,56,998,3430,995,7301,996,5274,1004,1983,997,2392,1001,659,1001,1044,1001,687,1001,660,1001,822,995,378,995,213,995,155,995,130,995,88
687,15,3,8,1032,1446,6,1036,7,1038,57,1036,1973,1036,2409,1036,1907,1033,3252,1036,1902,1033,1381,1034,1183,1032,853,1032,1242,1032,1060,1032,27,1032,50,1032,23,1032,32,1032,23
688,15,3,8,1038,1119,6,1051,7,1045,57,1041,4268,1040,3625,1042,3296,1039,5931,1039,5562,1039,1322,1042,857,1043,1076,1040,946,1038,976,1038,3317,1038,1029,1038,2613,1038,1872,1038,2298
689,15,3,8,1002,1101,6,1015,7,1024,55,1003,5041,1003,4083,1003,5619,1003,3320,1003,4579,1003,1404,1003,807,1005,1122,1005,1140,1002,867,1002,266,1002,1254,1002,1688,1003,200019,1002,2307
690,15,3,8,965,1115,7,977,7,968,59,971,2273,968,3368,972,2217,968,3021,967,5936,969,729,968,997,968,781,968,915,968,1088,967,200024,966,200027,966,200027,966,200025,966,200026
691,15,3,16,173656,187643,10,173891,8,174927,60,173891,2014,173891,1935,173868,2040,173891,1971,173891,1974,173891,552,173771,1030,173863,882,173836,1053,173868,659,173656,158,173656,395,173656,141,173656,187,173656,271
692,15,3,16,185481,225486,7,185481,7,186884,58,185481,337,185481,370,185481,333,185481,321,185481,322,185481,561,185481,555,185481,547,185481,558,185481,550,185481,200018,185481,200026,185481,200025,185481,200024,185481,200025
693,15,3,16,318125,399161,9,323306,7,321657,59,318170,6454,320086,4737,318148,4188,318797,2097,318148,8283,318625,875,319884,882,318193,768,318336,854,318595,975,318125,2619,318125,238,318125,817,318125,1815,318125,435
694,15,3,16,275329,309830,11,275964,10,276976,74,275964,1930,275964,1975,275964,1964,275335,5972,275964,1963,275413,1358,275409,935,275964,566,275409,964,275964,555,275329,3678,275329,2657,275329,634,275329,5582,275329,209
695,15,3,16,258262,271462,10,271197,11,270333,78,259884,5299,259982,1880,261063,2401,261135,4218,258461,10067,259006,1264,258935,1288,260539,650,258935,996,258935,1409,258262,215,258262,540,258262,1510,258262,2391,258262,270
696,15,3,32,18088668206,23302641143,6,18190010178,7,18177363723,56,18115298911,4262,18092021081,7005,18098621579,5492,18093639280,6495,18088668206,3736,18093639280,1057,18097430789,854,18190010178,553,18153641477,971,18135409832,1162,18088668206,463,18088668206,823,18088668206,354,18088668206,1892,18088668206,753
697,15,3,32,18944665339,26041823664,6,19219346686,7,18981996488,58,19034187426,8615,18956187019,2354,19129787501,5276,19034187426,4729,18966586101,6018,18972261075,807,18968468897,589,19063931434,1192,19119582933,1075,18998572247,774,18944665339,490,18944665339,342,18944665339,3876,18944665339,184,18944665339,3632
698,15,3,32,17108876350,17344131553,7,17279584920,7,17322668810,57,17108876350,2329,17118061027,4673,17118061027,2804,17247336984,2132,17108876350,11830,17200544216,786,17256761323,745,17180094001,553,17157052216,1008,17279584920,566,17108876350,129,17108876350,34,17114026332,200019,17110735194,200028,17108876350,247
699,15,3,32,11999060729,13730916257,6,12046227932,7,12063249593,58,12012365645,4460,12000734094,7265,12043375083,3727,12022721295,3752,12015962064,2420,12046227932,568,12046227932,551,12000734094,735,12046227932,545,12046227932,558,12012577954,200019,12000282649,200027,12014740144,200025,11999512174,200027,12022721295,200026
700,15,3,32,19810255778,22340193998,10,19893993108,8,19953527366,59,19838008432,3301,19893993108,2010,19864810031,3778,19893993108,1947,19864810031,3885,19835297140,800,19893993108,556,19835297140,831,19835297140,1116,19835297140,1075,19810255778,342,19810255778,181,19829892769,200017,19810255778,707,19810255778,154
701,16,3,4,70,71,7,71,7,70,59,70,391,70,2455,70,703,70,1074,70,592,70,791,70,710,70,893,70,669,70,634,70,26,70,24,70,31,70,137,70,23
702,16,3,4,47,58,7,47,7,47,56,47,395,47,394,47,347,47,344,47,337,47,762,47,613,47,618,47,614,47,659,47,200016,47,200024,47,200026,47,200027,47,200027
703,16,3,4,56,59,10,56,9,56,54,56,426,56,349,56,348,56,339,56,379,56,577,56,568,56,566,56,563,56,582,56,200019,56,200026,56,200026,56,200032,56,200027
704,16,3,4,64,72,10,64,9,64,60,64,384,64,342,64,352,64,348,64,338,64,563,64,571,64,562,64,573,64,556,64,200019,64,200028,64,200025,64,200026,64,200027
705,16,3,4,58,67,10,58,8,58,54,58,360,58,338,58,365,58,373,58,345,58,569,58,570,58,566,58,559,58,552,58,200018,58,200026,58,200027,58,200025,58,200027
706,16,3,8,992,1261,10,995,19,999,62,993,3911,993,3859,992,1526,995,1977,993,6695,995,583,993,673,995,562,995,557,992,951,992,58,992,218,992,114,992,512,992,39
707,16,3,8,682,968,7,682,7,687,69,682,382,682,360,682,334,682,347,682,352,682,554,682,555,682,573,682,571,682,559,682,200017,682,200026,682,200027,682,200029,682,200027
708,16,3,8,1054,1351,10,1055,8,1062,62,1055,2041,1055,1942,1055,2011,1055,2017,1055,2037,1055,595,1055,586,1055,557,1055,569,1054,812,1054,71,1054,34,1054,241,1054,202,1054,125
709,16,3,8,1233,1323,6,1237,7,1252,61,1237,2032,1237,2218,1237,2054,1237,2002,1235,3351,1237,622,1235,1202,1236,844,1237,594,1234,906,1233,243,1233,1056,1233,162,1235,200017,1233,2452
710,16,3,8,1207,1848,7,1215,7,1216,77,1208,4849,1209,3463,1207,2896,1210,5757,1213,2866,1210,965,1209,761,1207,957,1210,1063,1213,999,1207,157,1207,116,1207,664,1207,798,1207,1299
711,16,3,16,188809,205495,7,189420,8,190194,60,189420,1981,189124,4381,188961,5384,189420,1979,189420,1977,189279,861,189251,569,189420,571,188968,972,189420,565,188809,12025,188809,5799,188809,3398,188809,8450,188809,1358
712,16,3,16,268146,281060,7,268691,7,270060,60,268691,2064,268309,5301,268239,4680,268416,3018,268691,1954,268463,621,268169,1152,268631,547,268691,559,268641,598,268146,609,268146,543,268146,1485,268146,183,268146,951
713,16,3,16,327644,410704,7,329916,7,328500,59,328719,4155,327883,5400,328008,2919,329144,2907,327940,10429,329916,565,328104,869,328565,611,328107,1298,328565,824,327940,200023,327940,200026,327761,200027,327830,200025,327940,200029
714,16,3,16,184606,213752,9,184853,8,185929,62,184853,2040,184848,3896,184853,2142,184853,1997,184853,2035,184848,1017,184659,694,184853,574,184853,559,184853,570,184606,2936,184606,336,184606,4762,184606,2791,184606,1523
715,16,3,16,189968,241326,7,194160,7,194115,61,190352,2738,190401,5461,190637,4465,190119,10122,190763,6189,191238,620,190962,748,191175,700,190962,924,190503,1229,189968,1824,189968,1919,189968,282,189968,2120,189968,922
716,16,3,32,20308877207,21671709132,7,20362236090,8,20466794294,61,20362236090,1963,20349037582,2491,20358504461,2436,20335253127,6807,20362236090,1998,20362236090,551,20362236090,617,20362236090,644,20362236090,559,20362236090,559,20308877207,545,20362236090,200018,20362236090,200028,20312219838,200024,20318946898,200027
717,16,3,32,18221434604,20323996745,11,18236308199,8,18359063324,62,18234313889,4397,18236308199,2123,18236308199,2035,18234313889,4349,18236308199,1966,18236308199,567,18236308199,560,18229746776,781,18236087013,824,18231726456,875,18221434604,110,18221434604,4309,18221434604,571,18221434604,391,18221434604,197
718,16,3,32,15737024864,17013612501,7,15737024864,7,15856030164,62,15737024864,2249,15737024864,2014,15737024864,2043,15737024864,2037,15737024864,2075,15737024864,563,15737024864,573,15737024864,576,15737024864,751,15737024864,844,15737024864,200018,15737024864,200028,15737024864,200026,15737024864,200026,15737024864,200028
719,16,3,32,21501729238,27159731278,10,21775537535,8,21818645592,61,21535585187,5833,21536411449,6930,21554033545,3454,21775537535,2021,21535585187,6121,21647177228,748,21545708553,984,21556454341,887,21513527294,684,21539851102,818,21511998096,200018,21528601335,200027,21522489855,200026,21523100682,200029,21546561062,200026
720,16,3,32,22254295887,27180701227,10,22385633428,9,22425714382,63,22385633428,2023,22282214168,4915,22385633428,2015,22385633428,1996,22385633428,2065,22385633428,557,22254295887,1255,22385633428,560,22385633428,558,22385633428,560,22254295887,120,22254295887,234,22254295887,81,22254295887,139,22254295887,173
721,17,3,4,58,59,8,58,8,58,55,58,369,58,352,58,367,58,347,58,381,58,575,58,574,58,575,58,578,58,563,58,200018,58,200029,58,200027,58,200029,58,200027
722,17,3,4,46,61,10,46,9,46,57,46,381,46,350,46,352,46,362,46,366,46,592,46,620,46,579,46,596,46,586,46,200017,46,200028,46,200029,46,200026,46,200027
723,17,3,4,86,95,10,86,9,86,64,86,382,86,359,86,359,86,351,86,352,86,623,86,911,86,595,86,573,86,585,86,200018,86,200027,86,200028,86,200029,86,200029
724,17,3,4,88,113,13,88,11,88,63,88,388,88,394,88,448,88,356,88,354,88,568,88,565,88,593,88,582,88,599,88,200018,88,200029,88,200026,88,200029,88,200028
725,17,3,4,52,68,10,52,9,52,58,52,415,52,364,52,352,52,352,52,350,52,585,52,601,52,573,52,569,52,569,52,200020,52,200029,52,200028,52,200028,52,200026
726,17,3,8,1368,1704,11,1382,9,1378,65,1369,4694,1369,2680,1377,2124,1370,3577,1369,3002,1369,998,1369,972,1368,1040,1372,1140,1368,1106,1369,200018,1368,1113,1369,200018,1368,189,1368,1135
727,17,3,8,1395,1745,10,1396,11,1405,81,1396,2151,1396,2107,1395,2295,1396,2672,1396,2865,1396,835,1396,829,1396,647,1396,573,1396,590,1395,171,1395,47,1395,70,1395,46,1395,27
728,17,3,8,768,911,7,769,8,773,62,769,2080,769,2286,769,2903,769,2267,769,2234,769,619,768,728,769,582,769,594,769,561,768,167,768,68,768,56,769,200018,768,101
729,17,3,8,956,985,7,957,8,963,73,956,1826,957,2149,957,2205,957,2272,957,2379,957,603,957,759,957,662,957,594,957,600,956,68,956,762,956,255,956,169,956,127
730,17,3,8,1062,1201,11,1062,9,1070,63,1062,375,1062,379,1062,371,1062,357,1062,361,1062,586,1062,604,1062,585,1062,571,1062,620,1062,200019,1062,200034,1062,200028,1062,200028,1062,200029
731,17,3,16,248522,287997,10,248782,18,249392,65,248782,2086,248782,2127,248615,3030,248782,2067,248782,2043,248782,564,248753,960,248576,561,248690,848,248693,576,248639,200020,248639,200029,248522,46,248639,200019,248639,200026
732,17,3,16,353843,442061,14,354050,12,356420,80,354050,2081,354050,2159,354050,2267,354050,2152,354050,2069,353843,870,353960,1114,354050,747,354050,717,354043,1014,353843,987,353843,3602,353843,410,353843,726,353843,2603
733,17,3,16,241346,265799,8,241387,9,243157,65,241387,2158,241387,2389,241387,2264,241387,2097,241387,2216,241387,574,241387,604,241387,570,241387,565,241363,569,241346,82,241346,135,241346,62,241346,168,241346,86
734,17,3,16,275949,370026,7,276248,8,278066,64,276248,2054,276248,2163,276248,2184,276248,2261,276248,2191,276242,1035,276242,1038,276248,597,276248,567,276163,675,275949,599,275949,1778,275949,332,275949,2516,275949,3664
735,17,3,16,222654,305718,8,224321,8,224047,63,222764,4711,222786,6840,222803,8584,222832,9425,222659,16013,223052,604,223463,568,222746,1207,223152,850,223344,874,222659,200023,222659,200030,222720,200037,222922,200029,222654,1509
736,17,3,32,24089864831,25115080779,7,24093332840,8,24265830966,66,24093332840,2036,24093332840,2059,24093332840,2076,24093332840,2223,24093332840,2040,24093332840,576,24093332840,574,24093332840,564,24093332840,567,24093332840,588,24093332840,200021,24089864831,1003,24093332840,200019,24089864831,140,24093332840,200018
737,17,3,32,14063956411,17113798810,11,14137029194,9,14173521883,66,14137029194,2077,14137029194,2169,14137029194,2158,14094238093,4910,14134463781,3015,14137029194,575,14070750754,1595,14124021592,1087,14137029194,582,14122231042,952,14063956411,205,14063956411,174,14063956411,364,14063956411,755,14063956411,251
738,17,3,32,23503540170,24086747955,7,23678943050,8,23685584062,444,23678943050,2128,23678943050,2085,23521278686,9802,23678943050,2159,23506414466,5912,23530242084,876,23579424974,1482,23536767620,1129,23521278686,1297,23579424974,980,23503540170,356,23503540170,132,23503540170,176,23503540170,167,23503540170,629
739,17,3,32,23850946809,32935942944,7,23866433086,8,24021390848,63,23866433086,2168,23866433086,2185,23866433086,2249,23866433086,2063,23866433086,2045,23866433086,559,23866433086,573,23866433086,566,23866433086,560,23866433086,567,23866433086,200018,23866433086,200029,23866433086,200037,23866433086,200031,23866433086,200043
740,17,3,32,21366333721,23677516954,11,21767127599,10,21530362739,66,21461019693,4470,21530331409,3059,21577022092,2565,21377284761,3976,21378329063,4949,21516706970,734,21397964603,753,21399248682,936,21399248682,1128,21506657766,733,21366333721,139,21366333721,3537,21366333721,1369,21366333721,574,21366333721,8427
741,18,3,4,70,81,8,70,9,70,63,70,388,70,367,70,381,70,361,70,392,70,565,70,577,70,565,70,587,70,623,70,200019,70,200027,70,200029,70,200030,70,200028
742,18,3,4,65,82,11,65,10,65,66,65,410,65,375,65,476,65,400,65,374,65,579,65,587,65,574,65,570,65,571,65,200019,65,200028,65,200028,65,200038,65,200029
743,18,3,4,49,61,10,49,9,49,73,49,389,49,382,49,362,49,395,49,366,49,580,49,575,49,574,49,588,49,577,49,200021,49,200029,49,200026,49,200027,49,200031
744,18,3,4,71,99,13,71,12,71,85,71,409,71,388,71,377,71,383,71,363,71,694,71,588,71,588,71,579,71,600,71,200019,71,200028,71,200029,71,200029,71,200029
745,18,3,4,95,104,11,95,10,95,67,95,396,95,398,95,366,95,379,95,366,95,578,95,580,95,602,95,569,95,571,95,200019,95,200029,95,200032,95,200028,95,200028
746,18,3,8,1435,1503,11,1435,9,1446,68,1435,390,1435,368,1435,368,1435,417,1435,396,1435,592,1435,568,1435,567,1435,583,1435,576,1435,200018,1435,200032,1435,200030,1435,200026,1435,200029
747,18,3,8,928,1229,11,932,10,935,66,932,2185,931,2145,930,4652,930,3108,930,3090,929,622,929,945,929,918,929,982,929,991,928,63,928,89,928,69,928,278,928,47
748,18,3,8,1129,1220,8,1185,8,1137,65,1130,3647,1131,6589,1133,2357,1130,4939,1130,5693,1130,1271,1131,1149,1131,1415,1139,940,1131,955,1129,44,1129,68,1129,94,1129,522,1129,213
749,18,3,8,1153,1468,8,1154,9,1162,65,1154,2153,1154,2178,1154,2266,1154,2116,1154,2146,1154,584,1154,579,1154,586,1154,565,1154,571,1153,31,1153,25,1153,27,1153,1604,1153,33
750,18,3,8,911,1311,12,916,12,917,83,913,2713,912,6069,913,5331,913,3641,912,4065,912,1307,911,1001,911,660,912,1269,911,1337,911,33,911,76,911,243,911,42,911,126
751,18,3,16,246034,261174,7,246082,8,247932,66,246082,2109,246082,2215,246082,2220,246082,2095,246082,2488,246082,585,246082,595,246082,587,246082,578,246082,589,246034,270,246034,1234,246034,1438,246034,2673,246034,1427
752,18,3,16,392866,448956,7,393024,8,395562,70,393024,2295,393024,2337,393024,2233,393024,2244,393024,2136,393024,576,393024,591,393024,584,393024,590,393024,568,392866,1415,393024,200019,392964,200045,392866,100,392866,44
753,18,3,16,387126,501347,7,396274,8,390147,67,387528,4220,387484,6299,387528,6595,389146,4295,387528,6547,387886,638,387313,955,387280,1210,387313,1340,387492,960,387126,8146,387126,272,387126,3041,387126,105,387126,1153
754,18,3,16,246232,349796,7,246876,9,248089,66,246876,2133,246876,2126,246278,4160,246876,2101,246876,2207,246326,1832,246492,689,246326,1343,246326,1296,246876,566,246232,385,246232,578,246232,332,246232,121,246232,242
755,18,3,16,343038,432425,13,344470,13,345320,87,343110,6633,344088,4599,344470,2150,344470,2513,344470,2145,344470,605,344470,581,344470,616,344201,1069,344237,927,343038,707,343038,41,343038,137,343038,114,343038,56
756,18,3,32,21326864477,22159538849,7,21446851035,9,21454450245,65,21338675238,10887,21357015194,7058,21343873708,9569,21357317646,5677,21344608376,5651,21344608376,1261,21382814140,1343,21351784610,1096,21356501477,661,21332397513,1056,21326864477,9836,21326864477,10502,21326864477,16776,21326864477,2229,21333940330,200021
757,18,3,32,23030724986,24197851728,11,23034467836,10,23209530561,69,23034467836,2111,23034467836,2178,23034467836,2146,23034467836,2392,23034467836,2123,23034467836,574,23034467836,581,23034467836,575,23034467836,572,23034467836,593,23030724986,976,23030724986,51,23030724986,70,23030724986,489,23030724986,148
758,18,3,32,24128928150,24594415738,7,24201901222,8,24306356258,66,24201901222,2178,24201901222,2334,24147108537,6651,24147108537,7583,24201901222,2293,24139676985,692,24190864079,597,24134894234,909,24160638236,1359,24201901222,578,24128928150,83,24128928150,906,24128928150,323,24128928150,132,24128928150,437
759,18,3,32,23873847997,27464896616,8,23894609050,8,24216174922,70,23894609050,2113,23873847997,2525,23873847997,5029,23890773802,3050,23894609050,2235,23894609050,568,23894609050,563,23894609050,565,23894609050,575,23894609050,571,23877947399,200021,23877376198,200030,23879307675,200029,23877376198,200029,23885944987,200030
760,18,3,32,18467358255,19590094786,11,18530455031,11,18600822069,69,18479370966,2657,18530455031,2228,18479370966,5839,18530455031,2149,18488216002,4115,18481449535,1215,18470755239,1178,18481478957,951,18490967153,1281,18530455031,613,18467358255,26695,18467358255,254,18467358255,23265,18467358255,2918,18467358255,8874
761,19,3,4,63,71,9,63,9,63,72,63,419,63,391,63,386,63,395,63,378,63,577,63,586,63,596,63,607,63,585,63,200019,63,200028,63,200029,63,200029,63,200028
762,19,3,4,100,102,10,100,10,100,87,100,411,100,412,100,395,100,385,100,382,100,599,100,606,100,599,100,593,100,596,100,200018,100,200027,100,200029,100,200031,100,200029
763,19,3,4,95,115,11,95,10,95,70,95,413,95,386,95,381,95,378,95,376,95,582,95,595,95,579,95,575,95,580,95,200020,95,200029,95,200028,95,200029,95,200026
764,19,3,4,100,141,12,101,10,100,70,101,2228,100,1796,101,2192,100,2158,100,2207,100,777,100,668,100,866,100,1004,100,671,100,30,100,31,100,26,100,25,100,26
765,19,3,4,96,103,7,96,8,96,68,96,388,96,392,96,383,96,379,96,537,96,644,96,662,96,622,96,588,96,618,96,200026,96,200027,96,200030,96,200029,96,200031
766,19,3,8,899,964,13,903,10,905,71,899,3753,900,9480,900,2721,900,3272,899,5241,900,1030,900,728,900,638,899,1378,899,1211,899,35,899,40,899,41,899,30,899,29
767,19,3,8,1359,1769,7,1361,9,1367,72,1361,2225,1361,2189,1361,2377,1361,2208,1361,2163,1361,831,1361,593,1361,670,1361,745,1360,865,1359,311,1359,74,1359,569,1359,83,1359,162
768,19,3,8,988,1132,7,989,9,995,68,989,2202,989,2276,989,2167,989,2159,989,2229,989,597,989,671,989,635,989,657,989,639,988,126,988,36,988,118,988,102,988,119
769,19,3,8,887,1097,11,890,10,893,86,887,3149,887,430,890,2225,889,2193,890,2242,890,615,887,1165,890,591,887,982,888,1218,887,34,887,261,887,36,887,298,887,277
770,19,3,8,879,1367,7,879,9,885,70,879,398,879,406,879,398,879,388,879,377,879,653,879,588,879,582,879,604,879,588,879,200023,879,200029,879,200039,879,200031,879,200028
771,19,3,16,399180,475559,10,399341,9,402183,67,399341,2239,399341,2160,399341,2060,399341,2224,399341,2302,399341,572,399341,548,399341,563,399341,547,399341,603,399180,5526,399180,1519,399180,5259,399180,3969,399180,912
772,19,3,16,248157,324325,8,261713,9,250095,65,249093,4139,248737,5871,248520,4771,248485,3011,248419,4037,248340,1729,248455,1329,248455,1111,248274,1308,248607,1166,248166,200018,248164,200026,248187,200032,248222,200032,248166,200030
773,19,3,16,280382,323900,11,280604,10,282379,71,280604,2228,280604,2184,280604,2343,280478,3395,280604,2259,280604,612,280604,579,280566,649,280604,575,280604,597,280382,11627,280414,200023,280382,4654,280415,200022,280382,6469
774,19,3,16,251354,259831,8,257756,9,253235,69,252409,2324,252134,6865,251426,2898,251983,6876,251811,2194,252382,663,251606,1448,251387,2163,251653,1143,251667,994,251354,4339,251354,40243,251354,108516,251354,1108,251354,22923
775,19,3,16,313352,416012,8,313627,9,315367,68,313627,2304,313627,2244,313627,2464,313627,2620,313563,2705,313548,793,313478,1170,313627,589,313627,576,313520,1464,313352,4276,313352,2350,313352,54498,313352,4746,313352,15182
776,19,3,32,24897209705,32620544316,8,24900353532,9,25089520043,70,24900353532,2506,24900353532,2239,24900353532,2617,24900353532,2192,24900353532,2286,24897701861,995,24897519220,1904,24897209705,789,24897255531,1007,24900353532,594,24897209705,723,24897209705,87,24897209705,279,24897209705,224,24897209705,817
777,19,3,32,13934024175,14635237834,8,13935467277,9,14042046222,68,13935467277,2396,13935467277,2210,13935467277,2180,13935467277,2327,13935467277,2336,13935467277,591,13935467277,574,13935467277,572,13935467277,593,13935467277,774,13934024175,12252,13934024175,8994,13934024175,1418,13934024175,15175,13934024175,689
778,19,3,32,21025545342,25565503807,7,21287583333,9,21189492954,70,21049349898,3808,21025545342,4917,21119342102,2144,21066860904,5289,21049907276,4280,21147288701,1202,21127810156,1480,21055000377,605,21059712221,639,21127810156,1277,21025545342,2147,21025545342,1591,21025545342,276,21025545342,3972,21025545342,2384
779,19,3,32,16385374978,16818378828,8,16388816489,9,16510089481,69,16388816489,2207,16388816489,2200,16388816489,2209,16388816489,2252,16388816489,2207,16388816489,596,16388816489,587,16388816489,581,16388816489,581,16388816489,593,16385374978,10342,16385374978,9351,16385374978,3666,16385374978,5707,16385374978,9069
780,19,3,32,15602908497,22154015698,8,15610357231,9,15717881609,68,15610357231,2211,15610357231,2326,15610357231,2168,15610357231,2223,15610357231,2180,15610357231,609,15603367697,1423,15609716352,574,15610357231,586,15603367697,1615,15602908497,4059,15602908497,166,15602908497,3694,15602908497,2741,15602908497,2680
781,20,3,4,93,99,9,93,9,93,71,93,424,93,389,93,419,93,394,93,389,93,602,93,588,93,589,93,608,93,622,93,200022,93,200028,93,200028,93,200030,93,200029
782,20,3,4,86,100,13,86,13,86,80,86,421,86,428,86,402,86,399,86,390,86,591,86,620,86,619,86,582,86,604,86,200020,86,200028,86,200029,86,200030,86,200030
783,20,3,4,58,71,12,58,10,58,62,58,560,58,479,58,401,58,395,58,397,58,608,58,604,58,592,58,621,58,722,58,200018,58,200030,58,200028,58,200033,58,200028
784,20,3,4,79,81,11,79,10,79,73,79,418,79,400,79,389,79,406,79,411,79,611,79,621,79,602,79,619,79,619,79,200022,79,200030,79,200026,79,200028,79,200029
785,20,3,4,72,87,11,72,10,72,71,72,430,72,388,72,410,72,388,72,389,72,614,72,599,72,597,72,607,72,592,72,200018,72,200029,72,200029,72,200028,72,200038
786,20,3,8,1011,1062,11,1011,10,1018,72,1011,435,1011,396,1011,415,1011,397,1011,422,1011,599,1011,604,1011,595,1011,592,1011,594,1011,200019,1011,200029,1011,200028,1011,200028,1011,200029
787,20,3,8,1655,1744,12,1656,10,1667,76,1656,2621,1656,2264,1656,2324,1656,2309,1656,2268,1656,609,1656,600,1656,592,1656,616,1656,607,1655,29,1655,121,1655,182,1655,40,1655,57
788,20,3,8,1383,1562,13,1385,15,1392,96,1385,2317,1384,4394,1384,4813,1384,4889,1385,2374,1384,1099,1383,1307,1385,594,1384,750,1384,1083,1383,271,1383,85,1383,1966,1383,49,1383,246
789,20,3,8,896,1024,8,897,9,903,74,897,2305,897,2265,897,2257,897,2238,897,2264,897,601,897,603,897,597,897,600,896,953,896,83,896,37,896,47,896,32,896,32
790,20,3,8,1463,1682,8,1463,9,1474,70,1463,437,1463,400,1463,391,1463,414,1463,398,1463,606,1463,588,1463,599,1463,609,1463,623,1463,200021,1463,200029,1463,200028,1463,200036,1463,200032
791,20,3,16,391731,419849,12,393385,10,394668,73,392052,5046,392997,2779,392100,6199,391785,14457,391781,4863,392052,1301,392052,1395,392052,1244,392052,783,392052,1254,391731,6807,391731,13407,391731,8496,391731,1092,391731,5136
792,20,3,16,374206,482886,8,375072,10,376921,87,374788,4497,374424,4059,375072,2423,374599,4375,374787,5515,374322,1127,374244,1447,374415,596,375072,590,374633,1101,374406,200021,374258,200029,374270,200029,374290,200028,374412,200029
793,20,3,16,342652,378343,11,343083,10,344966,72,343083,2270,343083,2314,342876,4862,343083,2563,342853,4925,342801,1089,343083,591,342866,1045,343083,594,343083,587,342652,1468,342652,26853,342652,6005,342652,3350,342652,9581
794,20,3,16,386690,429746,10,386801,10,389679,72,386801,2344,386801,2322,386801,2249,386801,2424,386801,2325,386801,628,386801,606,386801,597,386801,603,386801,591,386690,1312,386690,574,386690,429,386690,1137,386690,357
795,20,3,16,434332,566907,8,435495,9,437648,71,435495,2302,435350,4111,435495,2377,434998,6147,434862,4867,434666,1206,434820,653,435495,591,435495,591,435394,999,434364,200023,434382,200029,434364,200032,434364,200030,434364,200032
796,20,3,32,27208272075,34643174530,11,27245218857,10,27420603641,72,27208576279,6777,27245218857,2362,27217702008,3963,27245218857,2303,27245218857,2279,27245218857,626,27217024943,1040,27217024943,834,27245218857,580,27245218857,580,27208272075,474,27208272075,556,27208272075,432,27208272075,984,27208272075,328
797,20,3,32,26599837975,42053084922,8,26612967012,9,26806584625,71,26612967012,2365,26612967012,2209,26612967012,2478,26612967012,2249,26602988959,4373,26610142486,943,26612967012,589,26612967012,596,26610142486,1092,26612967012,579,26599837975,1099,26599837975,4171,26599837975,10901,26599837975,11490,26599837975,1735
798,20,3,32,15937720512,17776186636,9,15948857794,10,16061879580,73,15948857794,2224,15948857794,2276,15948857794,2317,15948857794,2286,15948857794,2383,15942389520,1020,15938613431,1100,15938597298,1572,15948857794,593,15948857794,592,15937720512,15558,15937720512,3703,15937720512,3664,15937720512,6986,15937720512,7046
799,20,3,32,27821807272,33647803630,12,27944106887,14,28023381596,94,27869026260,3920,27854958460,4942,27868890397,5986,27944106887,2234,27891981660,2772,27824551831,1979,27855103541,1001,27831651275,1549,27829769798,1378,27829769798,1455,27821807272,8472,27821807272,3767,27821807272,1219,27821807272,3027,27821807272,13252
800,20,3,32,19185281384,23370644214,11,19216162169,10,19334974054,72,19216162169,2337,19216162169,2398,19216162169,2338,19216162169,2303,19201435704,5174,19203252335,858,19216162169,592,19203252335,861,19204173110,1059,19203252335,1597,19185954721,200024,19187571238,200032,19185281384,590,19185954721,200026,19186487535,200028
801,25,3,4,104,105,13,104,12,104,83,104,478,104,468,104,492,104,462,104,458,104,641,104,628,104,619,104,642,104,624,104,200022,104,200033,104,200033,104,200033,104,200030
802,25,3,4,114,129,12,114,12,114,84,114,482,114,473,114,477,114,453,114,458,114,688,114,722,114,754,114,668,114,647,114,200023,114,200032,114,200033,114,200037,114,200032
803,25,3,4,108,112,13,108,12,108,83,108,478,108,454,108,461,108,503,108,459,108,672,108,651,108,647,108,676,108,655,108,200025,108,200031,108,200031,108,200031,108,200032
804,25,3,4,105,129,12,105,11,105,81,105,512,105,463,105,462,105,470,105,462,105,649,105,633,105,650,105,633,105,637,105,200021,105,200031,105,200039,105,200030,105,200028
805,25,3,4,102,121,16,102,14,102,97,102,667,102,704,102,637,102,613,102,614,102,664,102,763,102,1125,102,933,102,1369,102,200036,102,200028,102,200032,102,200031,102,200031
806,25,3,8,1957,2122,13,1957,13,1972,84,1957,478,1957,471,1957,459,1957,457,1957,497,1957,639,1957,629,1957,661,1957,636,1957,637,1957,200020,1957,200033,1957,200032,1957,200031,1957,200031
807,25,3,8,1231,1479,12,1231,12,1240,84,1231,493,1231,471,1231,455,1231,462,1231,461,1231,622,1231,634,1231,619,1231,622,1231,631,1231,200022,1231,200032,1231,200034,1231,200035,1231,200030
808,25,3,8,1971,2428,12,1971,12,1986,85,1971,496,1971,495,1971,469,1971,459,1971,484,1971,636,1971,639,1971,639,1971,630,1971,633,1971,200024,1971,200031,1971,200036,1971,200040,1971,200033
809,25,3,8,1699,1833,22,1703,13,1712,85,1700,4553,1703,2742,1701,7795,1703,2769,1701,5005,1699,1555,1703,889,1703,737,1702,1102,1700,1267,1699,128,1699,493,1699,55,1699,217,1699,35
810,25,3,8,1727,2037,9,1727,11,1740,84,1727,484,1727,458,1727,590,1727,457,1727,468,1727,650,1727,632,1727,631,1727,630,1727,1025,1727,200023,1727,200029,1727,200031,1727,200032,1727,200030
811,25,3,16,535947,576514,18,536052,13,540035,94,536052,2986,536052,2841,536052,2760,536052,2675,536052,2546,536052,635,536052,624,536052,610,536052,613,536052,624,535952,200029,535950,200029,536015,200030,535975,200030,535963,200032
812,25,3,16,441053,597791,12,441148,12,444420,84,441148,2658,441148,2726,441148,2606,441148,2634,441148,2895,441148,648,441148,620,441148,636,441148,665,441148,647,441069,200027,441056,200029,441066,200030,441068,200031,441066,200042
813,25,3,16,299743,366984,13,299762,12,302082,86,299762,2674,299762,2721,299762,2724,299762,2661,299762,2577,299762,649,299762,630,299762,646,299762,641,299762,631,299743,3366,299743,1285,299743,2241,299743,454,299743,4562
814,25,3,16,322343,331158,15,322906,15,324467,112,322906,2698,322875,5073,322684,3891,322496,9186,322736,5637,322496,1666,322528,1783,322906,616,322749,633,322906,624,322344,200022,322346,200037,322345,200028,322346,200030,322346,200030
815,25,3,16,380738,427496,12,380738,12,383712,90,380738,501,380738,468,380738,485,380738,511,380738,492,380738,628,380738,658,380738,645,380738,633,380738,631,380738,200022,380738,200031,380738,200032,380738,200033,380738,200031
816,25,3,32,27126662772,31394343566,13,27141955742,13,27332024154,86,27141955742,2618,27141955742,2703,27141955742,2746,27141955742,2734,27139674586,5865,27141955742,634,27129110957,1381,27141955742,642,27141955742,628,27141955742,644,27126793220,200027,27126802337,200032,27126752678,200032,27126685907,200032,27126825939,200030
817,25,3,32,24750267144,32577587004,14,24781213353,12,24935584142,88,24781213353,2597,24761946013,6312,24781213353,2591,24763200029,5806,24781213353,2626,24763502852,1010,24758144370,1098,24756926486,1578,24757457336,1319,24781213353,633,24750267144,123197,24750334637,200032,24750267144,43123,24750334637,200029,24750385027,200037
818,25,3,32,21260966598,28053909282,12,21264200490,11,21426682175,79,21262734691,7510,21264200490,2451,21264200490,2500,21264200490,2480,21264200490,2623,21264200490,598,21264200490,610,21264200490,625,21264200490,606,21264200490,640,21260966598,1930,21260966598,3066,21260966598,2641,21260966598,10077,21260966598,2109
819,25,3,32,20121654959,22464446549,9,20714669076,11,20278647079,80,20123523936,4814,20168483435,4117,20144509166,11668,20158671151,7553,20169268566,6503,20197977393,687,20325577961,751,20192287011,2542,20338636445,590,20192207853,1712,20121654959,546,20121654959,396,20121654959,1276,20121654959,790,20121654959,737
820,25,3,32,22898487378,30194771304,11,22898744027,13,23077117143,110,22898744027,2471,22898744027,2569,22898744027,3002,22898744027,2507,22898744027,2831,22898744027,646,22898744027,599,22898744027,595,22898744027,597,22898744027,605,22898487378,42,22898487378,4340,22898487378,83221,22898487378,51571,22898487378,15695
821,4,4,4,8,8,5,8,3,8,18,8,181,8,167,8,165,8,166,8,164,8,697,8,699,8,690,8,689,8,694,8,200016,8,200023,8,200023,8,200023,8,200024
822,4,4,4,14,14,7,14,5,14,48,14,185,14,182,14,166,14,173,14,177,14,886,14,787,14,871,14,690,14,695,14,200013,14,200025,14,200024,14,200024,14,200025
823,4,4,4,9,9,7,9,3,9,19,9,191,9,167,9,170,9,270,9,210,9,698,9,774,9,686,9,686,9,704,9,200018,9,200024,9,200023,9,200022,9,200026
824,4,4,4,12,12,7,12,4,12,19,12,191,12,170,12,172,12,166,12,199,12,688,12,694,12,683,12,699,12,698,12,200023,12,200023,12,200027,12,200022,12,200024
825,4,4,4,12,12,7,12,3,12,19,12,191,12,170,12,170,12,170,12,166,12,734,12,702,12,695,12,696,12,684,12,200013,12,200026,12,200023,12,200024,12,200025
826,4,4,8,155,155,7,155,3,155,26,155,190,155,170,155,165,155,169,155,180,155,701,155,728,155,685,155,692,155,686,155,200014,155,200027,155,200026,155,200024,155,200025
827,4,4,8,129,129,7,129,3,129,26,129,182,129,173,129,164,129,169,129,172,129,713,129,684,129,696,129,715,129,684,129,200014,129,200025,129,200023,129,200024,129,200024
828,4,4,8,135,135,6,135,3,135,34,135,187,135,166,135,166,135,191,135,168,135,702,135,680,135,688,135,691,135,684,135,200015,135,200024,135,200022,135,200023,135,200024
829,4,4,8,183,183,6,183,3,183,24,183,176,183,156,183,163,183,159,183,165,183,655,183,640,183,642,183,652,183,651,183,200013,183,200024,183,200023,183,200023,183,200031
830,4,4,8,188,188,7,188,3,188,26,188,237,188,179,188,172,188,192,188,227,188,695,188,687,188,687,188,768,188,883,188,200015,188,200024,188,200022,188,200023,188,200023
831,4,4,16,35447,35447,7,35447,3,35447,27,35447,189,35447,173,35447,165,35447,173,35447,166,35447,688,35447,692,35447,688,35447,698,35447,691,35447,200016,35447,200026,35447,200023,35447,200024,35447,200025
832,4,4,16,33094,33094,7,33094,3,33094,27,33094,188,33094,173,33094,173,33094,167,33094,166,33094,802,33094,862,33094,687,33094,696,33094,686,33094,200016,33094,200026,33094,200024,33094,200024,33094,200024
833,4,4,16,55604,55604,7,55604,3,55604,26,55604,187,55604,169,55604,165,55604,165,55604,168,55604,691,55604,705,55604,684,55604,687,55604,691,55604,200015,55604,200024,55604,200023,55604,200024,55604,200031
834,4,4,16,36214,36214,7,36214,3,36214,27,36214,190,36214,165,36214,170,36214,166,36214,181,36214,703,36214,692,36214,683,36214,685,36214,688,36214,200014,36214,200023,36214,200023,36214,200023,36214,200023
835,4,4,16,33715,33715,7,33715,3,33715,26,33715,195,33715,176,33715,167,33715,178,33715,165,33715,693,33715,689,33715,685,33715,692,33715,683,33715,200015,33715,200023,33715,200024,33715,200024,33715,200025
836,4,4,32,3947756235,3947756235,7,3947756235,3,3947756235,27,3947756235,1214,3947756235,1134,3947756235,1077,3947756235,1161,3947756235,1224,3947756235,703,3947756235,687,3947756235,694,3947756235,689,3947756235,722,3947756235,200015,3947756235,200027,3947756235,200027,3947756235,200025,3947756235,200023
837,4,4,32,2997624388,2997624388,7,2997624388,3,2997624388,26,2997624388,1115,2997624388,1109,2997624388,1092,2997624388,1280,2997624388,1179,2997624388,687,2997624388,697,2997624388,698,2997624388,683,2997624388,695,2997624388,200016,2997624388,200023,2997624388,200026,2997624388,200026,2997624388,200027
838,4,4,32,2404502371,2404502371,8,2404502371,4,2404502371,26,2404502371,1149,2404502371,1136,2404502371,1284,2404502371,1174,2404502371,1099,2404502371,698,2404502371,696,2404502371,695,2404502371,893,2404502371,698,2404502371,200016,2404502371,200024,2404502371,200024,2404502371,200023,2404502371,200025
839,4,4,32,2651808268,2651808268,7,2651808268,3,2651808268,27,2651808268,1131,2651808268,1078,2651808268,1143,2651808268,1099,2651808268,1102,2651808268,691,2651808268,696,2651808268,685,2651808268,692,2651808268,699,2651808268,200013,2651808268,200025,2651808268,200026,2651808268,200025,2651808268,200025
840,4,4,32,2813354919,2813354919,7,2813354919,3,2813354919,26,2813354919,1575,2813354919,1116,2813354919,1097,2813354919,1155,2813354919,1143,2813354919,685,2813354919,701,2813354919,688,2813354919,714,2813354919,682,2813354919,200015,2813354919,200024,2813354919,200023,2813354919,200022,2813354919,200023
841,5,4,4,20,26,7,20,4,20,24,20,213,20,185,20,191,20,197,20,192,20,648,20,655,20,639,20,650,20,998,20,200206,20,200025,20,200025,20,200031,20,200025
842,5,4,4,18,22,8,18,4,18,24,18,204,18,186,18,185,18,183,18,191,18,759,18,739,18,655,18,653,18,645,18,200015,18,200022,18,200023,18,200026,18,200027
843,5,4,4,11,14,6,11,4,11,22,11,208,11,191,11,187,11,187,11,183,11,651,11,637,11,659,11,648,11,632,11,200014,11,200022,11,200031,11,200024,11,200024
844,5,4,4,10,10,7,10,4,10,21,10,227,10,185,10,190,10,188,10,197,10,645,10,654,10,633,10,646,10,635,10,200015,10,200024,10,200025,10,200022,10,200022
845,5,4,4,16,24,7,16,3,16,24,16,215,16,174,16,178,16,180,16,177,16,619,16,611,16,703,16,650,16,591,16,200014,16,200024,16,200022,16,200025,16,200024
846,5,4,8,241,357,9,241,6,241,41,241,205,241,187,241,190,241,184,241,188,241,684,241,656,241,632,241,639,241,654,241,200014,241,200023,241,200029,241,200024,241,200032
847,5,4,8,290,362,7,290,4,290,31,290,204,290,185,290,200,290,195,290,185,290,667,290,649,290,631,290,633,290,642,290,200015,290,200024,290,200024,290,200023,290,200024
848,5,4,8,290,374,7,290,4,290,30,290,201,290,205,290,189,290,185,290,190,290,640,290,642,290,632,290,642,290,645,290,200014,290,200023,290,200024,290,200026,290,200026
849,5,4,8,180,261,7,180,4,180,31,180,207,180,194,180,194,180,186,180,184,180,649,180,640,180,634,180,636,180,646,180,200014,180,200024,180,200025,180,200024,180,200025
850,5,4,8,188,244,7,188,4,188,31,188,203,188,186,188,185,188,184,188,189,188,641,188,791,188,802,188,682,188,641,188,200015,188,200038,188,200023,188,200024,188,200024
851,5,4,16,72332,101248,6,72332,4,72332,30,72332,205,72332,203,72332,192,72332,189,72332,188,72332,638,72332,636,72332,656,72332,629,72332,633,72332,200015,72332,200024,72332,200024,72332,200024,72332,200022
852,5,4,16,57502,57502,7,57502,4,57502,30,57502,209,57502,193,57502,191,57502,185,57502,184,57502,655,57502,658,57502,692,57502,646,57502,633,57502,200014,57502,200031,57502,200023,57502,200023,57502,200025
853,5,4,16,73347,84551,6,73347,4,73347,31,73347,209,73347,186,73347,194,73347,189,73347,184,73347,644,73347,653,73347,649,73347,638,73347,633,73347,200015,73347,200023,73347,200023,73347,200025,73347,200024
854,5,4,16,68488,68488,7,68488,4,68488,30,68488,201,68488,191,68488,200,68488,185,68488,211,68488,658,68488,632,68488,639,68488,626,68488,640,68488,200015,68488,200023,68488,200023,68488,200023,68488,200022
855,5,4,16,81159,103515,6,81159,4,81159,31,81159,214,81159,191,81159,185,81159,187,81159,185,81159,655,81159,648,81159,635,81159,632,81159,645,81159,200024,81159,200025,81159,200026,81159,200023,81159,200022
856,5,4,32,3913234871,3913234871,9,3913234871,4,3913234871,28,3913234871,1153,3913234871,1106,3913234871,1119,3913234871,1106,3913234871,1145,3913234871,600,3913234871,601,3913234871,600,3913234871,597,3913234871,586,3913234871,200016,3913234871,200025,3913234871,200024,3913234871,200024,3913234871,200023
857,5,4,32,5024181152,7401540297,7,5024181152,4,5024181152,31,5024181152,1227,5024181152,1208,5024181152,1201,5024181152,1194,5024181152,1207,5024181152,657,5024181152,632,5024181152,636,5024181152,646,5024181152,656,5024181152,200016,5024181152,200025,5024181152,200025,5024181152,200022,5024181152,200025
858,5,4,32,4967482832,4967482832,7,4967482832,4,4967482832,31,4967482832,1188,4967482832,1247,4967482832,1164,4967482832,1217,4967482832,1173,4967482832,640,4967482832,641,4967482832,662,4967482832,628,4967482832,644,4967482832,200016,4967482832,200024,4967482832,200023,4967482832,200024,4967482832,200025
859,5,4,32,3424558986,3424558986,7,3424558986,4,3424558986,49,3424558986,1216,3424558986,1221,3424558986,1214,3424558986,1275,3424558986,1409,3424558986,642,3424558986,642,3424558986,645,3424558986,660,3424558986,636,3424558986,200014,3424558986,200025,3424558986,200049,3424558986,200025,3424558986,200024
860,5,4,32,4948568500,4948568500,7,4948568500,4,4948568500,31,4948568500,1198,4948568500,1277,4948568500,1233,4948568500,1202,4948568500,1309,4948568500,637,4948568500,644,4948568500,635,4948568500,657,4948568500,638,4948568500,200016,4948568500,200026,4948568500,200024,4948568500,200023,4948568500,200025
861,6,4,4,13,19,8,13,5,13,24,13,221,13,204,13,215,13,201,13,206,13,609,13,591,13,601,13,606,13,589,13,200015,13,200027,13,200023,13,200023,13,200028
862,6,4,4,20,23,8,20,4,20,28,20,221,20,211,20,203,20,202,20,269,20,604,20,603,20,604,20,599,20,612,20,200019,20,200025,20,200047,20,200023,20,200024
863,6,4,4,14,17,8,14,4,14,23,14,223,14,204,14,206,14,210,14,225,14,609,14,594,14,598,14,595,14,593,14,200015,14,200025,14,200024,14,200029,14,200024
864,6,4,4,15,15,8,15,4,15,23,15,229,15,204,15,228,15,205,15,200,15,660,15,596,15,587,15,626,15,592,15,200015,15,200026,15,200026,15,200024,15,200023
865,6,4,4,16,25,8,16,4,16,27,16,219,16,251,16,204,16,202,16,210,16,596,16,597,16,592,16,586,16,590,16,200016,16,200024,16,200026,16,200025,16,200023
866,6,4,8,261,283,8,261,4,261,34,261,274,261,301,261,255,261,254,261,220,261,605,261,592,261,592,261,587,261,599,261,200015,261,200025,261,200025,261,200025,261,200026
867,6,4,8,217,280,7,217,5,218,34,217,227,217,217,217,202,217,206,217,213,217,616,217,598,217,587,217,621,217,629,217,200015,217,200027,217,200024,217,200024,217,200025
868,6,4,8,379,440,9,379,6,379,43,379,232,379,208,379,216,379,203,379,208,379,745,379,674,379,621,379,588,379,594,379,200014,379,200024,379,200026,379,200024,379,200023
869,6,4,8,288,448,7,288,4,290,34,288,222,288,202,288,210,288,209,288,201,288,599,288,611,288,617,288,595,288,601,288,200014,288,200024,288,200025,288,200023,288,200023
870,6,4,8,274,326,7,274,5,274,35,274,234,274,213,274,222,274,201,274,201,274,593,274,630,274,595,274,594,274,683,274,200015,274,200030,274,200024,274,200023,274,200024
871,6,4,16,92359,123205,7,92359,5,92359,34,92359,224,92359,212,92359,230,92359,202,92359,204,92359,608,92359,634,92359,595,92359,600,92359,592,92359,200015,92359,200026,92359,200023,92359,200026,92359,200025
872,6,4,16,77707,77707,8,77707,5,77707,35,77707,276,77707,268,77707,266,77707,208,77707,230,77707,617,77707,593,77707,628,77707,734,77707,692,77707,200015,77707,200026,77707,200024,77707,200025,77707,200024
873,6,4,16,65399,90169,7,65399,5,65399,34,65399,220,65399,207,65399,211,65399,225,65399,202,65399,603,65399,597,65399,607,65399,592,65399,592,65399,200015,65399,200024,65399,200025,65399,200024,65399,200027
874,6,4,16,68717,70544,8,68717,4,68717,34,68717,220,68717,213,68717,209,68717,223,68717,205,68717,610,68717,595,68717,590,68717,591,68717,600,68717,200015,68717,200024,68717,200024,68717,200025,68717,200023
875,6,4,16,65791,74677,7,65791,4,65791,34,65791,295,65791,246,65791,205,65791,210,65791,205,65791,604,65791,588,65791,617,65791,594,65791,650,65791,200014,65791,200026,65791,200024,65791,200025,65791,200024
876,6,4,32,5294980733,6118346696,8,5294980733,4,5294980733,34,5294980733,1322,5294980733,1274,5294980733,1267,5294980733,1243,5294980733,1295,5294980733,661,5294980733,643,5294980733,585,5294980733,592,5294980733,619,5294980733,200018,5294980733,200027,5294980733,200026,5294980733,200024,5294980733,200033
877,6,4,32,5322510070,6802063740,7,5322510070,5,5322510070,34,5322510070,1290,5322510070,1264,5322510070,1256,5322510070,1268,5322510070,1313,5322510070,629,5322510070,612,5322510070,596,5322510070,604,5322510070,588,5322510070,200016,5322510070,200025,5322510070,200023,5322510070,200024,5322510070,200032
878,6,4,32,4735454862,5170193997,8,4735454862,5,4735454862,36,4735454862,1326,4735454862,1326,4735454862,1319,4735454862,1237,4735454862,1249,4735454862,606,4735454862,608,4735454862,605,4735454862,601,4735454862,601,4735454862,200016,4735454862,200026,4735454862,200025,4735454862,200024,4735454862,200025
879,6,4,32,3372287541,4446921736,8,3372287541,5,3372287541,35,3372287541,1375,3372287541,1297,3372287541,1242,3372287541,1267,3372287541,1275,3372287541,592,3372287541,608,3372287541,600,3372287541,591,3372287541,586,3372287541,200022,3372287541,200025,3372287541,200024,3372287541,200024,3372287541,200025
880,6,4,32,4183717461,6110700778,7,4183717461,4,4183717461,36,4183717461,1241,4183717461,1200,4183717461,1262,4183717461,1225,4183717461,1198,4183717461,576,4183717461,555,4183717461,557,4183717461,575,4183717461,562,4183717461,200013,4183717461,200022,4183717461,200025,4183717461,200023,4183717461,200025
881,7,4,4,26,36,11,26,6,26,38,26,238,26,224,26,217,26,223,26,228,26,648,26,556,26,562,26,576,26,554,26,200015,26,200026,26,200026,26,200024,26,200027
882,7,4,4,21,27,9,21,7,21,35,21,333,21,276,21,270,21,272,21,270,21,606,21,571,21,548,21,657,21,704,21,200020,21,200025,21,200029,21,200026,21,200025
883,7,4,4,16,21,9,16,5,16,30,16,236,16,217,16,221,16,225,16,226,16,558,16,554,16,568,16,546,16,547,16,200017,16,200026,16,200027,16,200025,16,200025
884,7,4,4,21,25,8,21,5,21,31,21,239,21,220,21,234,21,222,21,224,21,577,21,554,21,567,21,557,21,570,21,200016,21,200025,21,200023,21,200027,21,200024
885,7,4,4,19,22,8,19,5,19,31,19,232,19,237,19,237,19,216,19,216,19,558,19,572,19,568,19,553,19,550,19,200015,19,200029,19,200023,19,200024,19,200030
886,7,4,8,310,414,8,310,5,310,38,310,248,310,229,310,218,310,219,310,227,310,576,310,580,310,573,310,558,310,572,310,200015,310,200026,310,200026,310,200025,310,200025
887,7,4,8,282,417,8,282,5,282,38,282,239,282,236,282,224,282,228,282,219,282,586,282,569,282,569,282,547,282,549,282,200015,282,200026,282,200025,282,200024,282,200027
888,7,4,8,298,298,9,298,5,298,39,298,237,298,235,298,337,298,219,298,216,298,586,298,565,298,568,298,578,298,564,298,200015,298,200025,298,200024,298,200025,298,200025
889,7,4,8,325,368,8,325,5,325,38,325,238,325,241,325,236,325,221,325,231,325,572,325,568,325,560,325,563,325,558,325,200015,325,200031,325,200025,325,200025,325,200026
890,7,4,8,274,360,8,274,5,274,42,274,236,274,227,274,242,274,230,274,233,274,569,274,557,274,560,274,576,274,553,274,200016,274,200024,274,200022,274,200033,274,200022
891,7,4,16,90472,141309,8,90472,5,90738,36,90472,226,90472,211,90472,232,90472,205,90472,210,90472,540,90472,579,90472,540,90472,536,90472,539,90472,200015,90472,200025,90472,200026,90472,200026,90472,200025
892,7,4,16,73287,96481,8,73287,5,73287,39,73287,247,73287,239,73287,364,73287,220,73287,218,73287,571,73287,558,73287,572,73287,562,73287,567,73287,200016,73287,200025,73287,200026,73287,200025,73287,200024
893,7,4,16,57510,74057,8,57510,5,57510,38,57510,245,57510,225,57510,219,57510,232,57510,224,57510,562,57510,551,57510,568,57510,553,57510,553,57510,200015,57510,200024,57510,200027,57510,200027,57510,200024
894,7,4,16,102648,117866,8,102648,5,102648,39,102648,241,102648,218,102648,229,102648,223,102648,230,102648,565,102648,565,102648,565,102648,551,102648,591,102648,200015,102648,200027,102648,200026,102648,200024,102648,200023
895,7,4,16,66153,91899,8,66153,5,66153,38,66153,254,66153,225,66153,218,66153,228,66153,216,66153,563,66153,563,66153,553,66153,555,66153,570,66153,200016,66153,200026,66153,200028,66153,200025,66153,200025
896,7,4,32,7089105109,10380112924,8,7089105109,5,7089105109,38,7089105109,1361,7089105109,1376,7089105109,1395,7089105109,1381,7089105109,1411,7089105109,561,7089105109,633,7089105109,715,7089105109,592,7089105109,548,7089105109,200019,7089105109,200024,7089105109,200027,7089105109,200026,7089105109,200026
897,7,4,32,7032516668,9653913111,8,7032516668,5,7032516668,38,7032516668,1377,7032516668,1384,7032516668,1331,7032516668,1425,7032516668,1380,7032516668,596,7032516668,554,7032516668,550,7032516668,560,7032516668,566,7032516668,200017,7032516668,200026,7032516668,200024,7032516668,200027,7032516668,200024
898,7,4,32,5418398026,7254228012,9,5418398026,6,5418398026,48,5418398026,1411,5418398026,1716,5418398026,1426,5418398026,1466,5418398026,1423,5418398026,704,5418398026,566,5418398026,568,5418398026,576,5418398026,557,5418398026,200017,5418398026,200026,5418398026,200022,5418398026,200025,5418398026,200027
899,7,4,32,5829568847,7458319038,8,5829568847,5,5829568847,37,5829568847,1368,5829568847,1374,5829568847,1351,5829568847,1382,5829568847,1378,5829568847,577,5829568847,564,5829568847,558,5829568847,558,5829568847,560,5829568847,200015,5829568847,200027,5829568847,200025,5829568847,200025,5829568847,200024
900,7,4,32,4425119022,4969993712,9,4425119022,5,4425119022,39,4425119022,1394,4425119022,1422,4425119022,1413,4425119022,1427,4425119022,1427,4425119022,567,4425119022,554,4425119022,582,4425119022,545,4425119022,563,4425119022,200016,4425119022,200025,4425119022,200025,4425119022,200025,4425119022,200024
901,8,4,4,25,34,8,25,5,25,33,25,257,25,236,25,271,25,247,25,234,25,577,25,576,25,580,25,583,25,575,25,200016,25,200026,25,200027,25,200025,25,200024
902,8,4,4,17,26,9,17,6,17,34,17,267,17,246,17,253,17,240,17,234,17,590,17,586,17,584,17,573,17,577,17,200016,17,200028,17,200026,17,200031,17,200024
903,8,4,4,28,29,8,28,5,28,42,28,260,28,234,28,270,28,242,28,232,28,598,28,578,28,577,28,587,28,609,28,200015,28,200027,28,200031,28,200025,28,200032
904,8,4,4,16,18,9,16,5,16,34,16,254,16,234,16,239,16,233,16,233,16,588,16,586,16,576,16,601,16,583,16,200016,16,200024,16,200026,16,200026,16,200026
905,8,4,4,25,36,8,25,5,25,33,25,276,25,246,25,243,25,233,25,233,25,571,25,608,25,570,25,643,25,567,25,200017,25,200037,25,200025,25,200024,25,200027
906,8,4,8,450,553,8,450,6,450,41,450,252,450,253,450,257,450,233,450,250,450,602,450,640,450,629,450,589,450,593,450,200016,450,200024,450,200030,450,200025,450,200025
907,8,4,8,356,541,8,356,6,356,42,356,262,356,237,356,233,356,233,356,233,356,578,356,586,356,568,356,562,356,564,356,200016,356,200026,356,200026,356,200026,356,200030
908,8,4,8,511,596,8,511,5,513,42,511,286,511,250,511,234,511,234,511,240,511,617,511,582,511,579,511,593,511,585,511,200018,511,200024,511,200024,511,200028,511,200025
909,8,4,8,443,537,8,443,6,443,42,443,266,443,241,443,237,443,266,443,257,443,597,443,578,443,570,443,563,443,567,443,200015,443,200026,443,200028,443,200028,443,200064
910,8,4,8,278,317,11,278,7,278,52,278,256,278,287,278,290,278,258,278,231,278,708,278,630,278,589,278,565,278,575,278,200017,278,200026,278,200023,278,200025,278,200024
911,8,4,16,110367,138485,8,110367,5,110367,391,110367,253,110367,250,110367,242,110367,234,110367,232,110367,575,110367,590,110367,564,110367,586,110367,593,110367,200017,110367,200026,110367,200026,110367,200025,110367,200027
912,8,4,16,110898,123434,8,110898,5,110898,43,110898,285,110898,249,110898,283,110898,282,110898,240,110898,601,110898,583,110898,577,110898,585,110898,592,110898,200040,110898,200025,110898,200026,110898,200028,110898,200024
913,8,4,16,69656,79268,8,69656,5,69656,42,69656,266,69656,244,69656,236,69656,245,69656,234,69656,584,69656,587,69656,598,69656,570,69656,578,69656,200017,69656,200044,69656,200027,69656,200026,69656,200024
914,8,4,16,117837,143077,10,117837,7,117837,52,117837,259,117837,243,117837,240,117837,235,117837,244,117837,704,117837,585,117837,576,117837,575,117837,582,117837,200016,117837,200025,117837,200027,117837,200025,117837,200028
915,8,4,16,70213,95857,8,70213,5,70213,42,70213,254,70213,234,70213,252,70213,251,70213,230,70213,604,70213,610,70213,600,70213,595,70213,588,70213,200019,70213,200026,70213,200025,70213,200028,70213,200027
916,8,4,32,5897644325,8395400289,8,5897644325,5,5897644325,42,5897644325,1486,5897644325,1464,5897644325,1505,5897644325,1499,5897644325,1471,5897644325,622,5897644325,606,5897644325,561,5897644325,582,5897644325,577,5897644325,200018,5897644325,200026,5897644325,200027,5897644325,200025,5897644325,200028
917,8,4,32,6487584341,6655670305,8,6487584341,6,6487584341,42,6487584341,1464,6487584341,1457,6487584341,1420,6487584341,1520,6487584341,1434,6487584341,602,6487584341,590,6487584341,599,6487584341,582,6487584341,603,6487584341,200017,6487584341,200025,6487584341,200025,6487584341,200027,6487584341,200025
918,8,4,32,4940777057,5083018248,11,4940777057,7,4951179065,54,4940777057,1545,4940777057,1426,4940777057,1447,4940777057,1460,4940777057,1528,4940777057,564,4940777057,568,4940777057,566,4940777057,582,4940777057,568,4940777057,200019,4940777057,200025,4940777057,200024,4940777057,200024,4940777057,200027
919,8,4,32,5418418634,6934375865,8,5418418634,5,5418418634,42,5418418634,1777,5418418634,1448,5418418634,1471,5418418634,1445,5418418634,1527,5418418634,597,5418418634,582,5418418634,593,5418418634,686,5418418634,764,5418418634,200030,5418418634,200025,5418418634,200026,5418418634,200027,5418418634,200024
920,8,4,32,7089988407,8160686499,8,7089988407,5,7089988407,42,7089988407,1615,7089988407,1667,7089988407,1435,7089988407,1429,7089988407,1539,7089988407,604,7089988407,579,7089988407,618,7089988407,586,7089988407,696,7089988407,200019,7089988407,200026,7089988407,200025,7089988407,200028,7089988407,200029
921,9,4,4,20,28,12,20,8,20,45,20,345,20,291,20,251,20,250,20,249,20,663,20,604,20,579,20,627,20,653,20,200016,20,200028,20,200025,20,200031,20,200029
922,9,4,4,22,31,9,22,6,22,37,22,266,22,260,22,249,22,261,22,253,22,594,22,574,22,635,22,581,22,570,22,200018,22,200026,22,200025,22,200026,22,200024
923,9,4,4,22,34,10,22,8,22,45,22,288,22,258,22,267,22,256,22,255,22,660,22,609,22,613,22,609,22,594,22,200016,22,200023,22,200025,22,200026,22,200025
924,9,4,4,29,38,9,29,6,29,37,29,278,29,252,29,256,29,257,29,281,29,606,29,586,29,581,29,580,29,578,29,200018,29,200025,29,200027,29,200030,29,200026
925,9,4,4,26,37,9,26,6,26,37,26,265,26,260,26,262,26,255,26,259,26,590,26,579,26,598,26,573,26,581,26,200019,26,200024,26,200025,26,200025,26,200026
926,9,4,8,334,410,11,339,8,335,53,339,1563,334,1605,334,247,334,247,334,1536,334,734,334,625,334,615,334,705,334,667,334,31,334,23,334,22,334,20,334,22
927,9,4,8,324,512,5,324,5,324,43,324,272,324,249,324,251,324,265,324,248,324,597,324,621,324,573,324,627,324,558,324,200017,324,200027,324,200023,324,200025,324,200025
928,9,4,8,314,331,8,328,6,314,46,314,269,314,1150,314,442,314,479,314,3344,314,720,314,674,314,628,314,706,314,633,314,27,314,22,314,30,314,50,314,22
929,9,4,8,400,512,5,426,5,402,42,400,1919,400,1183,400,473,400,466,400,1179,400,804,400,950,400,651,400,819,400,872,400,25,400,22,400,21,400,21,400,22
930,9,4,8,444,566,5,444,5,444,43,444,259,444,255,444,250,444,265,444,251,444,580,444,586,444,682,444,581,444,595,444,200015,444,200024,444,200027,444,200025,444,200025
931,9,4,16,137043,163192,9,140145,6,137313,47,137043,282,137043,470,140145,1508,137043,261,137043,869,137043,616,137043,665,137043,727,137043,877,137043,850,137043,24,137043,21,137043,22,137043,21,137043,21
932,9,4,16,103568,132407,5,103568,5,103602,42,103568,306,103568,308,103568,254,103568,252,103568,250,103568,583,103568,595,103568,576,103568,576,103568,614,103568,200016,103568,200024,103568,200024,103568,200032,103568,200024
933,9,4,16,122339,136574,9,126146,6,122339,47,126146,1540,122339,760,122339,1173,122339,1552,122339,780,122339,585,122339,583,122339,696,122339,600,122339,585,122339,24,122339,21,122339,22,122339,21,122339,22
934,9,4,16,85845,130761,4,85845,5,85845,65,85845,282,85845,256,85845,262,85845,250,85845,255,85845,575,85845,675,85845,624,85845,574,85845,562,85845,200017,85845,200026,85845,200026,85845,200023,85845,200027
935,9,4,16,119230,181220,8,119230,7,119989,61,119230,297,119230,252,119230,250,119230,261,119230,252,119230,575,119230,606,119230,667,119230,575,119230,597,119230,200016,119230,200026,119230,200025,119230,200024,119230,200025
936,9,4,32,8923500178,12129099617,9,8923500178,6,8923500178,45,8923500178,1588,8923500178,1508,8923500178,1476,8923500178,1558,8923500178,1651,8923500178,594,8923500178,583,8923500178,627,8923500178,585,8923500178,595,8923500178,200021,8923500178,200025,8923500178,200024,8923500178,200026,8923500178,200029
937,9,4,32,9292707917,13926792783,9,9292707917,7,9292707917,49,9292707917,1549,9292707917,1597,9292707917,1503,9292707917,1581,9292707917,1592,9292707917,588,9292707917,589,9292707917,578,9292707917,655,9292707917,631,9292707917,200029,9292707917,200024,9292707917,200024,9292707917,200027,9292707917,200027
938,9,4,32,8307577690,9582631806,9,8715292693,7,8307577690,45,8307577690,1891,8307577690,1550,8486123867,2628,8486123867,2738,8307577690,1896,8307577690,889,8307577690,650,8307577690,672,8307577690,612,8307577690,847,8307577690,26,8307577690,23,8307577690,22,8307577690,23,8307577690,22
939,9,4,32,5206630999,6021460745,5,5454035023,5,5206630999,44,5206630999,1889,5454035023,1513,5454035023,1587,5206630999,2588,5206630999,3323,5206630999,607,5206630999,578,5206630999,688,5206630999,752,5206630999,597,5206630999,24,5206630999,22,5206630999,21,5206630999,21,5206630999,21
940,9,4,32,6372451864,8566589854,5,6372451864,5,6372451864,44,6372451864,1522,6372451864,1582,6372451864,1537,6372451864,1700,6372451864,1503,6372451864,592,6372451864,599,6372451864,594,6372451864,588,6372451864,590,6372451864,200018,6372451864,200025,6372451864,200024,6372451864,200024,6372451864,200025
941,10,4,4,20,21,9,20,6,21,49,20,285,20,265,20,283,20,272,20,270,20,593,20,592,20,611,20,606,20,586,20,200015,20,200024,20,200026,20,200026,20,200024
942,10,4,4,24,30,9,24,6,24,37,24,289,24,274,24,271,24,264,24,269,24,703,24,769,24,613,24,609,24,604,24,200020,24,200027,24,200026,24,200025,24,200025
943,10,4,4,26,28,9,26,6,26,39,26,286,26,282,26,277,26,266,26,264,26,630,26,601,26,612,26,601,26,597,26,200017,26,200036,26,200025,26,200026,26,200025
944,10,4,4,39,55,9,39,6,39,43,39,303,39,267,39,295,39,264,39,264,39,580,39,602,39,591,39,586,39,592,39,200018,39,200024,39,200025,39,200026,39,200027
945,10,4,4,22,28,9,24,6,22,39,22,1664,22,268,22,492,22,826,22,268,23,615,23,655,23,694,23,782,23,755,22,23,22,22,22,59,22,27,22,47
946,10,4,8,459,552,5,459,5,462,62,459,312,459,266,459,379,459,359,459,281,459,593,459,585,459,585,459,595,459,581,459,200019,459,200028,459,200027,459,200026,459,200038
947,10,4,8,478,617,9,480,7,478,50,478,1608,478,1566,478,1704,480,1566,480,1666,480,624,478,812,480,589,480,585,478,616,478,26,478,22,478,23,478,21,478,21
948,10,4,8,450,553,5,450,5,450,48,450,316,450,273,450,266,450,267,450,273,450,623,450,674,450,681,450,642,450,587,450,200019,450,200028,450,200026,450,200028,450,200024
949,10,4,8,461,542,9,478,6,464,49,478,1625,461,1562,461,2321,461,2359,461,831,461,842,461,964,461,910,461,755,461,1106,461,25,461,23,461,22,461,21,461,22
950,10,4,8,431,582,5,460,5,431,46,431,1978,443,1593,444,3056,431,1238,431,263,431,757,444,915,431,825,431,921,431,1068,431,113,431,111,431,82,431,25,431,269
951,10,4,16,127407,148254,6,127470,5,127407,48,127407,274,127470,1592,127470,1624,127470,1574,127407,498,127407,638,127407,937,127407,803,127407,609,127407,805,127407,23,127407,22,127407,21,127407,22,127407,20
952,10,4,16,96435,138040,5,100777,6,100777,45,96902,3643,96435,855,96902,4312,96902,3095,96902,3228,96435,799,96435,647,96435,918,96435,955,96435,674,96435,27,96435,24,96435,23,96435,23,96435,22
953,10,4,16,88687,93769,5,89749,5,90401,47,88687,287,89749,1681,89749,1612,88687,945,88687,278,88687,598,89749,575,88687,620,88687,772,88687,1055,88687,27,88687,35,88687,22,88687,21,88687,21
954,10,4,16,105548,119438,5,107817,5,105548,47,105548,1210,107817,1628,107817,1571,106363,1969,105548,1950,105548,886,105548,757,105548,841,105548,863,105548,658,105548,24,105548,23,105548,31,105548,34,105548,46
955,10,4,16,137707,185573,5,140300,5,137994,46,137994,2741,137707,284,140300,1627,137707,1211,137707,1196,137707,832,137707,856,137707,819,137707,662,137707,729,137707,25,137707,24,137707,22,137707,21,137707,21
956,10,4,32,5689701928,7390237151,5,5710798955,5,5691935585,47,5710798955,1577,5689701928,3457,5710798955,2116,5710798955,1624,5710798955,1626,5689701928,627,5689701928,848,5689701928,818,5689701928,635,5689701928,728,5689701928,26,5689701928,24,5689701928,23,5689701928,21,5689701928,21
957,10,4,32,8299977089,10241268419,6,8301482351,5,8331346844,47,8299977089,2365,8301482351,1597,8299977089,2744,8301482351,1633,8299977089,2778,8299977089,946,8299977089,625,8299977089,957,8299977089,608,8299977089,759,8299977089,26,8299977089,21,8299977089,23,8299977089,23,8299977089,22
958,10,4,32,9223634215,12772747540,5,9656068747,5,9694661890,46,9286621474,2742,9286621474,2744,9656068747,1696,9656068747,1639,9656068747,1662,9223634215,741,9223634215,961,9223634215,712,9223634215,966,9223634215,614,9223634215,26,9223634215,24,9223634215,22,9223634215,23,9223634215,22
959,10,4,32,8963641747,11238068425,5,9093625176,5,8963641747,50,8963641747,3104,8963641747,2670,9093625176,1632,8963641747,2380,8963641747,2721,8963641747,628,8963641747,858,8963641747,887,8963641747,756,8963641747,910,8963641747,27,8963641747,22,8963641747,23,8963641747,21,8963641747,23
960,10,4,32,7546673747,10453453022,5,7624205882,5,7560562768,46,7546673747,5207,7560562768,3138,7546673747,4306,7560562768,3246,7546673747,2025,7546673747,806,7546673747,969,7546673747,791,7546673747,854,7546673747,987,7546673747,27,7546673747,91,7546673747,32,7546673747,34,7546673747,132
961,11,4,4,37,46,10,37,7,37,47,37,315,37,301,37,282,37,286,37,279,37,603,37,589,37,611,37,628,37,595,37,200018,37,200025,37,200026,37,200025,37,200026
962,11,4,4,31,40,9,31,7,31,42,31,346,31,281,31,282,31,295,31,292,31,703,31,620,31,632,31,605,31,610,31,200017,31,200025,31,200027,31,200026,31,200025
963,11,4,4,30,38,8,32,6,31,48,30,2364,31,2428,31,1576,31,1760,31,1958,31,604,31,684,31,645,30,619,30,842,30,297,30,63,30,70,31,200015,30,60
964,11,4,4,42,50,5,43,6,43,52,42,588,42,860,42,1331,42,1643,43,1764,42,716,42,642,42,792,42,970,42,878,42,41,42,44,42,31,42,26,42,81
965,11,4,4,30,35,6,30,6,30,39,30,299,30,288,30,319,30,278,30,287,30,606,30,641,30,606,30,586,30,634,30,200016,30,200025,30,200025,30,200027,30,200027
966,11,4,8,582,784,10,608,7,595,52,590,3700,582,2503,590,2848,582,850,582,2927,582,764,582,977,582,1030,582,803,582,1104,582,72,590,200017,590,200024,582,43,582,35
967,11,4,8,697,796,6,731,6,697,53,700,2523,700,2057,700,2484,700,3661,700,2533,710,672,731,629,700,1094,731,583,710,955,697,28,697,23,697,23,697,30,697,22
968,11,4,8,621,776,5,646,6,621,51,630,5011,629,5028,629,2823,621,5638,629,4890,621,749,634,661,621,867,621,940,634,892,629,200019,630,200026,621,234,629,200017,629,200026
969,11,4,8,466,572,10,466,6,466,52,466,303,466,296,466,291,466,281,466,308,466,606,466,590,466,596,466,609,466,591,466,200017,466,200026,466,200027,466,200025,466,200027
970,11,4,8,662,803,10,675,7,677,53,672,3367,662,2705,675,1705,672,2137,662,2871,662,1287,662,1183,662,1170,665,625,662,1353,662,28,662,23,662,24,662,22,662,23
971,11,4,16,128208,188587,5,128395,6,128208,51,128208,1040,128395,1681,128395,1696,128208,285,128208,288,128395,623,128395,597,128395,608,128395,593,128395,606,128208,24,128208,35,128208,37,128208,52,128208,22
972,11,4,16,172873,219225,5,172873,6,173920,50,172873,295,172873,288,172873,283,172873,317,172873,287,172873,596,172873,631,172873,593,172873,592,172873,597,172873,200016,172873,200027,172873,200026,172873,200026,172873,200025
973,11,4,16,113859,119812,10,120307,7,113859,52,114630,4079,114630,7933,114860,3244,114860,4470,114630,3880,113859,674,113859,760,117143,781,117118,1072,113859,979,114630,200020,113859,353,114630,200018,113859,139,113859,174
974,11,4,16,104078,133631,6,115438,6,108768,52,107052,1685,108163,4988,108163,5677,104310,2429,104078,1744,104078,696,105332,879,104310,904,104310,656,104310,1094,104078,29,104078,37,104078,49,104078,49,104078,133
975,11,4,16,95497,114993,5,100876,6,97725,50,95497,2869,96250,2074,96402,3281,96241,4846,96250,4602,95497,1091,95497,1075,95497,828,95497,630,95497,751,95497,35,95497,28,95497,27,95497,26,95497,30
976,11,4,32,11172764022,14584904151,7,11257579951,7,11215618395,62,11215618395,2436,11215618395,2492,11257579951,1690,11172764022,3656,11257579951,1879,11215618395,812,11215618395,1008,11215618395,831,11215618395,780,11257579951,597,11172764022,29,11215618395,200017,11257579951,200028,11172764022,36,11172764022,88
977,11,4,32,7511654315,10934704597,6,7816814106,6,7732282742,53,7511654315,4877,7511654315,4539,7684784551,3078,7511654315,4609,7511654315,3228,7639445397,756,7639445397,1060,7511654315,653,7639445397,1173,7511654315,860,7511654315,255,7511654315,132,7511654315,762,7511654315,630,7511654315,322
978,11,4,32,9877577259,11727917342,6,10345163709,6,9933355364,50,9877577259,6349,9922855761,1717,9877577259,4505,9881651598,4383,10345163709,1647,9922855761,873,10341089370,877,9881651598,621,9877577259,894,9881651598,767,9877577259,27,9877577259,57,9877577259,23,9877577259,24,9877577259,23
979,11,4,32,8724106122,10773985091,5,8724106122,5,8830201961,51,8724106122,1746,8724106122,2187,8724106122,1956,8724106122,1650,8724106122,1723,8724106122,632,8724106122,618,8724106122,598,8724106122,610,8724106122,606,8724106122,200019,8724106122,200026,8724106122,200025,8724106122,200027,8724106122,200028
980,11,4,32,8180522600,9729274949,9,8786293826,7,8579641003,59,8404735368,6248,8437266201,4381,8437266201,3329,8245660307,4823,8245660307,5430,8180522600,884,8180522600,1030,8180522600,902,8180522600,976,8180522600,1020,8180522600,123,8180522600,111,8180522600,40,8180522600,95,8180522600,65
981,12,4,4,43,54,6,43,6,44,54,43,326,43,297,43,297,43,294,43,311,43,624,43,606,43,609,43,651,43,598,43,200019,43,200025,43,200026,43,200032,43,200025
982,12,4,4,34,44,10,36,7,35,55,35,1942,35,2346,35,1776,35,2240,34,318,34,625,34,844,34,820,34,619,34,745,34,28,34,23,34,23,34,23,34,23
983,12,4,4,28,34,6,28,6,28,42,28,305,28,296,28,307,28,305,28,294,28,664,28,675,28,616,28,599,28,609,28,200016,28,200026,28,200025,28,200028,28,200027
984,12,4,4,24,27,9,24,7,24,43,24,317,24,296,24,310,24,303,24,292,24,614,24,627,24,599,24,608,24,615,24,200017,24,200025,24,200026,24,200026,24,200026
985,12,4,4,47,62,10,47,8,48,55,47,332,47,299,47,307,47,293,47,309,47,628,47,614,47,610,47,612,47,620,47,200020,47,200026,47,200025,47,200028,47,200038
986,12,4,8,397,512,9,403,8,406,55,403,1773,403,1804,403,1814,403,1727,403,1720,397,1127,397,735,397,806,397,1065,397,1317,403,200019,403,200027,403,200027,403,200026,403,200026
987,12,4,8,754,1117,10,769,7,758,56,754,2612,754,2133,756,3374,754,3781,769,1731,765,1038,769,618,765,686,754,1127,754,1005,756,200019,754,967,756,200017,756,200025,754,162
988,12,4,8,627,691,6,629,6,630,54,629,1782,627,1798,627,1304,629,1909,629,1808,627,1082,629,594,627,868,627,896,627,755,627,26,627,23,627,22,627,22,627,22
989,12,4,8,600,703,6,619,6,613,53,600,5033,606,3059,605,3393,605,3846,606,3789,600,817,600,1025,600,624,600,1034,600,724,600,104,600,100,600,96,600,126,600,38
990,12,4,8,387,438,6,394,6,390,53,387,942,387,1041,391,3269,387,565,394,1726,394,695,390,1239,390,907,390,915,390,1024,387,55,387,36,387,62,387,62,387,27
991,12,4,16,142264,161715,6,147995,6,143000,53,144036,2317,142264,3107,143557,3803,142264,853,142264,1795,143491,1000,143491,764,143491,879,143491,754,143491,829,142264,41,142264,30,142264,168,142264,155,142264,77
992,12,4,16,142765,189059,6,143728,6,143689,53,142765,311,142765,2262,142765,536,142765,1347,142765,1771,142765,662,142765,789,142765,931,142765,603,142765,800,142765,24,142765,23,142765,23,142765,24,142765,22
993,12,4,16,185705,232100,6,186705,6,187111,52,186705,2204,186705,1804,186170,3783,186705,1822,186705,1756,186705,617,186705,1003,186705,619,186705,603,186705,612,185705,165,185705,121,185705,29,185705,49,185705,193
994,12,4,16,183278,225101,6,189087,6,187225,53,185527,3048,186777,3879,184543,3106,186770,3461,184611,6486,184611,1525,184611,890,184611,750,186792,1483,185733,786,183278,189,183278,160,183278,75,183278,255,183278,191
995,12,4,16,110305,123999,6,110733,6,111156,53,110305,1893,110733,1793,110733,1767,110733,1792,110733,1813,110645,600,110645,761,110645,972,110645,726,110645,902,110733,200018,110305,33,110305,43,110733,200018,110305,52
996,12,4,32,10077245387,13228402394,6,10473853065,6,10364894447,56,10183607190,3143,10266486971,3892,10077245387,2497,10156697994,4679,10077245387,2614,10077245387,1115,10077245387,934,10077245387,1134,10077245387,1470,10077245387,1157,10077245387,30,10077245387,25,10077245387,41,10077245387,36,10077245387,25
997,12,4,32,9815165015,11590932688,6,9867846164,7,9867846164,53,9867846164,1738,9867846164,1822,9867846164,1758,9867846164,1701,9867846164,1766,9815165015,1008,9815165015,928,9815165015,864,9815165015,1143,9815165015,1097,9815165015,207,9815165015,211,9815165015,98,9815165015,75,9815165015,219
998,12,4,32,10978027594,14144423923,6,11013382930,6,11035920090,52,11013382930,1791,11013382930,1991,11013382930,2098,11013382930,1799,11013382930,2246,10978027594,730,10978027594,1145,10978027594,1368,10978027594,831,10978027594,826,10978027594,38,10978027594,24,10978027594,40,10978027594,25,10978027594,22
999,12,4,32,11014109898,11732539044,6,11257149039,6,11164511000,84,11069093279,3037,11149813303,2115,11014109898,3605,11014109898,5510,11014109898,4246,11014109898,659,11014109898,842,11014109898,1187,11014109898,823,11014109898,667,11014109898,58,11014109898,518,11028807595,200017,11028807595,200026,11014109898,67
1000,12,4,32,10651740828,13468456103,6,11097686672,6,10913297440,56,10651740828,2270,10651740828,2163,10651740828,3516,10712922689,3430,10651740828,4957,10763545888,934,10651740828,1216,10651740828,1173,10651740828,933,10854115766,911,10651740828,29,10651740828,32,10651740828,101,10651740828,57,10651740828,33
1001,13,4,4,47,60,10,48,7,49,56,48,1980,47,339,47,546,47,548,48,1802,47,920,47,789,48,653,47,996,48,620,47,248,47,97,47,257,47,35,47,23
1002,13,4,4,33,39,6,34,6,33,50,34,1898,34,1846,34,2117,33,958,34,1891,34,636,33,631,33,618,33,609,34,610,33,26,33,23,33,23,33,23,33,50
1003,13,4,4,34,45,16,34,10,34,65,34,334,34,347,34,313,34,334,34,312,34,824,34,625,34,676,34,771,34,630,34,200019,34,200031,34,200028,34,200027,34,200026
1004,13,4,4,30,34,13,31,8,30,45,31,1894,31,1894,31,1913,30,586,30,1914,31,628,31,627,31,633,31,630,31,662,31,200020,31,200028,31,200027,31,200028,31,200027
1005,13,4,4,31,41,10,31,7,32,57,31,355,31,310,31,315,31,323,31,314,31,633,31,614,31,631,31,858,31,716,31,200019,31,200029,31,200028,31,200032,31,200027
1006,13,4,8,691,884,10,692,7,695,61,692,1835,692,1913,692,1783,692,1858,692,1778,692,618,691,763,692,637,692,610,692,607,691,27,691,59,691,95,691,70,691,49
1007,13,4,8,594,966,6,594,7,597,56,594,317,594,312,594,334,594,325,594,333,594,608,594,637,594,619,594,608,594,612,594,200017,594,200042,594,200030,594,200029,594,200027
1008,13,4,8,514,649,10,514,8,517,59,514,339,514,334,514,360,514,317,514,316,514,627,514,607,514,623,514,643,514,623,514,200018,514,200028,514,200028,514,200026,514,200027
1009,13,4,8,779,1066,10,779,8,785,61,779,363,779,321,779,311,779,327,779,324,779,640,779,619,779,611,779,619,779,628,779,200017,779,200027,779,200026,779,200026,779,200026
1010,13,4,8,446,515,10,454,8,468,59,450,4476,450,3712,451,3141,453,3048,451,2745,449,693,446,992,449,713,446,1232,446,1087,446,32,446,26,446,36,446,25,446,23
1011,13,4,16,133558,137674,6,137107,6,134504,57,135221,4927,133558,1363,136161,1812,135302,3617,134148,3551,134148,843,134932,802,133908,730,133558,1400,134148,927,133558,280,133558,109,133558,160,133558,662,133558,441
1012,13,4,16,155119,162451,6,158819,6,156275,55,155119,4535,155119,3036,155119,2842,156513,3149,156860,2249,156198,701,156444,906,156198,989,156367,765,156367,905,155119,401,155119,27,155119,117,155119,24,155119,26
1013,13,4,16,132018,162845,6,138103,7,134936,55,132679,7572,133423,3117,132903,4883,132652,2469,135167,2045,134746,807,134746,1196,134746,1317,134746,967,135380,779,135890,200021,137868,200027,132018,84,137234,200018,138039,200027
1014,13,4,16,159505,235765,10,162903,8,164201,57,162903,2149,162903,2303,162682,2282,159798,4376,159526,4055,160670,1052,162682,996,159798,1243,160670,782,159798,1089,159505,27,159505,174,159505,27,159505,72,159505,28
1015,13,4,16,129922,138279,6,134365,6,132830,57,129922,4383,134365,1845,131894,3095,130072,4812,129922,1798,129922,1464,129922,1371,129922,832,129992,693,130072,1577,130160,200018,129922,376,129922,29,130160,200017,129922,48
1016,13,4,32,8242483334,9125010743,6,8623754467,7,8489269135,58,8416023794,7298,8423012852,2736,8585048297,1810,8443224949,3569,8307689971,4430,8306838195,1249,8344843677,1013,8307689971,995,8307689971,1107,8344843677,1169,8242483334,37,8242483334,26,8242483334,25,8242483334,25,8242483334,24
1017,13,4,32,13634635819,17323673704,6,13634635819,7,14031109168,57,13634635819,1811,13634635819,1811,13634635819,1821,13634635819,1859,13634635819,1885,13634635819,633,13634635819,605,13634635819,608,13634635819,615,13634635819,636,13634635819,200018,13634635819,200028,13634635819,200026,13634635819,200029,13634635819,200028
1018,13,4,32,10126110547,11379165916,10,10126110547,7,10204764791,59,10126110547,1852,10126110547,1868,10126110547,1844,10126110547,1906,10126110547,2034,10126110547,612,10126110547,612,10126110547,629,10126110547,623,10126110547,612,10126110547,200022,10126110547,200029,10126110547,200026,10126110547,200034,10126110547,200029
1019,13,4,32,9957995820,12513719188,10,10107972754,8,10107972754,58,10107972754,2032,10107972754,2195,10107972754,1905,9957995820,4101,10107972754,1854,10061488682,754,10038211866,972,10061488682,1081,10107972754,721,10061488682,963,9957995820,372,9957995820,1099,9957995820,370,9957995820,716,9957995820,68
1020,13,4,32,13282379745,18776371622,6,13431465494,7,13365214239,56,13431465494,1862,13431465494,1845,13348631000,4011,13431465494,1837,13431465494,1824,13282379745,1192,13330195992,824,13293423875,925,13282379745,986,13330195992,620,13282379745,65,13282379745,25,13282379745,22,13282379745,23,13282379745,23
1021,14,4,4,35,43,7,36,7,35,56,35,589,36,1980,35,1417,36,2018,36,1936,36,627,35,929,35,721,35,628,35,672,35,59,35,121,35,73,35,147,35,136
1022,14,4,4,55,71,7,55,7,55,52,55,366,55,327,55,324,55,359,55,323,55,622,55,618,55,629,55,616,55,622,55,200016,55,200028,55,200027,55,200026,55,200030
1023,14,4,4,41,57,10,42,8,41,54,41,1543,41,1487,41,1913,41,2016,42,2240,41,850,42,612,41,940,41,625,42,611,41,27,41,23,41,23,41,23,41,23
1024,14,4,4,36,43,6,36,17,36,54,36,475,36,1178,36,3026,36,515,36,605,36,629,36,641,36,640,36,636,36,656,36,200026,36,200028,36,200028,36,200027,36,200025
1025,14,4,4,50,70,11,51,8,50,53,51,1957,51,2029,51,2142,51,1975,51,1977,50,1013,51,629,51,623,50,787,50,1092,51,200018,51,200028,50,669,51,200020,50,434
1026,14,4,8,769,1051,7,774,7,775,60,772,4336,771,4142,774,1922,774,2053,774,1901,772,1059,771,1331,771,1174,771,1208,771,964,769,135,769,1191,769,136,769,894,769,129
1027,14,4,8,647,882,6,652,7,652,61,652,2157,652,2224,652,1950,648,5471,652,1872,648,964,651,624,652,612,652,630,651,1049,647,42,647,33,647,1052,647,565,647,1901
1028,14,4,8,671,698,7,682,7,676,60,682,2067,682,2032,682,1979,682,1911,682,1941,682,626,682,620,682,608,682,630,682,605,682,200021,682,200026,682,200027,682,200038,682,200026
1029,14,4,8,762,886,10,768,8,773,62,762,2098,768,1894,768,1971,768,2024,768,2005,768,642,768,630,768,623,768,618,768,688,762,96,762,505,762,332,768,200019,762,145
1030,14,4,8,663,808,7,674,7,672,62,666,7027,674,1905,666,6038,669,4301,663,1069,663,1087,664,1094,663,1030,668,1057,668,1175,663,84,663,39,663,139,663,49,663,161
1031,14,4,16,188592,215614,7,189529,7,191538,64,189529,2042,189529,1951,189529,1991,189529,1910,189529,1898,189529,648,189382,631,189529,629,189529,624,189529,810,188592,26,188592,23,188592,25,188592,23,188592,23
1032,14,4,16,204189,235542,6,206779,7,206382,58,204488,7522,205295,3180,204554,6368,204554,9771,205295,2438,204189,749,205115,1173,205115,1183,206185,857,205115,1284,204189,742,204189,960,204189,1307,204189,477,204189,385
1033,14,4,16,151552,201860,7,153583,6,152753,60,152055,4555,153235,2802,153583,1951,152732,3238,153583,2057,151552,641,152951,650,153583,619,153583,710,153583,673,151552,34,151552,25,151552,25,151552,26,151552,59
1034,14,4,16,227349,316048,6,230387,7,232575,59,230387,1953,230387,1877,228063,2355,230387,1908,230387,2020,230387,628,227844,863,230387,718,227625,1270,230387,654,227349,31,227349,28,227349,27,227349,27,227349,25
1035,14,4,16,228332,255025,7,233947,7,230100,59,229876,4059,229583,2357,228556,5522,228556,3721,229876,5146,229583,929,229876,748,229876,741,229876,915,229876,978,228332,37,228332,42,229876,200021,228332,68,229876,200018
1036,14,4,32,14724743486,19219801928,10,15232331979,8,14900936163,62,14756274519,5261,14840384527,4168,15232331979,1867,14724743486,6261,15232331979,1786,14976630149,1056,14827514811,1093,14886266239,928,14840384527,1072,14869405130,739,14827514811,200019,14827514811,200026,14827514811,200028,14724743486,212,14827514811,200019
1037,14,4,32,14186834618,15916998462,11,14477699130,8,14601586889,61,14280979145,3740,14477699130,2035,14477699130,2102,14332759937,6354,14477699130,1909,14186834618,1229,14266552467,1146,14186834618,1172,14186834618,864,14455999758,839,14280979145,200018,14266552467,200030,14186834618,52,14280979145,200022,14186834618,41
1038,14,4,32,9890647143,11154875368,7,9997850036,7,9964403023,61,9997850036,1925,9942636797,6658,9962539734,3689,9997850036,1899,9997850036,2030,9890647143,1236,9890647143,1214,9966960607,1382,9960815389,1143,9997850036,638,9997850036,200018,9890647143,108,9942636797,200019,9942636797,200029,9942636797,200029
1039,14,4,32,11201982539,13665715441,10,11243700212,8,11286383618,61,11243700212,2001,11243700212,1888,11243700212,2101,11208166198,4115,11235891369,2923,11208166198,761,11201982539,1208,11243700212,631,11243700212,632,11205703294,841,11201982539,49,11235891369,200019,11201982539,577,11201982539,48,11201982539,65
1040,14,4,32,10371323645,10808616590,11,10408887073,10,10449377536,78,10408887073,1957,10408887073,1935,10408887073,2028,10408887073,1884,10408887073,1889,10408887073,694,10408022585,978,10406342130,875,10375115168,1441,10408887073,620,10371323645,90,10371323645,136,10371323645,80,10371323645,60,10371323645,148
1041,15,4,4,42,51,7,43,7,42,54,42,1551,42,1946,42,1040,42,1928,42,336,42,995,42,824,42,815,42,996,42,1005,42,28,42,23,42,23,42,23,42,23
1042,15,4,4,46,63,7,47,7,46,55,47,2020,46,1505,46,339,46,1940,46,1015,46,786,47,635,47,629,47,650,46,968,46,26,46,161,47,200023,46,35,46,25
1043,15,4,4,59,60,7,60,7,60,63,60,2020,59,640,60,1930,59,346,60,2004,60,645,59,1053,60,640,60,647,60,640,59,45,59,24,59,23,59,23,59,24
1044,15,4,4,38,40,7,39,7,39,62,39,2007,39,2038,38,918,38,358,38,1069,38,960,38,826,38,984,38,1035,38,804,38,33,38,23,38,25,38,23,38,23
1045,15,4,4,47,56,7,48,7,47,55,48,1942,48,2007,47,1982,48,2278,47,1898,48,633,47,880,48,634,47,878,47,994,47,35,47,26,47,24,47,24,47,24
1046,15,4,8,871,996,6,914,7,894,60,874,4347,877,6865,883,5328,873,7018,880,2453,872,1282,874,1033,880,967,873,1225,872,1314,873,200018,872,200029,872,200028,873,200028,873,200028
1047,15,4,8,823,1078,11,831,9,829,65,831,1996,831,1994,831,2022,831,2036,831,2007,825,1258,831,633,825,963,831,635,825,1224,823,53,823,199,823,111,823,741,823,1063
1048,15,4,8,511,574,7,518,8,518,71,518,1993,512,3320,518,1969,512,4027,515,3873,514,635,518,639,512,1310,512,985,512,1464,511,225,512,200018,512,200029,512,200028,511,218
1049,15,4,8,689,902,7,694,7,694,66,694,2149,694,1985,694,2207,694,1985,694,2086,693,1025,692,639,692,1155,690,1589,694,623,689,201,689,98,689,51,689,202,689,111
1050,15,4,8,561,679,7,562,7,569,70,562,1990,562,1965,562,2054,562,1972,562,1962,562,726,562,624,562,621,562,654,562,659,561,131,561,572,561,871,561,727,561,1981
1051,15,4,16,205281,313955,7,205614,8,206880,63,205614,2033,205439,6607,205614,1938,205500,2972,205614,2084,205439,1259,205338,1460,205496,1187,205388,803,205388,778,205281,126,205281,209,205281,100,205281,223,205281,187
1052,15,4,16,204557,226784,7,206356,7,205605,63,205589,2430,205589,4806,205317,5418,205605,2965,205317,2462,204995,775,205934,1282,204557,1507,205590,1409,206356,626,204557,1066,204557,1111,204995,200019,204557,834,204557,2027
1053,15,4,16,205674,227627,11,205911,12,207231,89,205911,2109,205911,2058,205911,1913,205911,2006,205911,2140,205911,931,205911,822,205911,701,205911,636,205911,642,205911,200023,205911,200035,205674,94,205911,200018,205911,200028
1054,15,4,16,185403,229978,11,189761,8,186503,65,187738,1987,188640,2460,186559,5279,188462,3520,187486,3836,185555,912,187362,988,186762,966,186181,1198,186790,1051,185403,529,185428,200019,185428,200030,185779,200028,185403,433
1055,15,4,16,146503,152213,9,146722,8,147646,64,146624,2913,146722,1998,146722,2018,146722,2009,146722,2095,146722,684,146722,643,146722,636,146722,646,146722,643,146503,2188,146503,396,146503,173,146503,288,146503,1171
1056,15,4,32,15347770538,16608906309,7,15631389614,8,15550512266,65,15631389614,1995,15520230428,3467,15347770538,5275,15631389614,1964,15422787953,4787,15550512266,871,15631389614,618,15520230428,730,15550512266,632,15535914167,925,15347770538,81,15347770538,69,15347770538,163,15347770538,62,15347770538,67
1057,15,4,32,14457426954,17705967254,7,14672171334,7,14906307073,62,14672171334,2095,14613198478,4308,14672171334,1946,14672171334,1969,14613198478,4820,14672171334,617,14672171334,621,14672171334,630,14672171334,612,14518177890,787,14457426954,326,14457426954,43,14457426954,117,14457426954,83,14457426954,64
1058,15,4,32,12869887182,15072318695,7,13370160956,7,12942778212,63,12958164214,7103,13020093798,4316,13001447701,2487,12942778212,3886,12974848211,3863,12942778212,1167,13006394583,784,12942778212,1095,12919040102,1047,12982745139,759,12869887182,245,12869887182,532,12869887182,111,12869887182,611,12869887182,1681
1059,15,4,32,15606244166,21131270742,7,15687783926,8,15728072550,64,15687783926,1947,15687783926,1948,15687783926,2011,15687783926,2023,15648633564,2839,15648633564,1186,15687783926,636,15687783926,639,15687783926,663,15648633564,1087,15687783926,200019,15606244166,129,15606244166,128,15606244166,50,15687783926,200020
1060,15,4,32,10836870290,14163696271,10,10936711960,8,10866028838,63,10936711960,2008,10936711960,2017,10936711960,2179,10936711960,2056,10936711960,1944,10911884083,1021,10911884083,1323,10936711960,637,10924232445,758,10928579428,1182,10836870290,754,10836870290,225,10836870290,1103,10866028838,200018,10936711960,200027
1061,16,4,4,60,64,11,62,9,63,66,61,3013,61,4711,60,2661,62,2027,61,3491,60,933,61,856,61,811,60,998,61,647,60,90,60,114,60,66,60,43,60,70
1062,16,4,4,52,59,10,52,10,52,74,52,387,52,373,52,353,52,355,52,401,52,788,52,666,52,758,52,766,52,638,52,200021,52,200026,52,200028,52,200029,52,200026
1063,16,4,4,45,58,10,45,8,46,62,45,376,45,337,45,345,45,334,45,361,45,603,45,617,45,601,45,597,45,584,45,200018,45,200028,45,200029,45,200027,45,200027
1064,16,4,4,35,41,11,35,10,35,59,35,377,35,375,35,354,35,357,35,379,35,657,35,651,35,631,35,649,35,648,35,200020,35,200028,35,200033,35,200030,35,200029
1065,16,4,4,43,48,11,44,9,43,60,43,377,43,1544,44,2044,44,2178,43,394,44,649,43,1037,43,634,44,644,43,643,43,124,43,65,43,137,43,191,43,37
1066,16,4,8,801,879,7,813,7,816,64,813,2097,813,2063,813,2033,806,5396,803,5361,808,654,808,1159,801,1106,801,995,805,663,803,200020,804,200029,806,200029,807,200029,801,106
1067,16,4,8,776,1032,7,779,8,788,67,779,2108,779,2023,779,2181,777,2589,779,2066,779,649,779,627,779,634,779,640,779,628,776,115,776,802,776,1115,776,537,777,200018
1068,16,4,8,870,1211,11,873,9,876,68,873,2063,873,2095,873,2283,873,2070,873,2039,871,1171,873,636,873,652,873,645,871,1629,870,290,870,132,870,464,870,141,870,203
1069,16,4,8,1023,1177,7,1025,8,1030,66,1025,2108,1025,2015,1025,2066,1025,2132,1025,2096,1025,647,1025,685,1025,692,1025,651,1025,662,1023,725,1023,994,1023,1464,1023,1266,1023,260
1070,16,4,8,771,943,9,799,10,783,82,780,4489,785,3609,775,6748,772,5916,775,6551,772,748,778,1037,772,1199,785,633,780,1062,771,341,771,32,771,41,771,29,771,33
1071,16,4,16,211514,246820,7,214189,8,217106,64,214189,2107,212587,8235,212587,5373,212959,5783,213085,3453,213351,1256,212105,1120,213349,973,212105,1229,213349,984,211799,200022,211799,200030,212021,200031,212105,200029,212105,200030
1072,16,4,16,212723,282935,11,213179,9,214102,69,213179,2091,213179,2092,213179,2262,213179,2221,213179,2242,213179,635,213179,621,213179,645,213179,635,213179,625,212723,213,212723,622,212723,418,212723,213,212723,1479
1073,16,4,16,174604,259619,8,175666,8,177023,64,175666,2097,175666,2088,175666,2051,175666,2074,175666,2105,175666,641,175666,629,175666,646,175666,641,175666,628,175666,200042,175666,200027,175666,200034,175666,200030,175666,200029
1074,16,4,16,250616,329175,11,250616,9,252460,66,250616,383,250616,399,250616,362,250616,354,250616,363,250616,667,250616,640,250616,653,250616,638,250616,631,250616,200019,250616,200035,250616,200026,250616,200028,250616,200027
1075,16,4,16,151380,172741,12,153854,10,152420,68,153395,3755,153854,2746,153854,2108,153854,2073,153854,2055,151877,1299,152256,1205,152256,1152,151573,1168,152831,1186,151380,173,151380,48,151380,98,151380,673,151380,385
1076,16,4,32,15959313108,17120562460,8,15994730440,8,16073233878,66,15994730440,2036,15994730440,2187,15994730440,2213,15994730440,2040,15994730440,2062,15978714707,1291,15994730440,641,15994730440,648,15994730440,677,15994730440,649,15959313108,516,15959313108,545,15959313108,1236,15959313108,541,15959313108,447
1077,16,4,32,9770615978,12484624540,7,9944625653,8,9828890468,65,9801416886,5672,9793849778,8842,9788697820,3955,9771790173,11035,9855598416,3051,9807434364,1214,9771790173,1477,9807434364,933,9820013924,1530,9796244488,1537,9770615978,2739,9770615978,2000,9770615978,131,9770615978,1131,9770615978,1971
1078,16,4,32,10288454200,13130358516,9,10329475297,9,10362014582,70,10329475297,2096,10329475297,2302,10329475297,2027,10329475297,2057,10329475297,2043,10329475297,647,10327280947,1145,10329475297,640,10329475297,651,10329475297,633,10310018297,200020,10310018297,200030,10310018297,200030,10329475297,200029,10310018297,200029
1079,16,4,32,10635724153,13893177832,11,10780065028,9,10775899384,69,10752266077,5866,10780065028,2445,10780065028,2188,10747017074,4234,10664606463,3965,10654250403,1323,10647054281,876,10673197795,808,10692485777,1369,10662403727,1528,10635724153,142,10635724153,250,10651073599,200027,10635724153,42,10635724153,252
1080,16,4,32,10221164640,11693000220,8,10338466048,8,10281411240,67,10263993730,2623,10328221571,2594,10259714929,4569,10280327253,6047,10338466048,2190,10263993730,1099,10247856671,1259,10232671213,847,10276837962,1340,10247856671,1037,10221164640,86,10221164640,1448,10221164640,2625,10221164640,400,10221164640,522
1081,17,4,4,38,46,8,38,9,38,61,38,385,38,391,38,452,38,466,38,384,38,693,38,751,38,655,38,663,38,671,38,200021,38,200031,38,200030,38,200030,38,200030
1082,17,4,4,38,48,11,38,10,38,63,38,411,38,371,38,388,38,380,38,402,38,666,38,662,38,660,38,655,38,667,38,200020,38,200031,38,200028,38,200032,38,200030
1083,17,4,4,56,68,11,56,9,56,61,56,392,56,407,56,368,56,387,56,382,56,676,56,699,56,717,56,679,56,696,56,200020,56,200029,56,200027,56,200032,56,200029
1084,17,4,4,64,80,11,64,10,64,70,64,399,64,381,64,386,64,374,64,383,64,697,64,636,64,635,64,664,64,656,64,200020,64,200026,64,200028,64,200028,64,200029
1085,17,4,4,48,59,11,48,9,48,63,48,414,48,383,48,371,48,482,48,468,48,670,48,660,48,651,48,651,48,666,48,200024,48,200032,48,200029,48,200030,48,200028
1086,17,4,8,991,1250,11,1038,10,997,70,1007,4149,992,6209,999,5186,994,4578,998,5148,994,1413,994,1296,998,1212,994,983,999,982,991,1739,991,236,992,200034,993,200033,991,219
1087,17,4,8,622,732,8,634,9,629,70,625,2694,624,6121,624,6648,626,7875,624,5607,625,1352,626,830,624,1351,626,1160,624,906,622,2077,622,2632,622,1665,622,2697,622,1191
1088,17,4,8,1064,1508,8,1067,9,1072,69,1067,2159,1067,2134,1067,2221,1067,2893,1067,2132,1067,647,1067,637,1066,655,1067,647,1067,653,1064,2536,1064,23112,1064,823,1064,6739,1066,200021
1089,17,4,8,630,829,12,635,10,634,73,635,2186,635,2234,635,2111,635,2458,630,554,635,652,635,756,635,646,635,667,635,649,630,3901,630,7524,630,159,630,5500,630,604
1090,17,4,8,841,1027,8,863,9,860,70,847,4559,851,4339,846,7030,847,3665,847,6021,855,959,846,1313,851,929,850,942,863,652,841,1134,841,1323,841,188,841,4160,841,2298
1091,17,4,16,204395,209668,8,209030,9,205215,68,204546,6597,205154,4861,204836,5954,204546,8454,204996,6604,204903,841,205251,1411,205364,2008,209030,654,207049,880,205819,200021,204685,200031,204946,200031,208075,200030,208075,200030
1092,17,4,16,187581,244582,12,190312,10,188169,70,189028,2697,187786,8175,190312,2213,190312,2099,188336,4604,187785,1530,188015,1611,188336,755,188169,1459,187786,1150,187581,13146,187581,2603,187581,3965,187581,18617,187581,14260
1093,17,4,16,185883,218420,8,186200,9,187302,69,186200,2181,186200,2174,186200,2162,186200,2137,186200,2230,186200,663,186200,638,186200,634,186200,868,186200,781,185962,200019,185883,52,185962,200020,185883,52,186126,200022
1094,17,4,16,213396,269167,11,216032,10,218265,71,216032,2164,216032,2271,214919,2619,214847,6171,214920,3652,214218,1013,214430,1163,214091,1095,214897,1746,215090,921,213632,200021,214303,200030,214303,200031,213674,200030,213667,200030
1095,17,4,16,261848,307596,12,262542,10,263883,72,262542,2181,262215,5792,262542,2162,262542,2185,262542,2269,262215,1071,262542,650,262542,641,262542,645,262542,649,261848,5204,261848,1238,261848,3917,261848,873,261848,7435
1096,17,4,32,13380585520,15643022497,9,13562584355,9,13543285532,69,13522654889,4959,13452360408,8690,13517081017,4149,13562584355,2181,13562584355,2191,13404322453,1328,13519711793,1300,13494656296,1461,13492463429,1593,13476811231,1256,13380585520,131,13380585520,2637,13380585520,500,13380585520,2340,13404322453,200038
1097,17,4,32,17555371670,19394463943,11,17870968168,10,17690929481,72,17870968168,2197,17870968168,2314,17756212769,2686,17870968168,2455,17870968168,2211,17685029387,1230,17631046496,1140,17790071100,718,17703128471,1038,17674885809,1100,17555371670,33,17634782172,200019,17600766989,200031,17647090168,200030,17555371670,41
1098,17,4,32,16129484734,19761855264,8,16165868993,9,16237575924,71,16165868993,2261,16165868993,2153,16165868993,2180,16165868993,2128,16165868993,2130,16165868993,665,16165868993,641,16165868993,635,16165868993,636,16165868993,675,16129484734,372,16129484734,803,16129484734,446,16129484734,2550,16129484734,179
1099,17,4,32,11671257002,16770084659,8,11684768846,8,11760972348,68,11684768846,2168,11684768846,2209,11684768846,2269,11684768846,2203,11684768846,2175,11684768846,685,11684768846,661,11684768846,642,11684768846,640,11684768846,641,11671257002,183,11671257002,419,11671257002,25,11671257002,1704,11671257002,824
1100,17,4,32,12674071462,13648830977,8,12701141661,9,12771393980,69,12701141661,2168,12701141661,2212,12691680752,3179,12701141661,2175,12701141661,2207,12701141661,640,12701141661,660,12701141661,637,12701141661,627,12689120864,1094,12683861809,200020,12674071462,2093,12701141661,200020,12683861809,200029,12674071462,496
1101,18,4,4,46,55,9,46,9,46,64,46,415,46,390,46,398,46,386,46,383,46,687,46,675,46,652,46,657,46,662,46,200020,46,200030,46,200028,46,200028,46,200030
1102,18,4,4,57,68,12,57,11,57,65,57,425,57,396,57,386,57,392,57,384,57,664,57,655,57,640,57,645,57,656,57,200020,57,200029,57,200030,57,200030,57,200215
1103,18,4,4,68,97,12,69,10,68,73,69,2254,69,2223,68,2188,69,2248,68,1906,69,659,69,674,68,1063,69,655,68,826,68,30,68,98,68,28,68,87,68,25
1104,18,4,4,56,67,7,56,9,56,63,56,411,56,430,56,419,56,387,56,384,56,659,56,640,56,658,56,682,56,764,56,200021,56,200031,56,200033,56,200028,56,200030
1105,18,4,4,47,54,11,47,10,47,65,47,418,47,428,47,389,47,410,47,743,47,687,47,668,47,656,47,843,47,666,47,200021,47,200028,47,200032,47,200030,47,200028
1106,18,4,8,1141,1194,11,1144,10,1149,82,1142,4237,1144,2388,1144,2219,1144,2607,1144,2232,1144,663,1142,1666,1142,1380,1144,669,1143,649,1141,1632,1141,320,1141,440,1141,1226,1141,4986
1107,18,4,8,618,771,11,618,10,622,80,618,406,618,405,618,384,618,392,618,390,618,759,618,925,618,689,618,677,618,686,618,200019,618,200030,618,200030,618,200031,618,200029
1108,18,4,8,1140,1664,12,1150,10,1156,74,1150,2250,1150,2224,1150,2544,1150,2215,1150,2289,1147,1589,1146,1355,1150,645,1149,946,1148,896,1140,157,1142,200021,1141,200031,1141,200033,1150,200028
1109,18,4,8,1128,1827,11,1186,10,1136,75,1145,2960,1154,4314,1145,3728,1133,7501,1129,4868,1146,781,1131,1040,1133,1037,1158,944,1142,741,1128,191,1128,114,1128,47,1128,32,1128,179
1110,18,4,8,614,756,8,621,9,618,76,619,6166,618,4372,621,2398,615,3308,616,4754,620,1092,616,1251,616,994,620,1122,617,1220,614,9707,614,7732,614,2733,614,5975,614,3526
1111,18,4,16,282588,328421,10,285531,10,284749,74,285531,2259,284229,3872,285531,2182,285531,2619,285531,2949,284774,1211,283223,1751,285374,647,285531,653,285409,986,284229,200024,284032,200029,284254,200028,282588,1341,282588,710
1112,18,4,16,279154,322401,8,280798,9,280959,74,279526,7460,280798,2218,280798,2224,280798,2369,280798,2248,279911,814,279911,1375,280798,647,280798,641,280798,641,279154,4843,279154,898,279154,621,279154,248,279154,212
1113,18,4,16,164082,201764,8,165630,9,167822,73,164210,6893,165630,2261,165507,4761,165418,4343,165479,3291,164387,1119,164387,1159,164257,1391,164705,988,164419,677,164244,200024,164210,200029,164082,129,164387,200019,164244,200030
1114,18,4,16,241174,319824,12,241512,11,242891,73,241512,2331,241512,2282,241512,2187,241512,2184,241512,2234,241512,663,241512,654,241512,657,241512,651,241389,1225,241353,200036,241174,2342,241174,1343,241174,1826,241174,9937
1115,18,4,16,245276,328789,9,246527,9,247070,72,246527,2295,246527,2167,246527,2217,246527,3128,246527,2623,246527,666,246527,687,246527,666,246527,656,246527,661,246527,200023,246527,200030,246527,200034,246527,200030,246527,200031
1116,18,4,32,16105353186,20217779384,11,16679727000,10,16604641572,73,16192453100,3908,16314796124,6775,16262319666,5672,16239213845,9183,16293385478,6884,16557327973,884,16597922008,798,16679727000,662,16197578403,1668,16512057998,863,16105353186,196,16105353186,551,16105353186,488,16105353186,328,16105353186,724
1117,18,4,32,14069423967,16218762182,15,14091622571,13,14163771182,92,14091622571,2294,14091622571,2243,14091622571,2210,14091622571,2257,14091622571,2158,14081837398,685,14091622571,643,14084996319,678,14091622571,685,14091622571,648,14069423967,4003,14083771110,200023,14083771110,200029,14069423967,1561,14069423967,2039
1118,18,4,32,16075845149,20947856552,9,16084455987,10,16176669177,72,16084455987,2250,16084455987,2192,16084455987,2181,16084455987,2246,16084455987,2349,16084455987,664,16084455987,750,16084455987,668,16084455987,655,16084455987,673,16075845149,2013,16084455987,200023,16084455987,200031,16084455987,200030,16084455987,200036
1119,18,4,32,14556975610,18609342663,12,14761635456,10,14767625386,76,14761635456,2197,14658844166,3395,14658844166,4457,14761635456,2229,14707639204,3854,14701627526,958,14658844166,1097,14658844166,945,14761635456,663,14761635456,650,14556975610,2721,14556975610,552,14556975610,711,14556975610,557,14556975610,753
1120,18,4,32,18250330919,25256564517,8,18258859894,9,18370309133,71,18258859894,2278,18258859894,2283,18258859894,2257,18258859894,2195,18258859894,2178,18258859894,663,18258859894,662,18258859894,784,18258859894,653,18258859894,656,18250330919,6168,18250330919,2141,18250330919,2208,18250330919,2848,18250330919,241
1121,19,4,4,66,72,9,66,9,66,74,66,446,66,401,66,419,66,413,66,416,66,700,66,682,66,647,66,667,66,654,66,200020,66,200030,66,200032,66,200031,66,200032
1122,19,4,4,59,61,12,60,11,59,71,60,2298,59,2321,59,2410,59,2461,59,2670,59,962,59,1012,59,668,60,668,60,661,59,218,59,27,59,26,59,26,59,25
1123,19,4,4,57,61,8,57,9,57,65,57,434,57,399,57,398,57,439,57,423,57,708,57,684,57,657,57,665,57,684,57,200021,57,200031,57,200030,57,200030,57,200034
1124,19,4,4,62,71,12,63,10,62,68,62,1713,63,2219,63,2360,63,2666,63,2342,62,657,63,690,63,664,63,655,62,850,62,31,62,28,62,26,62,25,62,26
1125,19,4,4,68,72,8,69,9,68,74,69,2279,68,698,68,1194,68,397,69,2416,68,1069,68,970,68,1058,69,683,69,664,68,31,68,26,68,25,68,26,68,26
1126,19,4,8,869,1107,8,878,9,875,74,878,2251,878,2265,874,4916,873,4147,873,3889,878,669,878,660,878,671,878,673,871,802,869,4123,869,597,869,264,869,1092,869,141
1127,19,4,8,1031,1195,8,1036,10,1038,74,1036,2509,1036,2261,1033,4877,1036,2258,1036,2277,1036,660,1036,641,1036,645,1033,1287,1035,700,1031,1930,1031,2337,1031,1305,1031,693,1031,762
1128,19,4,8,1133,1313,8,1138,10,1141,75,1138,2242,1138,2259,1138,2282,1138,2392,1138,2343,1138,671,1138,659,1138,659,1136,1278,1138,671,1133,1328,1133,127,1133,1189,1133,2017,1133,96
1129,19,4,8,1004,1178,8,1022,9,1018,72,1018,3322,1009,6542,1013,6474,1016,4927,1008,10164,1013,963,1016,745,1013,663,1006,1422,1008,1680,1005,200024,1004,2977,1005,200041,1005,200032,1005,200029
1130,19,4,8,831,1077,12,835,11,837,78,835,2365,835,2245,835,2433,835,2411,835,2274,835,667,835,667,833,1278,835,651,835,673,832,200021,832,200030,832,200029,832,200032,832,200029
1131,19,4,16,166519,224209,12,167644,11,167736,77,167644,2360,167644,2236,167644,2293,167644,2250,167644,2262,167644,670,167644,680,167644,649,167644,658,166816,1114,166519,7219,166519,3921,166519,4764,166519,205,166519,8387
1132,19,4,16,221101,315207,9,226616,10,222578,76,222922,2800,221786,8679,225555,3310,221560,7139,222237,2820,223626,820,222922,949,224446,1564,226616,652,224490,795,221101,1467,221101,976,221101,3235,221101,224,221101,3777
1133,19,4,16,162229,221858,9,162690,10,163490,83,162690,2393,162690,2311,162690,2423,162690,2309,162690,2408,162540,1110,162690,651,162507,1298,162690,657,162690,655,162318,200026,162318,200031,162266,200038,162229,871,162277,200020
1134,19,4,16,176516,245325,13,176992,11,177852,77,176992,2730,176992,2647,176992,2418,176992,2346,176916,4422,176992,683,176690,1099,176992,703,176992,650,176992,677,176516,3992,176566,200023,176539,200031,176561,200029,176516,8924
1135,19,4,16,219386,297529,10,219808,10,220961,83,219808,2417,219792,2860,219808,2252,219792,2755,219506,5671,219722,1062,219808,669,219808,662,219808,655,219808,654,219463,200029,219792,200033,219386,2975,219428,200028,219463,200027
1136,19,4,32,11496483593,16583484441,12,11515134115,11,11585981096,76,11515134115,2348,11515134115,2248,11515134115,2451,11515134115,2299,11515134115,2257,11515134115,661,11515134115,665,11515134115,652,11515134115,659,11515134115,676,11496483593,3120,11496483593,920,11496483593,6221,11496483593,1435,11496483593,5052
1137,19,4,32,12297500516,15695583278,9,12313311814,10,12383495878,75,12313311814,2395,12313311814,2299,12313311814,2347,12313311814,2542,12313311814,2247,12313311814,701,12313311814,659,12313311814,657,12313311814,677,12313311814,654,12297500516,19239,12297500516,223,12297500516,5595,12297500516,11981,12297500516,1234
1138,19,4,32,18342220058,26678485323,9,18484828235,17,18460090923,75,18484828235,2353,18360877122,9290,18397049285,9144,18401081170,8143,18389166345,3936,18412157574,1344,18415706349,1651,18405780281,1609,18381061499,1506,18383867860,982,18484828235,200021,18354067268,200029,18420844908,200030,18484828235,200031,18484828235,200029
1139,19,4,32,16660932598,20199388953,12,16788474721,11,16779061243,78,16788474721,2688,16788474721,2292,16788474721,2350,16788474721,2406,16788474721,2365,16730615067,717,16690891703,1265,16693386282,682,16788474721,653,16788474721,649,16660932598,2302,16660932598,333,16660932598,7484,16660932598,801,16660932598,2207
1140,19,4,32,19949887912,24867623613,9,20370986394,10,20104697363,76,20370986394,2245,20014713598,3612,20370986394,2514,20112086309,4034,20021135573,5495,20177016291,1136,20112086309,1156,20259413192,785,19986497815,1267,20083053775,748,19949887912,3989,19949887912,618,19949887912,1362,19949887912,923,19949887912,7794
1141,20,4,4,63,69,10,63,10,63,69,63,442,63,455,63,436,63,458,63,406,63,701,63,727,63,708,63,689,63,700,63,200021,63,200031,63,200029,63,200030,63,200028
1142,20,4,4,43,48,13,43,11,43,70,43,443,43,427,43,438,43,420,43,447,43,687,43,672,43,685,43,667,43,696,43,200019,43,200035,43,200306,43,200031,43,200033
1143,20,4,4,65,85,12,65,11,65,78,65,459,65,429,65,414,65,430,65,414,65,680,65,705,65,675,65,672,65,673,65,200020,65,200033,65,200029,65,200031,65,200032
1144,20,4,4,63,92,12,63,10,63,65,63,410,63,389,63,390,63,395,63,427,63,697,63,645,63,653,63,628,63,655,63,200021,63,200033,63,200029,63,200046,63,200030
1145,20,4,4,54,55,12,55,11,54,69,55,2360,55,2572,54,1756,55,2498,55,2329,55,687,54,906,54,1004,54,1008,54,998,54,30,54,26,54,25,54,27,54,26
1146,20,4,8,1061,1403,9,1068,10,1069,84,1068,2531,1062,6096,1068,2354,1068,2416,1065,5069,1068,713,1068,753,1068,682,1064,1227,1068,688,1061,157,1061,95,1061,181,1061,434,1061,585
1147,20,4,8,1119,1363,11,1133,11,1127,79,1125,5605,1124,3022,1121,7254,1133,2368,1133,2360,1124,1687,1133,647,1127,1239,1124,1175,1126,1271,1121,200023,1119,781,1119,347,1119,485,1124,200019
1148,20,4,8,1118,1202,12,1125,11,1124,78,1125,2360,1120,4557,1124,5216,1121,3611,1125,2515,1120,1559,1125,669,1122,1698,1125,693,1125,670,1119,200022,1120,200032,1119,200031,1119,200029,1119,200032
1149,20,4,8,1220,1354,13,1232,11,1237,79,1228,6683,1224,5886,1229,4046,1227,2870,1232,2368,1227,1233,1222,1504,1231,1510,1228,1338,1226,1378,1224,200022,1220,63,1221,200021,1220,1283,1220,549
1150,20,4,8,806,894,9,812,10,811,94,809,4655,812,2445,811,3491,812,2376,812,2327,811,1244,807,1624,811,962,809,1332,807,1454,806,916,806,4544,807,200022,806,3812,806,871
1151,20,4,16,183658,267397,9,184056,10,185081,80,184056,2406,184056,2360,184056,2441,184056,2329,183951,5554,184056,1006,184056,660,184056,679,184056,671,183748,697,183658,23020,183658,2346,183658,9012,183658,2276,183658,5350
1152,20,4,16,258413,291946,10,268949,10,260378,77,262494,2419,259467,2908,259297,3026,260378,5961,261688,2879,259297,1527,261940,896,258711,1720,259238,994,261275,1412,258413,2064,258413,8678,258413,1891,258413,31070,258413,8573
1153,20,4,16,319797,435027,11,324377,11,321791,96,320101,6729,321269,4550,324377,2366,319921,5639,321741,9165,320970,996,319947,1937,320383,1519,319921,1607,319921,1385,319797,69101,319797,32998,319797,44582,319797,10416,319797,83552
1154,20,4,16,173765,193233,11,175302,11,176084,82,174237,5759,174211,4526,175302,2538,174211,6159,174256,7101,174249,944,174397,1266,174201,2007,174285,1068,174295,1830,174070,200024,174027,200032,173859,200031,173819,200030,173848,200034
1155,20,4,16,184140,215556,17,184209,15,185567,100,184209,2394,184209,2315,184209,2285,184209,2673,184209,2718,184209,870,184209,793,184209,675,184209,756,184209,672,184140,4130,184140,589,184140,1981,184140,977,184140,2333
1156,20,4,32,13005489306,18416566880,9,13172836928,10,13091982310,77,13033750861,8459,13120569745,4000,13105049495,7594,13121318933,2407,13040282003,4364,13036367468,1218,13036047961,1644,13112897737,1258,13030718651,1424,13077023771,1702,13020447845,200023,13017865721,200030,13014758189,200033,13014758189,200031,13067557494,200032
1157,20,4,32,19423374596,19821022100,13,19488614543,11,19525251712,78,19488614543,2372,19488614543,2708,19488614543,2520,19488614543,2663,19488614543,2890,19485497211,1177,19488614543,677,19488614543,672,19488614543,666,19488614543,691,19423374596,6843,19423374596,20429,19423374596,14081,19423374596,12509,19423374596,34792
1158,20,4,32,12680453165,16286650921,12,12813951455,11,12776133945,78,12754436796,5403,12723757560,7888,12813951455,2375,12813951455,2375,12813951455,2356,12813951455,665,12706023021,1291,12698758572,1749,12699483110,2025,12813951455,838,12680453165,2389,12680453165,1505,12680453165,17024,12680453165,1214,12680453165,4263
1159,20,4,32,16614461808,20511056449,9,16638760059,10,16742770697,78,16638760059,2379,16638760059,2435,16638760059,2462,16638760059,2468,16638760059,2395,16638760059,669,16638760059,681,16638760059,674,16623532507,1849,16638760059,688,16614461808,269,16614461808,994,16614461808,1322,16614461808,365,16614461808,6331
1160,20,4,32,11930397903,17943646991,11,12074625156,11,12115419719,79,11936424753,2938,12014934267,3180,12063965854,3928,11951591991,7227,12044035141,5976,11947345702,1670,11983192195,1335,11953010518,1935,11947345702,854,12074625156,668,11934604584,200023,11946507427,200033,11930397903,554,11930397903,2413,11946507427,200024
1161,5,5,4,11,11,7,11,4,11,23,11,205,11,193,11,198,11,212,11,209,11,789,11,802,11,1169,11,806,11,806,11,200015,11,200024,11,200033,11,200034,11,200038
1162,5,5,4,13,13,8,13,4,13,24,13,209,13,205,13,198,13,193,13,196,13,822,13,800,13,864,13,833,13,806,13,200015,13,200023,13,200025,13,200027,13,200027
1163,5,5,4,11,11,7,11,4,11,24,11,212,11,194,11,192,11,194,11,194,11,799,11,804,11,802,11,812,11,872,11,200014,11,200024,11,200028,11,200024,11,200026
1164,5,5,4,12,12,8,12,4,12,23,12,213,12,194,12,198,12,209,12,198,12,884,12,820,12,806,12,808,12,795,12,200016,12,200025,12,200023,12,200024,12,200025
1165,5,5,4,14,14,8,14,4,14,23,14,216,14,217,14,204,14,204,14,220,14,816,14,802,14,789,14,804,14,790,14,200015,14,200024,14,200025,14,200024,14,200025
1166,5,5,8,167,167,8,167,4,167,34,167,215,167,201,167,196,167,193,167,197,167,795,167,809,167,796,167,810,167,806,167,200014,167,200028,167,200025,167,200029,167,200027
1167,5,5,8,162,162,8,162,4,162,34,162,216,162,195,162,199,162,194,162,207,162,798,162,809,162,802,162,793,162,804,162,200015,162,200024,162,200025,162,200026,162,200024
1168,5,5,8,202,202,8,202,4,202,35,202,213,202,194,202,217,202,210,202,194,202,818,202,800,202,799,202,794,202,789,202,200014,202,200024,202,200024,202,200028,202,200024
1169,5,5,8,142,142,8,142,4,142,34,142,208,142,212,142,193,142,197,142,193,142,794,142,817,142,793,142,799,142,809,142,200013,142,200024,142,200025,142,200024,142,200027
1170,5,5,8,144,144,7,144,4,144,33,144,209,144,198,144,196,144,205,144,193,144,801,144,809,144,811,144,804,144,800,144,200015,144,200025,144,200027,144,200029,144,200025
1171,5,5,16,45978,45978,8,45978,4,45978,34,45978,213,45978,193,45978,193,45978,194,45978,203,45978,792,45978,817,45978,793,45978,823,45978,800,45978,200016,45978,200026,45978,200026,45978,200028,45978,200026
1172,5,5,16,37418,37418,8,37418,4,37418,37,37418,229,37418,198,37418,192,37418,194,37418,197,37418,802,37418,792,37418,805,37418,791,37418,810,37418,200015,37418,200026,37418,200025,37418,200025,37418,200028
1173,5,5,16,56362,56362,8,56362,4,56362,41,56362,291,56362,249,56362,271,56362,242,56362,252,56362,795,56362,796,56362,811,56362,790,56362,794,56362,200015,56362,200025,56362,200024,56362,200025,56362,200027
1174,5,5,16,42948,42948,8,42948,4,42948,34,42948,219,42948,194,42948,192,42948,201,42948,194,42948,799,42948,816,42948,797,42948,793,42948,810,42948,200016,42948,200025,42948,200026,42948,200025,42948,200029
1175,5,5,16,57142,57142,9,57142,4,57142,33,57142,220,57142,194,57142,192,57142,194,57142,197,57142,943,57142,883,57142,798,57142,803,57142,819,57142,200016,57142,200036,57142,200024,57142,200024,57142,200025
1176,5,5,32,2752586754,2752586754,8,2752586754,4,2752586754,34,2752586754,1263,2752586754,1451,2752586754,1279,2752586754,1237,2752586754,1344,2752586754,798,2752586754,803,2752586754,810,2752586754,793,2752586754,803,2752586754,200016,2752586754,200024,2752586754,200028,2752586754,200025,2752586754,200032
1177,5,5,32,4004265522,4004265522,7,4004265522,5,4004265522,34,4004265522,1496,4004265522,1277,4004265522,1282,4004265522,1216,4004265522,1278,4004265522,800,4004265522,811,4004265522,802,4004265522,809,4004265522,976,4004265522,200019,4004265522,200024,4004265522,200023,4004265522,200025,4004265522,200027
1178,5,5,32,3245123824,3245123824,9,3245123824,4,3245123824,33,3245123824,1239,3245123824,1229,3245123824,1185,3245123824,1332,3245123824,1351,3245123824,822,3245123824,803,3245123824,799,3245123824,826,3245123824,802,3245123824,200017,3245123824,200022,3245123824,200027,3245123824,200024,3245123824,200023
1179,5,5,32,4081143383,4081143383,8,4081143383,4,4081143383,34,4081143383,1228,4081143383,1255,4081143383,1254,4081143383,1188,4081143383,1223,4081143383,825,4081143383,804,4081143383,797,4081143383,804,4081143383,807,4081143383,200017,4081143383,200024,4081143383,200025,4081143383,200028,4081143383,200027
1180,5,5,32,4087863597,4087863597,8,4087863597,4,4087863597,33,4087863597,1274,4087863597,1245,4087863597,1327,4087863597,1216,4087863597,1196,4087863597,809,4087863597,795,4087863597,792,4087863597,819,4087863597,799,4087863597,200015,4087863597,200026,4087863597,200025,4087863597,200026,4087863597,200025
1181,6,5,4,16,16,8,16,4,16,31,16,251,16,213,16,221,16,598,16,226,16,793,16,762,16,746,16,762,16,756,16,200016,16,200026,16,200024,16,200025,16,200025
1182,6,5,4,11,15,9,11,5,11,26,11,232,11,224,11,213,11,217,11,225,11,773,11,762,11,746,11,752,11,765,11,200016,11,200025,11,200025,11,200024,11,200026
1183,6,5,4,11,13,8,11,5,11,27,11,234,11,213,11,239,11,212,11,213,11,761,11,760,11,766,11,752,11,751,11,200017,11,200026,11,200025,11,200024,11,200024
1184,6,5,4,15,20,7,15,5,15,26,15,241,15,244,15,214,15,222,15,225,15,754,15,774,15,766,15,793,15,758,15,200017,15,200025,15,200026,15,200023,15,200027
1185,6,5,4,16,16,8,16,5,16,36,16,234,16,214,16,236,16,212,16,214,16,778,16,766,16,750,16,755,16,782,16,200015,16,200023,16,200024,16,200025,16,200025
1186,6,5,8,278,278,8,278,4,278,37,278,237,278,219,278,222,278,216,278,214,278,764,278,755,278,763,278,767,278,759,278,200015,278,200025,278,200029,278,200026,278,200032
1187,6,5,8,271,371,8,271,5,271,37,271,239,271,215,271,214,271,227,271,212,271,763,271,772,271,771,271,749,271,757,271,200016,271,200024,271,200040,271,200025,271,200023
1188,6,5,8,224,224,8,224,5,224,47,224,256,224,221,224,218,224,214,224,212,224,840,224,774,224,756,224,767,224,755,224,200016,224,200030,224,200025,224,200027,224,200030
1189,6,5,8,249,249,8,249,4,249,38,249,242,249,223,249,236,249,223,249,216,249,761,249,765,249,788,249,770,249,750,249,200015,249,200025,249,200028,249,200029,249,200025
1190,6,5,8,285,313,8,285,5,285,39,285,236,285,230,285,214,285,222,285,213,285,752,285,773,285,736,285,735,285,774,285,200016,285,200025,285,200025,285,200025,285,200035
1191,6,5,16,66698,70010,8,66698,5,66698,38,66698,232,66698,225,66698,259,66698,228,66698,248,66698,796,66698,750,66698,757,66698,749,66698,740,66698,200018,66698,200028,66698,200026,66698,200024,66698,200027
1192,6,5,16,45599,45599,8,45599,5,45599,38,45599,264,45599,236,45599,272,45599,267,45599,278,45599,759,45599,752,45599,794,45599,956,45599,778,45599,200018,45599,200024,45599,200031,45599,200025,45599,200026
1193,6,5,16,45797,66911,9,45797,5,45797,38,45797,230,45797,215,45797,218,45797,213,45797,220,45797,763,45797,806,45797,757,45797,763,45797,769,45797,200024,45797,200057,45797,200024,45797,200025,45797,200024
1194,6,5,16,43807,43807,8,43807,5,43807,45,43807,251,43807,220,43807,228,43807,212,43807,217,43807,757,43807,750,43807,760,43807,759,43807,751,43807,200017,43807,200023,43807,200033,43807,200024,43807,200025
1195,6,5,16,42761,51691,7,42761,5,42761,38,42761,236,42761,214,42761,219,42761,213,42761,234,42761,770,42761,747,42761,744,42761,773,42761,750,42761,200016,42761,200024,42761,200025,42761,200025,42761,200025
1196,6,5,32,5044720263,5076969639,8,5044720263,5,5076969639,37,5044720263,1334,5044720263,1312,5044720263,1304,5044720263,1294,5044720263,1334,5044720263,734,5044720263,746,5044720263,746,5044720263,742,5044720263,754,5044720263,200020,5044720263,200026,5044720263,200023,5044720263,200023,5044720263,200026
1197,6,5,32,2722100253,2867726389,8,2722100253,5,2722100253,38,2722100253,1308,2722100253,1299,2722100253,1368,2722100253,1330,2722100253,1500,2722100253,765,2722100253,750,2722100253,754,2722100253,756,2722100253,768,2722100253,200020,2722100253,200028,2722100253,200027,2722100253,200025,2722100253,200024
1198,6,5,32,4553758077,4553758077,8,4553758077,5,4553758077,37,4553758077,1371,4553758077,1299,4553758077,1292,4553758077,1358,4553758077,1436,4553758077,769,4553758077,765,4553758077,774,4553758077,753,4553758077,756,4553758077,200018,4553758077,200030,4553758077,200033,4553758077,200025,4553758077,200025
1199,6,5,32,4987217172,6664684518,8,4987217172,5,4987217172,38,4987217172,1308,4987217172,1365,4987217172,1356,4987217172,1338,4987217172,1487,4987217172,755,4987217172,778,4987217172,754,4987217172,749,4987217172,765,4987217172,200019,4987217172,200161,4987217172,200022,4987217172,200025,4987217172,200024
1200,6,5,32,4579924090,4579924090,8,4579924090,5,4579924090,38,4579924090,1297,4579924090,1427,4579924090,1290,4579924090,1408,4579924090,1332,4579924090,764,4579924090,759,4579924090,757,4579924090,759,4579924090,763,4579924090,200016,4579924090,200024,4579924090,200024,4579924090,200026,4579924090,200026
1201,7,5,4,11,14,9,11,5,11,29,11,261,11,231,11,232,11,235,11,257,11,725,11,710,11,1047,11,722,11,721,11,200016,11,200024,11,200030,11,200024,11,200025
1202,7,5,4,14,19,8,14,5,14,30,14,258,14,232,14,230,14,232,14,250,14,723,14,700,14,704,14,729,14,699,14,200015,14,200024,14,200026,14,200025,14,200025
1203,7,5,4,13,17,8,13,5,13,29,13,252,13,251,13,242,13,232,13,243,13,711,13,726,13,699,13,719,13,727,13,200017,13,200026,13,200024,13,200026,13,200026
1204,7,5,4,16,16,9,16,5,16,34,16,266,16,306,16,315,16,290,16,273,16,727,16,717,16,714,16,706,16,722,16,200018,16,200025,16,200026,16,200024,16,200025
1205,7,5,4,11,14,8,11,6,11,29,11,256,11,246,11,233,11,229,11,229,11,712,11,713,11,713,11,718,11,724,11,200016,11,200029,11,200025,11,200028,11,200026
1206,7,5,8,281,302,9,281,7,281,51,281,262,281,234,281,232,281,233,281,238,281,721,281,711,281,715,281,723,281,771,281,200015,281,200026,281,200027,281,200028,281,200026
1207,7,5,8,339,464,9,339,5,339,42,339,259,339,238,339,249,339,236,339,245,339,712,339,707,339,721,339,703,339,804,339,200018,339,200031,339,200029,339,200026,339,200024
1208,7,5,8,264,363,10,264,7,264,52,264,258,264,234,264,234,264,231,264,232,264,852,264,714,264,712,264,716,264,722,264,200015,264,200026,264,200024,264,200026,264,200026
1209,7,5,8,243,296,9,243,5,243,50,243,279,243,253,243,233,243,243,243,233,243,717,243,701,243,711,243,736,243,704,243,200017,243,200026,243,200026,243,200025,243,200025
1210,7,5,8,336,365,9,336,5,336,42,336,266,336,248,336,232,336,246,336,239,336,715,336,757,336,708,336,712,336,723,336,200025,336,200025,336,200028,336,200027,336,200027
1211,7,5,16,84998,91599,9,84998,5,84998,43,84998,251,84998,230,84998,257,84998,234,84998,239,84998,728,84998,719,84998,704,84998,719,84998,712,84998,200016,84998,200026,84998,200023,84998,200024,84998,200028
1212,7,5,16,70958,80442,9,70958,5,70958,43,70958,296,70958,238,70958,242,70958,242,70958,231,70958,730,70958,705,70958,696,70958,715,70958,745,70958,200017,70958,200027,70958,200026,70958,200027,70958,200032
1213,7,5,16,59013,59013,9,59013,5,59013,42,59013,259,59013,238,59013,231,59013,229,59013,244,59013,727,59013,714,59013,745,59013,714,59013,711,59013,200016,59013,200026,59013,200025,59013,200026,59013,200025
1214,7,5,16,55478,70413,8,55478,5,55478,41,55478,262,55478,250,55478,233,55478,232,55478,242,55478,709,55478,725,55478,712,55478,705,55478,703,55478,200014,55478,200026,55478,200040,55478,200026,55478,200026
1215,7,5,16,89392,105065,8,89392,5,89392,61,89392,291,89392,235,89392,231,89392,233,89392,230,89392,775,89392,847,89392,716,89392,720,89392,702,89392,200014,89392,200027,89392,200026,89392,200028,89392,200055
1216,7,5,32,5626285237,5733381217,8,5626285237,5,5626285237,42,5626285237,1428,5626285237,1535,5626285237,1428,5626285237,1375,5626285237,1561,5626285237,706,5626285237,716,5626285237,710,5626285237,718,5626285237,713,5626285237,200017,5626285237,200026,5626285237,200025,5626285237,200026,5626285237,200026
1217,7,5,32,4504869769,6080306441,9,4504869769,6,4504869769,41,4504869769,1462,4504869769,1388,4504869769,1419,4504869769,1386,4504869769,1448,4504869769,711,4504869769,702,4504869769,696,4504869769,705,4504869769,737,4504869769,200020,4504869769,200026,4504869769,200024,4504869769,200024,4504869769,200025
1218,7,5,32,3478771101,3478771101,8,3478771101,5,3478771101,42,3478771101,1513,3478771101,1351,3478771101,1374,3478771101,1415,3478771101,1390,3478771101,738,3478771101,711,3478771101,698,3478771101,718,3478771101,704,3478771101,200017,3478771101,200025,3478771101,200025,3478771101,200025,3478771101,200024
1219,7,5,32,4279982674,5519952243,8,4279982674,5,4279982674,41,4279982674,1394,4279982674,1405,4279982674,1353,4279982674,1407,4279982674,1466,4279982674,712,4279982674,715,4279982674,700,4279982674,705,4279982674,693,4279982674,200018,4279982674,200027,4279982674,200024,4279982674,200023,4279982674,200026
1220,7,5,32,3591068034,4606410554,8,3591068034,6,3591068034,41,3591068034,1392,3591068034,1384,3591068034,1429,3591068034,1358,3591068034,1388,3591068034,704,3591068034,708,3591068034,729,3591068034,698,3591068034,749,3591068034,200015,3591068034,200024,3591068034,200023,3591068034,200025,3591068034,200024
1221,8,5,4,22,25,9,22,5,22,36,22,269,22,250,22,249,22,257,22,259,22,689,22,668,22,656,22,666,22,664,22,200016,22,200024,22,200025,22,200025,22,200027
1222,8,5,4,16,21,8,16,8,16,39,16,264,16,251,16,249,16,263,16,256,16,691,16,665,16,669,16,695,16,673,16,200016,16,200028,16,200029,16,200027,16,200028
1223,8,5,4,19,23,9,19,6,19,36,19,282,19,252,19,247,19,249,19,252,19,673,19,676,19,676,19,682,19,663,19,200018,19,200026,19,200026,19,200025,19,200025
1224,8,5,4,13,13,8,13,6,13,31,13,263,13,255,13,287,13,247,13,251,13,675,13,667,13,679,13,668,13,681,13,200018,13,200028,13,200035,13,200033,13,200026
1225,8,5,4,13,18,9,13,6,13,32,13,341,13,251,13,258,13,283,13,254,13,686,13,703,13,677,13,663,13,791,13,200016,13,200028,13,200026,13,200031,13,200026
1226,8,5,8,307,469,10,307,7,307,58,307,277,307,258,307,252,307,267,307,265,307,865,307,673,307,699,307,683,307,703,307,200017,307,200025,307,200026,307,200026,307,200027
1227,8,5,8,224,267,9,224,5,225,45,224,281,224,258,224,258,224,254,224,251,224,678,224,685,224,664,224,713,224,680,224,200016,224,200026,224,200033,224,200024,224,200026
1228,8,5,8,345,361,9,345,6,345,47,345,269,345,254,345,252,345,250,345,254,345,684,345,700,345,682,345,676,345,668,345,200017,345,200025,345,200026,345,200027,345,200024
1229,8,5,8,281,424,9,281,6,281,46,281,280,281,253,281,257,281,260,281,257,281,710,281,670,281,680,281,683,281,670,281,200017,281,200026,281,200026,281,200027,281,200025
1230,8,5,8,292,404,9,292,6,292,46,292,295,292,251,292,275,292,252,292,253,292,683,292,678,292,686,292,682,292,702,292,200017,292,200028,292,200027,292,200028,292,200027
1231,8,5,16,103609,150713,10,103609,6,103609,46,103609,282,103609,254,103609,253,103609,251,103609,255,103609,683,103609,683,103609,678,103609,698,103609,680,103609,200017,103609,200027,103609,200026,103609,200027,103609,200028
1232,8,5,16,85641,86575,9,85641,6,85641,47,85641,278,85641,259,85641,256,85641,253,85641,255,85641,698,85641,715,85641,673,85641,696,85641,688,85641,200017,85641,200024,85641,200028,85641,200026,85641,200027
1233,8,5,16,53079,54325,8,53079,6,53079,68,53079,353,53079,323,53079,266,53079,253,53079,251,53079,693,53079,677,53079,698,53079,822,53079,830,53079,200016,53079,200026,53079,200028,53079,200026,53079,200026
1234,8,5,16,78824,91722,8,78824,6,78824,47,78824,277,78824,252,78824,258,78824,252,78824,257,78824,704,78824,677,78824,670,78824,696,78824,674,78824,200019,78824,200024,78824,200027,78824,200028,78824,200027
1235,8,5,16,85646,93735,8,85646,6,85646,46,85646,274,85646,259,85646,251,85646,272,85646,251,85646,698,85646,665,85646,691,85646,848,85646,742,85646,200016,85646,200026,85646,200033,85646,200025,85646,200026
1236,8,5,32,4594745576,5916300777,8,4594745576,6,4594745576,46,4594745576,1553,4594745576,1780,4594745576,1539,4594745576,1575,4594745576,1490,4594745576,706,4594745576,663,4594745576,685,4594745576,677,4594745576,669,4594745576,200018,4594745576,200027,4594745576,200032,4594745576,200027,4594745576,200027
1237,8,5,32,6410517332,8934844665,10,6410517332,6,6410517332,46,6410517332,1520,6410517332,1487,6410517332,1473,6410517332,1735,6410517332,1556,6410517332,685,6410517332,699,6410517332,678,6410517332,678,6410517332,668,6410517332,200020,6410517332,200026,6410517332,200025,6410517332,200026,6410517332,200029
1238,8,5,32,4448163847,6243748991,9,4448163847,6,4448163847,46,4448163847,1517,4448163847,1573,4448163847,1545,4448163847,1537,4448163847,1466,4448163847,682,4448163847,711,4448163847,681,4448163847,669,4448163847,685,4448163847,200016,4448163847,200024,4448163847,200025,4448163847,200035,4448163847,200027
1239,8,5,32,4846343515,6268524924,8,4846343515,6,4846343515,46,4846343515,1901,4846343515,1539,4846343515,1507,4846343515,1657,4846343515,1731,4846343515,712,4846343515,676,4846343515,709,4846343515,675,4846343515,680,4846343515,200022,4846343515,200027,4846343515,200025,4846343515,200026,4846343515,200025
1240,8,5,32,6599173531,7805999828,9,6599173531,7,6599173531,46,6599173531,1524,6599173531,1457,6599173531,1553,6599173531,1526,6599173531,1628,6599173531,679,6599173531,1017,6599173531,697,6599173531,688,6599173531,683,6599173531,200018,6599173531,200026,6599173531,200026,6599173531,200026,6599173531,200026
1241,9,5,4,16,19,9,16,6,16,38,16,313,16,275,16,268,16,286,16,273,16,651,16,648,16,634,16,651,16,634,16,200017,16,200026,16,200026,16,200026,16,200028
1242,9,5,4,22,32,9,22,6,22,39,22,289,22,277,22,273,22,273,22,285,22,747,22,825,22,721,22,665,22,640,22,200018,22,200027,22,200027,22,200027,22,200026
1243,9,5,4,23,35,9,23,6,23,38,23,298,23,272,23,299,23,279,23,333,23,650,23,635,23,657,23,634,23,632,23,200032,23,200035,23,200026,23,200026,23,200025
1244,9,5,4,19,25,9,19,13,19,40,19,286,19,277,19,275,19,279,19,282,19,672,19,652,19,653,19,660,19,670,19,200019,19,200025,19,200027,19,200025,19,200027
1245,9,5,4,19,29,9,19,7,19,40,19,286,19,283,19,269,19,269,19,274,19,670,19,651,19,648,19,670,19,657,19,200017,19,200027,19,200026,19,200027,19,200028
1246,9,5,8,343,516,12,343,8,343,64,343,297,343,283,343,276,343,282,343,295,343,665,343,677,343,657,343,658,343,655,343,200018,343,200046,343,200029,343,200026,343,200029
1247,9,5,8,337,401,10,337,6,337,50,337,329,337,313,337,274,337,270,337,274,337,681,337,666,337,648,337,650,337,805,337,200020,337,200028,337,200050,337,200026,337,200031
1248,9,5,8,458,665,9,458,7,458,51,458,295,458,269,458,323,458,288,458,273,458,666,458,637,458,648,458,659,458,831,458,200017,458,200028,458,200027,458,200028,458,200029
1249,9,5,8,395,460,10,395,7,395,50,395,296,395,269,395,286,395,272,395,281,395,644,395,659,395,673,395,653,395,645,395,200020,395,200031,395,200026,395,200026,395,200028
1250,9,5,8,409,525,10,409,7,412,51,409,297,409,277,409,282,409,270,409,269,409,651,409,678,409,641,409,631,409,679,409,200015,409,200040,409,200042,409,200035,409,200028
1251,9,5,16,101385,138669,9,101385,7,101429,51,101385,283,101385,322,101385,270,101385,272,101385,279,101385,656,101385,658,101385,639,101385,659,101385,640,101385,200016,101385,200039,101385,200029,101385,200037,101385,200031
1252,9,5,16,59070,81692,10,59070,7,59070,51,59070,297,59070,271,59070,278,59070,268,59070,276,59070,663,59070,654,59070,664,59070,655,59070,686,59070,200017,59070,200026,59070,200032,59070,200030,59070,200036
1253,9,5,16,62905,77249,10,62905,7,62905,51,62905,296,62905,271,62905,290,62905,267,62905,274,62905,653,62905,647,62905,685,62905,655,62905,638,62905,200016,62905,200026,62905,200029,62905,200025,62905,200024
1254,9,5,16,117041,174724,10,117041,7,117041,50,117041,290,117041,301,117041,269,117041,267,117041,274,117041,665,117041,663,117041,642,117041,648,117041,657,117041,200023,117041,200026,117041,200025,117041,200028,117041,200047
1255,9,5,16,114851,151396,10,114851,7,115616,51,114851,308,114851,332,114851,291,114851,270,114851,267,114851,666,114851,676,114851,664,114851,655,114851,657,114851,200019,114851,200025,114851,200028,114851,200028,114851,200027
1256,9,5,32,7434319118,11881307909,9,7434319118,7,7434319118,49,7434319118,1620,7434319118,1664,7434319118,1606,7434319118,1574,7434319118,1729,7434319118,643,7434319118,637,7434319118,631,7434319118,716,7434319118,714,7434319118,200027,7434319118,200033,7434319118,200027,7434319118,200031,7434319118,200031
1257,9,5,32,4032057382,4761862559,9,4032057382,7,4037448358,50,4032057382,1699,4032057382,1699,4032057382,1763,4032057382,1581,4032057382,1636,4032057382,663,4032057382,656,4032057382,645,4032057382,656,4032057382,680,4032057382,200018,4032057382,200027,4032057382,200027,4032057382,200028,4032057382,200027
1258,9,5,32,5218794829,5218794829,9,5218794829,6,5218794829,50,5218794829,1608,5218794829,1563,5218794829,1603,5218794829,1568,5218794829,1606,5218794829,657,5218794829,654,5218794829,663,5218794829,640,5218794829,682,5218794829,200021,5218794829,200027,5218794829,200026,5218794829,200027,5218794829,200028
1259,9,5,32,4186925782,5297081723,9,4186925782,6,4186925782,50,4186925782,1629,4186925782,1607,4186925782,1731,4186925782,1871,4186925782,1636,4186925782,660,4186925782,634,4186925782,649,4186925782,638,4186925782,642,4186925782,200019,4186925782,200027,4186925782,200026,4186925782,200026,4186925782,200027
1260,9,5,32,4506830304,7140352427,10,4506830304,7,4506830304,50,4506830304,1587,4506830304,1594,4506830304,1604,4506830304,1731,4506830304,1610,4506830304,647,4506830304,648,4506830304,626,4506830304,647,4506830304,631,4506830304,200019,4506830304,200027,4506830304,200025,4506830304,200025,4506830304,200027
1261,10,5,4,24,29,13,24,11,24,44,24,333,24,379,24,318,24,326,24,343,24,662,24,662,24,718,24,717,24,730,24,200019,24,200028,24,200026,24,200027,24,200028
1262,10,5,4,16,23,10,16,7,16,43,16,308,16,293,16,307,16,287,16,286,16,667,16,662,16,666,16,670,16,680,16,200019,16,200029,16,200025,16,200035,16,200027
1263,10,5,4,31,47,10,31,7,31,43,31,306,31,285,31,326,31,301,31,338,31,1105,31,707,31,676,31,653,31,685,31,200026,31,200028,31,200028,31,200034,31,200028
1264,10,5,4,23,32,10,23,7,23,42,23,327,23,311,23,417,23,341,23,293,23,695,23,683,23,670,23,666,23,802,23,200018,23,200027,23,200027,23,200025,23,200026
1265,10,5,4,17,20,10,17,7,17,42,17,324,17,291,17,290,17,282,17,289,17,662,17,682,17,674,17,706,17,664,17,200019,17,200030,17,200028,17,200028,17,200027
1266,10,5,8,452,615,10,452,7,452,54,452,325,452,289,452,286,452,304,452,292,452,673,452,696,452,669,452,652,452,658,452,200016,452,200025,452,200029,452,200039,452,200038
1267,10,5,8,468,540,44,468,11,468,73,468,325,468,302,468,299,468,289,468,287,468,721,468,671,468,654,468,667,468,669,468,200017,468,200028,468,200028,468,200027,468,200026
1268,10,5,8,299,359,10,299,7,299,54,299,319,299,288,299,284,299,288,299,289,299,690,299,682,299,698,299,708,299,684,299,200017,299,200025,299,200026,299,200027,299,200034
1269,10,5,8,440,600,11,440,9,440,66,440,329,440,313,440,314,440,311,440,351,440,1269,440,704,440,692,440,697,440,714,440,200019,440,200027,440,200029,440,200029,440,200025
1270,10,5,8,469,606,10,469,7,469,54,469,327,469,287,469,294,469,298,469,283,469,691,469,688,469,668,469,688,469,676,469,200017,469,200026,469,200028,469,200026,469,200026
1271,10,5,16,65864,77017,13,65864,9,65864,67,65864,310,65864,289,65864,288,65864,290,65864,284,65864,868,65864,704,65864,708,65864,686,65864,681,65864,200017,65864,200036,65864,200027,65864,200028,65864,200028
1272,10,5,16,124578,153724,11,124578,7,124578,59,124578,312,124578,299,124578,291,124578,281,124578,296,124578,691,124578,689,124578,680,124578,674,124578,673,124578,200017,124578,200032,124578,200029,124578,200026,124578,200029
1273,10,5,16,77113,106101,10,77113,7,77453,55,77113,343,77113,293,77113,290,77113,285,77113,291,77113,663,77113,678,77113,663,77113,673,77113,681,77113,200016,77113,200028,77113,200029,77113,200028,77113,200027
1274,10,5,16,69029,106476,10,69029,7,69029,54,69029,318,69029,286,69029,292,69029,301,69029,310,69029,719,69029,667,69029,681,69029,713,69029,671,69029,200018,69029,200028,69029,200027,69029,200026,69029,200029
1275,10,5,16,122326,170499,10,122326,7,122326,54,122326,309,122326,300,122326,290,122326,286,122326,286,122326,682,122326,682,122326,692,122326,664,122326,682,122326,200016,122326,200026,122326,200037,122326,200029,122326,200031
1276,10,5,32,4954213687,7023097039,38,4954213687,10,4972942094,61,4954213687,2317,4954213687,1893,4954213687,1791,4954213687,1658,4954213687,1846,4954213687,716,4954213687,704,4954213687,704,4954213687,817,4954213687,889,4954213687,200022,4954213687,200038,4954213687,200029,4954213687,200029,4954213687,200027
1277,10,5,32,6272778854,7038139953,10,6272778854,7,6281601978,54,6272778854,1728,6272778854,1693,6272778854,1723,6272778854,1838,6272778854,1760,6272778854,670,6272778854,673,6272778854,662,6272778854,688,6272778854,676,6272778854,200019,6272778854,200027,6272778854,200026,6272778854,200028,6272778854,200028
1278,10,5,32,7338951803,9741433519,10,7338951803,7,7338951803,53,7338951803,1708,7338951803,1712,7338951803,1748,7338951803,1709,7338951803,1757,7338951803,678,7338951803,681,7338951803,686,7338951803,661,7338951803,655,7338951803,200030,7338951803,200027,7338951803,200030,7338951803,200029,7338951803,200028
1279,10,5,32,8280408795,10434471384,10,8280408795,8,8280408795,54,8280408795,1792,8280408795,1685,8280408795,1733,8280408795,1713,8280408795,1698,8280408795,684,8280408795,694,8280408795,690,8280408795,671,8280408795,679,8280408795,200018,8280408795,200026,8280408795,200027,8280408795,200026,8280408795,200027
1280,10,5,32,6391834752,8221559907,10,6391834752,7,6429270453,54,6391834752,1988,6391834752,1646,6391834752,1690,6391834752,1724,6391834752,1726,6391834752,709,6391834752,716,6391834752,703,6391834752,705,6391834752,694,6391834752,200017,6391834752,200028,6391834752,200031,6391834752,200029,6391834752,200025
1281,11,5,4,27,38,10,27,8,27,45,27,354,27,307,27,303,27,350,27,322,27,714,27,697,27,766,27,694,27,840,27,200016,27,200027,27,200029,27,200028,27,200029
1282,11,5,4,22,32,10,23,8,22,45,23,1732,23,1858,22,1772,23,2041,23,2029,22,955,22,776,22,1079,22,734,22,828,22,27,22,25,22,24,22,22,22,22
1283,11,5,4,26,36,6,26,6,26,42,26,306,26,316,26,316,26,304,26,323,26,686,26,723,26,700,26,693,26,705,26,200021,26,200027,26,200027,26,200029,26,200028
1284,11,5,4,23,26,10,23,7,23,45,23,350,23,328,23,314,23,301,23,300,23,703,23,681,23,694,23,690,23,694,23,200016,23,200027,23,200026,23,200027,23,200026
1285,11,5,4,30,37,12,35,9,30,45,31,3039,31,2037,32,1765,31,4852,30,2668,31,863,31,753,31,679,31,755,31,687,30,29,30,25,30,25,30,24,30,25
1286,11,5,8,393,610,7,393,7,393,78,393,330,393,350,393,310,393,311,393,302,393,688,393,670,393,670,393,677,393,674,393,200017,393,200026,393,200028,393,200027,393,200026
1287,11,5,8,559,682,10,564,8,559,57,564,1790,564,1805,564,1847,564,1951,559,374,559,733,559,1212,564,656,559,1020,564,674,559,27,559,23,559,102,559,26,559,23
1288,11,5,8,375,500,10,375,7,376,55,375,339,375,304,375,440,375,301,375,328,375,679,375,696,375,745,375,695,375,1081,375,200018,375,200028,375,200029,375,200031,375,200029
1289,11,5,8,404,595,10,428,7,404,57,412,3427,428,1811,412,2532,425,2198,412,2136,404,887,404,965,404,1084,404,1152,404,1019,404,28,404,25,404,23,404,23,404,23
1290,11,5,8,349,468,6,349,6,351,55,349,316,349,322,349,303,349,297,349,314,349,674,349,688,349,681,349,678,349,676,349,200019,349,200028,349,200027,349,200025,349,200025
1291,11,5,16,130922,189737,9,130922,8,130922,57,130922,331,130922,306,130922,324,130922,329,130922,309,130922,698,130922,670,130922,697,130922,678,130922,673,130922,200020,130922,200028,130922,200031,130922,200028,130922,200027
1292,11,5,16,119556,162298,10,119556,7,119556,57,119556,324,119556,338,119556,309,119556,302,119556,307,119556,698,119556,1028,119556,676,119556,662,119556,708,119556,200017,119556,200031,119556,200029,119556,200027,119556,200028
1293,11,5,16,129298,160450,10,129298,7,129298,57,129298,346,129298,303,129298,338,129298,317,129298,303,129298,678,129298,674,129298,684,129298,709,129298,1006,129298,200018,129298,200028,129298,200028,129298,200027,129298,200033
1294,11,5,16,79001,109476,10,85968,8,79001,56,79001,1523,79001,2996,79001,2761,79001,323,79001,446,83241,684,83241,924,83241,778,83241,675,83241,956,79001,214,79001,230,79001,36,79001,31,79001,54
1295,11,5,16,139483,176921,6,145726,6,139823,55,139483,1027,145726,1772,139483,4537,139823,4638,139483,3764,139483,797,139483,879,139483,1008,139483,916,139483,807,139483,49,139483,26,139483,23,139483,23,139483,23
1296,11,5,32,8055742839,10467149690,6,8438731168,6,8055742839,56,8055742839,2512,8055742839,3023,8055742839,3566,8189976086,3809,8055742839,3145,8055742839,738,8055742839,889,8055742839,743,8055742839,803,8055742839,726,8055742839,30,8055742839,25,8055742839,24,8055742839,23,8055742839,24
1297,11,5,32,8194397118,12281919949,6,8273014501,6,8194397118,304,8273014501,2137,8273014501,1970,8273014501,1748,8273014501,1876,8273014501,2036,8194397118,813,8194397118,1217,8194397118,774,8273014501,694,8194397118,1218,8194397118,28,8194397118,23,8194397118,24,8194397118,24,8194397118,23
1298,11,5,32,6511500682,10464353160,6,6705619771,6,6511500682,54,6639509994,2600,6511500682,3033,6511500682,3945,6511500682,4652,6676366379,2113,6639509994,738,6639509994,869,6639509994,671,6639509994,852,6639509994,706,6511500682,80,6511500682,730,6511500682,71,6511500682,257,6511500682,128
1299,11,5,32,5160306115,7016165637,6,5160306115,6,5179332577,56,5160306115,1723,5160306115,1941,5160306115,2217,5160306115,1843,5160306115,1708,5160306115,686,5160306115,692,5160306115,672,5160306115,679,5160306115,689,5160306115,200017,5160306115,200034,5160306115,200029,5160306115,200026,5160306115,200028
1300,11,5,32,8222714125,11104156145,10,8222714125,8,8233079647,56,8222714125,1934,8222714125,1736,8222714125,1784,8222714125,1920,8222714125,1826,8222714125,1057,8222714125,693,8222714125,707,8222714125,671,8222714125,885,8222714125,200020,8222714125,200028,8222714125,200027,8222714125,200027,8222714125,200026
1301,12,5,4,19,26,13,19,10,19,60,19,345,19,335,19,333,19,330,19,318,19,768,19,694,19,831,19,755,19,706,19,200019,19,200029,19,200030,19,200029,19,200044
1302,12,5,4,23,32,11,23,8,23,48,23,352,23,323,23,325,23,318,23,333,23,681,23,665,23,687,23,693,23,689,23,200021,23,200028,23,200027,23,200027,23,200035
1303,12,5,4,34,45,11,34,8,34,53,34,349,34,344,34,322,34,317,34,318,34,711,34,696,34,697,34,698,34,681,34,200020,34,200028,34,200028,34,200039,34,200029
1304,12,5,4,34,54,11,35,8,34,57,35,1930,35,1904,35,1821,35,1895,35,2041,34,1016,34,1078,35,691,35,696,34,1100,34,143,34,100,34,59,34,67,34,85
1305,12,5,4,21,25,8,22,7,21,44,22,1971,21,1052,21,570,22,1842,22,1882,21,689,21,915,21,906,21,803,21,929,21,29,21,24,21,23,21,23,21,23
1306,12,5,8,391,571,7,391,7,391,58,391,338,391,337,391,327,391,331,391,342,391,690,391,683,391,691,391,713,391,668,391,200021,391,200029,391,200030,391,200035,391,200032
1307,12,5,8,510,539,13,550,10,522,75,522,2706,513,4193,513,4563,518,5457,520,1885,510,1207,510,1391,510,1243,510,841,510,1548,510,46,510,188,510,30,510,157,510,34
1308,12,5,8,391,563,7,393,7,391,58,393,2047,393,1899,393,2089,393,1984,393,1834,393,700,393,693,391,1071,393,704,391,986,391,27,391,23,391,28,391,25,391,51
1309,12,5,8,461,517,7,464,7,463,58,461,582,464,1806,464,1829,464,1945,463,3744,463,1120,463,1050,463,675,463,1232,463,707,461,89,461,44,461,24,461,41,461,81
1310,12,5,8,313,369,9,318,8,314,59,313,2792,318,1870,313,956,314,3762,313,1987,314,917,314,887,314,1111,318,694,318,681,313,152,313,350,313,357,313,126,313,105
1311,12,5,16,109874,154491,6,109874,7,110807,59,109874,417,109874,364,109874,329,109874,319,109874,331,109874,693,109874,678,109874,706,109874,670,109874,688,109874,200017,109874,200030,109874,200028,109874,200031,109874,200032
1312,12,5,16,90825,105401,10,90825,8,90825,61,90825,349,90825,327,90825,319,90825,331,90825,319,90825,694,90825,687,90825,687,90825,706,90825,692,90825,200020,90825,200029,90825,200030,90825,200031,90825,200031
1313,12,5,16,85169,108306,10,92612,8,85766,60,90343,3729,90343,2279,85169,7406,85718,3157,85718,3933,85217,928,85217,1340,89324,1120,85217,1095,85217,1453,85169,30,85169,25,85169,25,85169,26,85169,24
1314,12,5,16,83681,118600,6,88779,7,83681,59,85085,3554,87520,3936,85841,5236,84404,7738,87520,3096,83681,1064,83681,1132,84404,776,83681,1110,83681,941,83681,28,83681,25,83681,34,83681,24,83681,24
1315,12,5,16,81434,123316,6,83396,7,81916,58,81434,3169,83396,1858,83396,2285,81434,1392,83396,1822,81592,967,81592,722,81592,910,81592,892,81434,1245,81434,29,81434,25,81434,24,81434,26,81434,25
1316,12,5,32,6397531253,8302026444,7,6397531253,7,6446494383,57,6397531253,1845,6397531253,2015,6397531253,1813,6397531253,1803,6397531253,1918,6397531253,705,6397531253,695,6397531253,708,6397531253,704,6397531253,693,6397531253,200022,6397531253,200029,6397531253,200027,6397531253,200027,6397531253,200027
1317,12,5,32,6235322365,7982397349,11,6235322365,8,6330830386,60,6235322365,1970,6235322365,1873,6235322365,1874,6235322365,1795,6235322365,1922,6235322365,712,6235322365,685,6235322365,695,6235322365,690,6235322365,688,6235322365,200019,6235322365,200028,6235322365,200031,6235322365,200031,6235322365,200031
1318,12,5,32,6700217632,9897533544,10,6797168449,8,6752108953,60,6700217632,3990,6797168449,1824,6797168449,1858,6797168449,1836,6752108953,4774,6700217632,890,6700217632,1124,6700217632,1311,6700217632,1288,6700217632,832,6700217632,28,6700217632,24,6700217632,26,6700217632,25,6700217632,136
1319,12,5,32,9457753848,12422721894,7,9919074156,7,9469677928,59,9522824721,3150,9522824721,3071,9457753848,5100,9919074156,1823,9522824721,3083,9469677928,751,9522824721,816,9691809679,780,9626738806,794,9457753848,1159,9457753848,106,9457753848,79,9457753848,131,9457753848,93,9457753848,148
1320,12,5,32,8928943400,11088495651,7,9702897310,7,9027881276,57,8928943400,5379,9113935910,3153,8928943400,5530,8928943400,4182,9272714718,5698,9113935910,906,9113935910,1025,9113935910,964,9113935910,878,9113935910,874,8928943400,41,8928943400,26,8928943400,24,8928943400,98,8928943400,40
1321,13,5,4,21,30,7,21,8,21,48,21,364,21,346,21,356,21,374,21,334,21,704,21,711,21,692,21,694,21,700,21,200018,21,200027,21,200034,21,200030,21,200028
1322,13,5,4,32,40,10,33,9,33,71,32,1938,32,599,33,1913,32,1874,33,1918,32,797,33,718,33,701,32,1062,32,1082,32,27,32,24,32,25,32,23,32,23
1323,13,5,4,31,38,7,32,7,31,47,32,2337,32,3012,32,2007,32,1893,32,1975,31,1164,31,1130,32,877,32,703,31,826,31,344,31,24,31,122,31,374,31,83
1324,13,5,4,21,26,7,21,8,21,46,21,418,21,432,21,427,21,415,21,343,21,816,21,715,21,713,21,696,21,698,21,200019,21,200027,21,200027,21,200029,21,200035
1325,13,5,4,26,33,11,28,9,26,50,26,2019,26,1425,27,1887,26,1571,26,2365,26,995,26,864,26,1032,26,1042,26,813,26,57,26,25,26,25,26,90,26,24
1326,13,5,8,619,783,7,621,11,619,63,621,1913,621,1974,621,1902,621,1878,621,1913,621,730,621,702,619,1085,619,687,621,693,619,27,619,25,619,23,619,25,619,24
1327,13,5,8,544,653,7,554,7,545,60,554,1967,552,3952,545,4637,554,2567,554,2653,544,1276,552,804,545,1389,550,821,545,1193,544,126,544,54,544,44,544,147,544,46
1328,13,5,8,462,602,7,488,8,462,62,466,5097,462,6947,473,2348,473,3294,462,3318,462,801,473,1117,471,762,462,1275,471,1102,473,200024,473,200027,462,68,473,200042,473,200029
1329,13,5,8,362,500,11,362,9,364,64,362,363,362,337,362,384,362,339,362,345,362,686,362,673,362,683,362,688,362,697,362,200022,362,200029,362,200029,362,200028,362,200028
1330,13,5,8,457,607,11,471,9,457,64,471,1972,457,4294,464,4359,457,2542,462,4653,462,724,462,1275,467,1311,471,715,462,1249,457,38,457,49,457,96,457,95,457,70
1331,13,5,16,93646,130221,7,103576,7,95513,61,95513,4139,95513,5655,94426,8153,95513,1929,95513,4138,95513,992,95513,1278,94426,1087,93646,1521,93646,1519,95513,200022,95513,200042,95513,200029,95513,200033,95513,200030
1332,13,5,16,141423,163813,11,146124,9,143590,78,143656,3779,143656,2413,143656,4091,144564,5126,143656,2777,143656,815,143656,694,143656,848,143656,757,143656,689,141423,145,141423,25,144564,200019,144564,200030,144564,200030
1333,13,5,16,133321,161487,11,136157,8,134347,66,136157,1992,136157,2038,136157,1903,136157,2048,136157,1963,134958,1034,134958,1022,134958,978,134958,694,134958,1044,133321,29,133321,25,133321,25,133321,27,133321,24
1334,13,5,16,97620,126289,7,101669,7,97776,61,100343,4130,100891,2572,97776,6137,97776,6716,100343,4383,97620,1750,97620,1325,97776,1032,101560,934,100736,1275,100891,200024,100736,200029,100736,200030,97620,89,100736,200021
1335,13,5,16,159550,195952,11,167591,9,163565,62,167591,1955,159550,1928,167202,3399,159550,3219,159550,2820,162463,696,162463,688,163565,691,159550,717,159550,1419,162463,200021,162463,200029,162463,200028,162463,200029,162463,200031
1336,13,5,32,6181538040,9638013892,11,6407849929,8,6297620505,63,6260559788,2845,6260559788,3380,6181538040,5271,6260559788,4605,6260559788,3618,6181538040,945,6343306230,1357,6181538040,1306,6297620505,1124,6302561977,837,6343306230,200020,6181538040,356,6343306230,200019,6343306230,200029,6181538040,35
1337,13,5,32,10208492232,15893468933,7,10208492232,8,10287489334,63,10208492232,1948,10208492232,1948,10208492232,2158,10208492232,1962,10208492232,2563,10208492232,713,10208492232,689,10208492232,697,10208492232,697,10208492232,696,10208492232,200023,10208492232,200040,10208492232,200026,10208492232,200029,10208492232,200035
1338,13,5,32,10969536066,12497232137,11,10969536066,8,11207239247,63,10969536066,1996,10969536066,1877,10969536066,1934,10969536066,2015,10969536066,1941,10969536066,690,10969536066,706,10969536066,691,10969536066,682,10969536066,687,10969536066,200020,10969536066,200030,10969536066,200028,10969536066,200028,10969536066,200028
1339,13,5,32,8948544475,12059469844,11,9119512440,8,9152272582,63,9119512440,2405,9119512440,1987,9119512440,1923,9069178631,2333,9119512440,1901,8948544475,1045,8948544475,1239,8948544475,1134,9119512440,699,9119512440,687,8948544475,345,8948544475,382,8948544475,470,8948544475,307,8948544475,83
1340,13,5,32,8703337460,12447124333,7,9187211440,8,8733486397,64,8733028342,5371,8868063492,4135,8733028342,6714,9187211440,1999,8755594617,3272,8733486397,843,8733028342,1039,8733028342,1306,8733028342,903,8755594617,1029,8703337460,32,8703337460,27,8703337460,26,8755594617,200019,8942059015,200029
1341,14,5,4,41,54,11,43,9,43,65,43,2112,42,4431,42,3313,42,2133,43,2271,41,1352,42,864,42,1061,42,977,42,799,42,200020,41,1107,42,200019,42,200030,41,376
1342,14,5,4,43,62,8,43,8,44,67,43,401,43,549,43,363,43,349,43,374,43,701,43,695,43,693,43,716,43,683,43,200019,43,200029,43,200030,43,200032,43,200028
1343,14,5,4,37,51,11,37,9,37,60,37,385,37,363,37,377,37,364,37,353,37,719,37,688,37,691,37,701,37,696,37,200023,37,200029,37,200030,37,200030,37,200029
1344,14,5,4,43,53,11,46,9,45,66,46,2182,43,1961,43,3380,43,1932,43,1560,44,1121,43,719,43,1152,44,794,43,1071,43,27,43,25,43,24,43,25,43,24
1345,14,5,4,37,45,8,38,8,38,64,38,2042,38,2240,38,2017,38,2020,38,1950,38,711,37,1099,38,716,38,707,38,694,37,858,38,200019,37,213,38,200018,37,1663
1346,14,5,8,703,804,8,717,8,711,67,710,3403,707,3917,717,1992,717,1943,717,1994,703,825,717,691,717,689,717,724,717,716,706,200021,706,200028,706,200027,706,200027,706,200027
1347,14,5,8,588,705,11,588,9,590,67,588,375,588,347,588,356,588,358,588,351,588,707,588,692,588,681,588,689,588,676,588,200019,588,200028,588,200029,588,200028,588,200030
1348,14,5,8,425,599,10,453,9,438,64,438,3387,437,2030,425,6118,437,5224,436,6506,430,978,429,1262,429,1210,433,1011,429,853,425,35,425,28,425,25,425,34,425,24
1349,14,5,8,692,926,10,726,9,692,73,718,5648,718,3062,718,3307,704,4046,726,1941,698,1049,698,1248,698,1278,704,1102,718,1031,692,30,692,27,692,26,692,26,692,27
1350,14,5,8,611,828,7,615,8,630,63,615,1979,615,2077,615,2087,615,2088,615,2039,611,1255,615,746,611,1164,615,687,615,688,611,222,611,399,615,200024,611,179,611,115
1351,14,5,16,150451,206021,7,151480,8,151443,66,151480,1987,151480,1959,151480,2148,151480,2042,151480,2108,151480,700,151480,687,151480,684,151480,687,151443,684,150451,55,150451,24,150451,78,151480,200021,150451,38
1352,14,5,16,163008,215652,7,170150,8,168544,65,166231,3364,166231,3788,163291,5650,164749,5188,168261,2450,163008,1644,163008,1108,163008,885,164466,938,163008,1065,163008,31,163008,26,163008,27,163008,28,163008,26
1353,14,5,16,139289,191053,7,151567,8,140107,65,141370,3378,139896,6139,140991,4767,139896,4406,141581,3389,141060,814,141060,1178,141060,1099,139289,1092,140714,890,139289,121,139289,27,139289,27,139289,26,139289,26
1354,14,5,16,140794,206874,7,146911,8,141364,65,146911,1950,141170,4214,146911,2132,141170,2426,140794,2201,140849,1626,143672,1559,143727,1329,141170,1503,141170,1365,140794,104,140794,140,140794,325,140794,86,141170,200020
1355,14,5,16,161232,218931,11,163152,10,163323,66,163152,2069,163152,2152,163152,2006,163152,1976,163152,1935,163152,725,162789,1333,163152,694,163152,681,163096,1129,161232,798,161232,1314,161232,385,161232,165,161232,407
1356,14,5,32,7029369413,8726167399,7,7124703291,8,7084239228,65,7124703291,2042,7124703291,2076,7124703291,1979,7124703291,2003,7124703291,1968,7045354432,1260,7029369413,800,7029369413,1262,7124703291,683,7029369413,988,7029369413,27,7029369413,24,7029369413,24,7029369413,24,7029369413,23
1357,14,5,32,11953389043,15913236104,7,12427762663,13,12044064280,87,12427762663,2027,12043373817,3977,12427762663,1989,11953389043,4871,12427762663,2120,12338468352,943,12427762663,660,12427762663,686,11957997912,1334,11957997912,1297,11953389043,31,11953389043,26,11953389043,26,11953389043,26,11953389043,25
1358,14,5,32,9741247294,12503307094,7,10465164364,8,10191989138,62,9866959030,5232,9926686570,6499,9926686570,5588,9866959030,3462,9866959030,4704,9741247294,1309,9741247294,1701,9741247294,1352,9741247294,1120,9741247294,1349,9913266217,200019,9741247294,96,9741247294,68,9741247294,172,9741247294,275
1359,14,5,32,11702167308,15278646011,7,12292346757,8,12508809064,81,12292346757,1955,12292346757,2256,12113524628,4847,11738962941,4099,12292346757,2017,11732293510,1158,11702167308,1085,11732293510,1263,11732293510,1343,11732293510,1350,11702167308,367,11702167308,99,11702167308,192,12292346757,200019,11702167308,202
1360,14,5,32,7653751064,9536764611,8,7653751064,8,7710437149,66,7653751064,2182,7653751064,1968,7653751064,1968,7653751064,2004,7653751064,2120,7653751064,700,7653751064,690,7653751064,703,7653751064,698,7653751064,690,7653751064,200023,7653751064,200028,7653751064,200030,7653751064,200035,7653751064,200030
1361,15,5,4,44,61,12,45,10,45,68,44,1569,44,671,44,2160,45,2155,44,1114,45,705,45,716,45,1046,45,701,45,695,44,677,44,457,44,1782,44,934,44,971
1362,15,5,4,26,33,8,26,8,26,52,26,398,26,385,26,380,26,419,26,368,26,704,26,773,26,715,26,703,26,1104,26,200023,26,200027,26,200027,26,200026,26,200029
1363,15,5,4,42,52,11,44,10,43,68,43,2522,43,4278,44,2046,43,4068,43,4426,43,711,43,1005,43,1056,43,1105,43,745,43,200021,43,200032,43,200028,43,200027,43,200027
1364,15,5,4,39,51,11,41,9,40,69,40,3063,40,4133,41,2153,41,2609,40,4737,39,801,40,1020,40,1114,40,946,39,980,39,163,40,200018,39,230,39,466,39,341
1365,15,5,4,26,35,8,27,9,26,52,27,2123,27,2093,26,1124,27,2902,27,2133,27,735,26,1015,26,747,26,1006,27,706,26,36,26,66,26,314,26,151,26,53
1366,15,5,8,619,711,8,642,8,641,65,642,2100,630,5258,624,10949,625,5815,623,9166,623,857,623,1024,623,1593,619,1428,619,1358,619,696,619,738,619,1825,619,1754,619,318
1367,15,5,8,714,1004,8,722,8,717,69,715,3676,722,2143,722,2099,722,2065,722,2113,716,1018,714,783,715,1010,714,2060,714,1430,714,29,714,25,714,26,714,26,714,25
1368,15,5,8,532,719,8,532,8,540,68,532,393,532,787,532,376,532,387,532,368,532,708,532,737,532,700,532,711,532,1099,532,200020,532,200028,532,200031,532,200028,532,200030
1369,15,5,8,677,823,12,703,9,681,71,679,5117,682,4222,703,2091,681,4816,683,4674,681,1039,681,1126,677,1174,677,990,677,1725,677,40,677,32,677,31,681,200023,677,35
1370,15,5,8,446,566,8,458,9,459,68,458,2079,458,2271,458,2042,451,2519,458,2120,449,1146,453,970,449,1115,456,864,449,1559,446,198,446,46,446,79,446,31,446,51
1371,15,5,16,139166,154310,12,148030,13,140837,87,141231,6405,141017,7274,140891,8003,142114,5850,142786,4413,139787,1241,142786,1333,140699,1072,140837,1066,140891,1080,139166,223,139166,203,139166,238,139166,265,139166,71
1372,15,5,16,158354,171070,7,158354,9,161709,68,158354,381,158354,372,158354,399,158354,381,158354,372,158354,697,158354,717,158354,684,158354,686,158354,683,158354,200020,158354,200029,158354,200029,158354,200035,158354,200028
1373,15,5,16,109486,125252,12,109486,10,111484,80,109486,411,109486,384,109486,388,109486,378,109486,369,109486,710,109486,709,109486,714,109486,707,109486,725,109486,200019,109486,200028,109486,200029,109486,200029,109486,200029
1374,15,5,16,112467,146314,11,113341,9,113734,72,113341,2113,112467,2062,113341,2190,112954,2537,113341,2085,112936,735,113341,717,112936,716,113341,714,113341,713,112467,73,112467,208,112467,1394,112467,406,112467,182
1375,15,5,16,135791,183377,8,136296,8,136752,70,136296,2036,136296,2047,136296,2041,136296,2138,136296,2163,136296,717,136296,719,136296,699,136296,718,136296,756,135791,126,136000,200020,135791,142,135791,188,136000,200018
1376,15,5,32,10533629079,13434484114,12,10611722396,9,10697796053,70,10611722396,2133,10561044335,4180,10570409397,4584,10611722396,2184,10611722396,2093,10533629079,1484,10533629079,1239,10533629079,894,10533629079,755,10568433203,1058,10533629079,28,10533629079,27,10533629079,26,10533629079,26,10533629079,25
1377,15,5,32,11229601890,12899262184,8,11837522234,9,11300516911,70,11837522234,2214,11229601890,4650,11488328834,4797,11580702336,4620,11747605541,2090,11541939165,1178,11364353245,1416,11837522234,708,11353577479,1160,11353577479,1498,11229601890,183,11229601890,273,11229601890,94,11229601890,153,11229601890,1257
1378,15,5,32,8692471729,13479866730,8,8982960302,9,8881417829,68,8982960302,2078,8871150074,3924,8982960302,2121,8733704329,8970,8692471729,10053,8812542822,1489,8812542822,1137,8853775422,706,8733704329,1281,8862889209,746,8692471729,33,8692471729,25,8692471729,42,8692471729,96,8692471729,695
1379,15,5,32,6575532154,7818501618,7,6647070895,8,6646745255,69,6647070895,2110,6647070895,2419,6647070895,2244,6647070895,2198,6647070895,2123,6647070895,728,6642684475,736,6647070895,707,6647070895,717,6647070895,717,6647070895,200022,6575532154,67,6575532154,251,6575532154,192,6647070895,200022
1380,15,5,32,10335585913,14689607887,12,10335585913,10,10406065342,75,10335585913,2279,10335585913,2138,10335585913,2133,10335585913,2111,10335585913,2184,10335585913,706,10335585913,707,10335585913,704,10335585913,707,10335585913,806,10335585913,200030,10335585913,200028,10335585913,200030,10335585913,200029,10335585913,200028
1381,16,5,4,39,49,12,42,10,39,66,40,2740,39,2180,39,721,39,1703,40,4555,39,1117,40,1076,40,1041,40,886,40,768,39,35,39,27,39,26,39,123,39,28
1382,16,5,4,36,52,9,36,9,36,63,36,408,36,437,36,392,36,414,36,396,36,728,36,823,36,761,36,708,36,700,36,200019,36,200030,36,200029,36,200030,36,200030
1383,16,5,4,40,50,12,40,10,41,72,40,408,40,412,40,436,40,403,40,386,40,826,40,727,40,721,40,727,40,727,40,200019,40,200032,40,200032,40,200028,40,200028
1384,16,5,4,32,49,12,33,10,32,68,33,2178,32,681,33,2181,32,1812,33,2238,32,1082,33,745,32,1147,33,730,32,1041,32,35,32,105,32,50,32,74,32,31
1385,16,5,4,26,38,8,26,8,26,55,26,439,26,424,26,396,26,392,26,393,26,731,26,725,26,726,26,738,26,710,26,200022,26,200033,26,200029,26,200029,26,200030
1386,16,5,8,797,1252,12,801,10,803,73,801,2205,801,2191,801,2305,801,2208,801,2257,801,722,801,743,801,711,801,710,797,1162,797,217,797,61,797,213,797,254,797,168
1387,16,5,8,777,981,8,806,9,801,75,777,775,786,7157,777,2517,777,3196,800,2857,778,1104,802,1219,777,1412,799,987,779,1611,777,537,777,864,777,361,777,351,777,751
1388,16,5,8,445,553,10,451,9,451,71,451,2552,451,2173,451,2230,451,2326,451,2201,451,705,451,743,451,715,451,739,451,1088,451,200022,451,200030,451,200032,451,200029,451,200029
1389,16,5,8,609,694,12,609,10,617,73,609,422,609,397,609,391,609,412,609,387,609,723,609,709,609,717,609,722,609,714,609,200018,609,200031,609,200030,609,200028,609,200027
1390,16,5,8,452,503,12,457,10,455,74,457,2198,457,2307,457,2233,457,2150,457,2188,456,1304,453,1240,453,1626,453,1256,457,721,452,465,452,745,452,1966,452,549,452,97
1391,16,5,16,184952,221374,8,186133,9,184989,71,186133,2208,186133,2158,186133,2154,186133,2245,186133,2200,186133,738,186133,700,186133,703,186133,709,186133,733,184952,38,184952,181,184952,624,186133,200022,184952,53
1392,16,5,16,108613,140098,13,114823,15,110196,84,112147,7416,112147,5248,111167,4239,111167,5571,109638,7719,111167,1409,109092,1298,108613,1829,111167,1250,109092,1466,109092,200026,109092,200030,108613,1062,108613,343,108613,358
1393,16,5,16,201575,261084,9,206985,9,202928,73,206985,2225,206985,2214,206985,2388,206985,2695,206985,2233,205141,1475,203340,1699,206985,711,206985,723,206985,715,206985,200022,206985,200029,206985,200030,206985,200030,206985,200031
1394,16,5,16,193031,271383,12,194440,14,198049,72,194440,2199,194440,2192,194440,2568,194440,2113,194440,2294,193632,744,193826,1152,193632,1334,194440,745,194440,732,193031,339,193031,124,193031,2093,193031,3089,193031,1452
1395,16,5,16,141996,212056,9,144778,9,144172,71,144778,2219,144403,4709,144778,2165,144778,2198,144778,2274,142960,1362,142504,1380,141996,1277,142960,1474,142504,2105,141996,117,142436,200020,142436,200032,141996,445,141996,1168
1396,16,5,32,10701399899,14570895949,8,10985257488,9,10949285397,80,10985257488,2167,10985257488,2245,10966719867,2313,10985257488,2120,10953706394,4802,10707574054,1351,10734663911,1701,10734663911,1423,10985257488,726,10947090401,709,10701399899,32,10701399899,26,10701399899,26,10701399899,26,10701399899,26
1397,16,5,32,13148035682,16490494491,8,13453807383,9,13234826451,71,13312566870,6217,13252552230,8213,13282731591,7657,13316208094,3792,13453807383,2117,13274618291,1517,13274618291,1063,13315249849,1611,13315249849,1509,13315249849,1152,13148035682,2973,13148035682,868,13148035682,285,13181441449,200022,13181441449,200032
1398,16,5,32,13489312385,17671035545,12,13894923619,10,13545947423,75,13489312385,2766,13489312385,6128,13894923619,2167,13785146847,3736,13489312385,8196,13529472897,1852,13784422805,716,13687769223,1031,13737904578,952,13529472897,1504,13489312385,36,13489312385,30,13489312385,29,13489312385,30,13489312385,27
1399,16,5,32,9296944615,10241468677,8,9486401376,9,9555237278,71,9407295235,4252,9486401376,2184,9422139841,4343,9486401376,2251,9486401376,2214,9462621330,1147,9486401376,708,9465475410,812,9486401376,706,9486401376,719,9296944615,270,9368397192,200018,9296944615,495,9416214853,200027,9296944615,63
1400,16,5,32,7780005065,11534455910,8,7780005065,9,7839637128,75,7780005065,2219,7780005065,2171,7780005065,2248,7780005065,2307,7780005065,2232,7780005065,730,7780005065,715,7780005065,714,7780005065,716,7780005065,731,7780005065,200024,7780005065,200030,7780005065,200030,7780005065,200031,7780005065,200029
1401,17,5,4,48,57,12,49,11,49,75,49,2261,48,1192,48,719,48,715,49,2352,49,727,49,725,49,718,49,763,49,857,48,173,48,31,48,132,48,196,49,200022
1402,17,5,4,39,51,13,39,11,39,70,39,426,39,408,39,423,39,423,39,403,39,717,39,758,39,745,39,742,39,731,39,200021,39,200030,39,200031,39,200033,39,200031
1403,17,5,4,42,54,12,45,11,42,67,43,4229,42,2288,43,2242,43,5079,42,1704,42,1147,43,974,43,913,43,794,43,728,42,121,42,112,42,92,42,242,42,84
1404,17,5,4,47,58,9,48,9,48,73,48,2249,48,2194,48,2225,48,2305,48,2309,48,738,48,737,48,754,47,1130,48,735,47,1109,47,206,47,290,47,344,47,52
1405,17,5,4,42,58,8,43,9,43,79,42,438,43,2574,43,2362,43,2210,43,2375,43,748,42,1086,43,741,43,734,43,737,42,41,42,60,43,200021,43,200033,43,200031
1406,17,5,8,692,841,12,710,11,706,77,699,6982,705,2219,697,6263,697,7957,699,3279,700,1476,699,917,704,1563,697,946,695,1465,695,200023,692,4996,692,1498,692,657,693,200020
1407,17,5,8,520,642,13,535,11,528,76,524,11900,522,7324,535,2333,522,6675,535,2246,535,729,535,741,530,1217,530,1836,522,1364,525,200022,525,200031,525,200032,524,200029,524,200031
1408,17,5,8,628,740,13,668,11,671,77,628,2791,646,3528,668,2390,628,3443,630,5795,632,1204,629,1210,632,1337,632,1253,634,966,628,908,628,446,628,52,628,540,628,113
1409,17,5,8,504,601,10,505,12,507,75,505,2265,505,2304,505,2260,505,2275,505,2277,505,715,505,738,505,739,505,751,505,711,504,529,505,200020,505,200031,505,200032,504,262
1410,17,5,8,558,650,9,580,10,583,74,560,3410,560,7058,565,5301,565,6465,565,5039,565,1095,562,1642,566,1252,567,1245,563,1793,562,200022,562,200030,558,4176,562,200023,562,200032
1411,17,5,16,207832,255448,12,214097,11,212192,76,214097,2275,212192,2941,211352,5642,209312,7761,214097,2259,209530,1509,210096,1043,209530,1480,212207,1695,208699,1219,209530,200021,210951,200044,207832,7148,209559,200025,209530,200030
1412,17,5,16,161141,251979,13,161141,11,163463,79,161141,445,161141,410,161141,440,161141,462,161141,453,161141,760,161141,721,161141,737,161141,732,161141,722,161141,200022,161141,200033,161141,200036,161141,200031,161141,200030
1413,17,5,16,127988,164085,12,129150,12,128512,80,129150,2721,129150,2722,129150,2327,128667,4269,129150,2306,128152,1420,129150,768,128701,830,128152,1994,128701,985,127988,4748,127988,1630,127988,744,127988,960,127988,362
1414,17,5,16,126531,147705,9,128562,10,128507,335,128562,2451,128562,2245,128562,2240,128562,2254,127123,4063,128562,727,128562,742,128416,1311,128562,749,128562,785,127375,200026,127935,200037,127935,200031,128416,200030,127935,200033
1415,17,5,16,178518,261207,12,180104,11,179866,79,180104,2374,180104,2365,180104,2230,180104,2432,180104,2448,180104,715,179195,1290,180104,716,180104,732,179216,1027,178518,1890,178518,634,178518,1169,178518,625,178518,135
1416,17,5,32,10864702090,14371531208,8,10947757398,10,11031676219,74,10947757398,2548,10947757398,2271,10947757398,2368,10947757398,2364,10947757398,2318,10947757398,729,10947757398,726,10947757398,727,10877514021,1721,10947757398,832,10864702090,319,10947757398,200020,10864702090,419,10947757398,200020,10880405113,200031
1417,17,5,32,11052392468,14908889905,12,11270653244,11,11133886305,77,11131088220,7046,11163306019,7945,11161168759,4822,11194075004,3875,11196452067,7555,11206734687,880,11161490806,1652,11133886305,1268,11133886305,1375,11214333170,1402,11065052151,200022,11065052151,200030,11065052151,200032,11065052151,200032,11065052151,200032
1418,17,5,32,8057694959,9820481999,14,8092776423,12,8113213155,77,8092776423,2293,8092776423,2264,8092776423,2305,8092776423,2338,8092776423,2768,8092776423,744,8092776423,743,8092776423,732,8092776423,745,8092776423,726,8092776423,200024,8092776423,200030,8085700578,200033,8092776423,200032,8057694959,477
1419,17,5,32,12165551871,16932235254,11,12198096598,11,12241146412,92,12165551871,5009,12198096598,2301,12198096598,2380,12198096598,2334,12196372684,5224,12198096598,724,12198096598,748,12198096598,799,12198096598,725,12198096598,725,12165551871,119,12165551871,616,12165551871,649,12165551871,1291,12165551871,88
1420,17,5,32,8962633633,10515334459,9,9314100119,11,9030070788,89,9068753763,5031,9071900101,3324,9122597413,4352,9166201995,3928,9093214737,7559,9042136444,1907,9051792431,1154,9009963118,1253,9188793987,740,9075267928,713,8962633633,161,8962633633,117,8962633633,96,8962633633,54,8962633633,37
1421,18,5,4,37,44,10,39,10,37,68,38,4029,37,2890,38,2658,37,783,38,3502,38,743,37,1071,38,729,37,964,37,1079,37,33,37,28,37,28,37,41,37,27
1422,18,5,4,52,63,9,53,10,53,78,53,2506,53,2379,53,2445,53,2807,53,2413,53,743,53,746,53,723,53,743,53,726,52,325,52,702,52,50,52,841,52,291
1423,18,5,4,33,38,9,34,10,33,68,34,2407,34,2691,34,2483,33,417,34,2347,33,1054,34,755,34,746,34,739,34,753,33,56,33,36,33,27,33,175,33,136
1424,18,5,4,47,61,9,47,9,47,70,47,435,47,426,47,416,47,469,47,420,47,744,47,737,47,752,47,749,47,762,47,200021,47,200035,47,200032,47,200034,47,200033
1425,18,5,4,31,39,17,31,15,31,76,31,478,31,420,31,452,31,453,31,428,31,853,31,738,31,722,31,737,31,792,31,200019,31,200030,31,200034,31,200031,31,200032
1426,18,5,8,584,703,12,598,12,592,78,590,5093,598,2538,587,2442,588,10429,585,8025,588,987,588,1712,598,735,588,1228,589,1815,585,200025,584,89,584,43,585,200021,585,200031
1427,18,5,8,815,962,13,842,11,821,82,822,7910,826,4121,820,7729,830,4048,832,4058,820,1556,826,1484,819,1652,819,920,825,1245,815,720,815,339,815,197,815,1232,815,191
1428,18,5,8,731,1229,9,733,10,736,78,733,2381,733,2328,733,2426,733,2421,733,2329,733,752,733,738,733,735,733,749,733,742,731,5132,731,1112,731,1332,731,2396,731,478
1429,18,5,8,568,644,9,576,10,572,78,568,1352,576,2388,576,2382,568,465,576,2369,576,741,572,915,571,945,576,727,576,760,576,200023,576,200032,568,124,576,200039,576,200031
1430,18,5,8,683,737,12,709,11,709,80,691,3788,709,2434,685,4555,709,2443,685,5399,691,1221,690,1233,694,1180,694,1368,691,1349,683,536,683,925,683,259,683,758,683,684
1431,18,5,16,156202,202956,9,158299,10,159615,76,158299,2381,158299,2419,158299,2376,157482,5281,158299,2380,158299,737,158299,757,158299,742,157387,1376,158299,770,158299,200024,158299,200036,158299,200034,158299,200038,158299,200034
1432,18,5,16,170475,277658,15,173009,12,171733,82,173009,2471,173009,2610,173009,2790,173009,2333,172077,5764,172164,1297,171191,1531,172151,733,171720,1705,170783,1510,171092,200026,170858,200032,170770,200031,170925,200034,170858,200031
1433,18,5,16,220469,270834,13,224112,11,223759,82,224112,2369,224112,2419,224112,2325,221108,7058,224112,2418,221833,1414,224112,742,222072,1696,221824,1009,221833,1174,221704,200024,221033,200046,221033,200036,221669,200036,221407,200032
1434,18,5,16,118591,140744,13,119244,11,119461,80,119244,2653,119244,2347,119244,2329,119244,2316,119244,2344,119244,730,119177,736,119244,728,119244,733,119244,933,118591,895,118591,916,118591,9120,118674,200025,118591,5907
1435,18,5,16,156123,215577,10,157790,10,157142,81,157192,3047,157109,4082,157790,2554,157790,2312,157790,2303,156723,1471,156627,1438,157611,828,156908,1488,156723,1175,156330,200022,156804,200031,156727,200032,156804,200042,156944,200051
1436,18,5,32,9081918508,11524092439,13,9176776755,11,9102568596,79,9124221927,5097,9176776755,2503,9176776755,2713,9176776755,2366,9176776755,2737,9176776755,1084,9176776755,760,9176776755,725,9176776755,728,9176776755,734,9081918508,672,9085129096,200024,9081918508,1423,9101299753,200022,9081918508,4039
1437,18,5,32,13012213746,19348057200,9,13085413421,10,13073063268,91,13085413421,2363,13085413421,2406,13085413421,2414,13085413421,2344,13085413421,2345,13085413421,737,13085413421,725,13085413421,715,13085413421,717,13085413421,735,13054202264,200023,13028156526,200030,13017428038,200033,13012213746,138,13047222931,200022
1438,18,5,32,10009271564,12907197341,13,10009271564,12,10234873179,83,10009271564,2356,10009271564,2421,10009271564,2316,10009271564,2313,10009271564,2320,10009271564,749,10009271564,726,10009271564,726,10009271564,763,10009271564,733,10009271564,200021,10009271564,200033,10009271564,200031,10009271564,200030,10009271564,200032
1439,18,5,32,9887630194,13813900013,13,9966807954,12,9970471343,80,9966807954,2369,9966807954,2341,9966807954,2325,9966807954,2612,9966807954,2450,9966807954,752,9950350661,1274,9966807954,740,9966807954,737,9966807954,721,9887630194,4345,9887630194,19122,9887630194,17489,9887630194,6287,9887630194,4063
1440,18,5,32,13628588446,14130594045,12,13812592810,12,13808222892,87,13812592810,2344,13812592810,2451,13797243934,4312,13812592810,2447,13812592810,2278,13691661792,1477,13784837670,1059,13812592810,728,13812592810,721,13691661792,1616,13670576068,200023,13695249574,200033,13784837670,200033,13667716921,200037,13784837670,200034
1441,19,5,4,30,45,13,30,12,30,63,30,470,30,466,30,438,30,435,30,445,30,757,30,739,30,748,30,765,30,743,30,200021,30,200033,30,200035,30,200034,30,200033
1442,19,5,4,30,35,13,31,11,30,61,31,2467,30,766,31,2332,31,2446,31,2432,30,1049,30,753,30,1024,30,973,31,750,30,32,30,28,30,37,30,25,30,26
1443,19,5,4,42,53,9,42,10,42,72,42,487,42,438,42,442,42,431,42,442,42,745,42,731,42,744,42,731,42,749,42,200023,42,200032,42,200031,42,200031,42,200033
1444,19,5,4,57,72,13,58,12,57,71,58,2466,58,2352,58,2441,57,1214,58,2320,58,740,57,1202,58,747,58,733,58,741,58,200025,57,54,57,77,57,71,57,39
1445,19,5,4,52,67,9,52,10,52,72,52,463,52,446,52,443,52,443,52,437,52,741,52,754,52,748,52,748,52,742,52,200021,52,200033,52,200033,52,200031,52,200030
1446,19,5,8,886,1147,13,902,12,892,84,902,2488,902,2716,902,2425,902,2444,902,2668,888,1721,891,1902,897,1054,895,863,891,1653,886,5272,888,200027,886,9900,890,200026,886,2005
1447,19,5,8,814,889,10,819,11,819,83,819,2446,819,2427,819,2405,819,2375,819,2428,819,738,819,747,819,767,819,739,819,751,819,200022,814,222,817,200022,815,200031,815,200033
1448,19,5,8,935,1188,13,948,12,948,86,938,4148,940,4128,948,2724,940,4836,948,2430,948,745,943,1576,947,1302,940,1209,947,1274,937,200021,937,200033,937,200034,937,200031,937,200033
1449,19,5,8,553,688,13,567,12,557,83,567,2459,560,5211,558,4682,566,4745,565,4709,556,1951,558,1467,556,754,559,1185,556,981,556,200023,553,710,553,289,556,200020,554,200032
1450,19,5,8,534,716,13,537,11,538,83,537,2462,536,5255,537,2683,537,2548,536,2998,537,746,537,755,536,1354,537,776,537,729,536,200024,535,200035,534,258,536,200025,536,200034
1451,19,5,16,184331,271645,14,184769,12,185693,83,184769,2464,184769,2518,184769,2475,184769,2527,184769,2462,184769,742,184769,726,184769,734,184769,763,184769,734,184534,200023,184516,200033,184516,200034,184516,200034,184331,1483
1452,19,5,16,195334,273664,9,196842,11,196783,83,196361,3391,196842,2554,196842,2859,196678,3484,196091,5271,196842,881,196361,1380,196361,763,196842,735,196842,763,195386,200023,195633,200031,195495,200032,195334,688,195455,200022
1453,19,5,16,244364,350007,17,245082,15,248125,104,245082,2613,245082,2543,245082,2496,245082,2458,245082,2584,245082,907,245082,811,245082,724,245082,724,245082,751,244364,33,244364,28,244364,27,244364,27,244364,27
1454,19,5,16,132612,184254,10,133883,10,133578,86,133883,2456,133883,2362,133883,2558,133883,2462,133883,2552,133883,782,133883,741,133883,754,133883,736,133540,960,133039,200023,133039,200038,133039,200031,132612,65,133039,200022
1455,19,5,16,246171,309655,13,246171,11,248077,83,246171,480,246171,441,246171,455,246171,448,246171,442,246171,760,246171,745,246171,752,246171,746,246171,763,246171,200022,246171,200031,246171,200034,246171,200036,246171,200036
1456,19,5,32,11220171873,13433305170,14,11628805166,12,11365730608,79,11345951693,5570,11419809828,4691,11300922036,6912,11300922036,6909,11326025867,8016,11274251093,1397,11318746774,1481,11296412739,1708,11274251093,1311,11260444986,1859,11251327620,200025,11232478571,200031,11256123722,200031,11292220455,200032,11228508030,200030
1457,19,5,32,9632947946,11634417697,14,9727860749,12,9671185013,83,9727860749,2780,9727860749,2409,9710999657,4071,9727860749,2491,9674776741,3081,9727860749,752,9661701592,1891,9727860749,735,9727860749,740,9727860749,751,9632947946,3219,9632947946,5404,9632947946,547,9632947946,1553,9632947946,1268
1458,19,5,32,9110441593,13237150508,10,9193022068,11,9228477680,81,9193022068,2431,9193022068,2456,9136339389,6965,9162679890,3003,9193022068,2552,9161565794,731,9193022068,727,9193022068,806,9179993910,1381,9167559661,1047,9110441593,527,9110441593,46,9110441593,866,9110441593,498,9110441593,648
1459,19,5,32,11814344375,17449187202,9,11837597544,10,11904383359,82,11837597544,2604,11837597544,2577,11837597544,2395,11837597544,2425,11837597544,2447,11837597544,763,11837597544,741,11837597544,753,11837597544,735,11837597544,756,11837597544,200022,11814344375,204,11814344375,235,11837597544,200022,11814344375,451
1460,19,5,32,16106252462,21297909037,10,16278191759,11,16344408129,84,16239970175,3603,16278191759,2692,16278191759,2605,16278191759,2406,16278191759,2461,16278191759,762,16278191759,738,16278191759,720,16278191759,743,16236482848,1358,16106252462,103,16106252462,35,16106252462,1690,16106252462,43,16106252462,56
1461,20,5,4,61,84,10,62,10,62,82,62,2552,62,2685,62,2571,61,1313,62,2538,61,914,61,787,61,1199,62,799,62,783,61,31,61,58,61,27,61,27,61,27
1462,20,5,4,33,39,13,33,12,33,75,33,494,33,458,33,452,33,448,33,513,33,862,33,754,33,794,33,750,33,790,33,200025,33,200031,33,200032,33,200033,33,200037
1463,20,5,4,39,47,13,39,12,39,83,39,499,39,455,39,458,39,475,39,450,39,761,39,750,39,823,39,758,39,770,39,200023,39,200034,39,200036,39,200033,39,200033
1464,20,5,4,36,43,20,36,12,37,85,36,527,36,457,36,461,36,447,36,446,36,752,36,769,36,764,36,748,36,745,36,200021,36,200033,36,200034,36,200033,36,200032
1465,20,5,4,58,85,15,59,12,59,83,59,2468,59,2491,59,2447,59,2443,59,2636,59,751,59,752,59,748,59,770,59,762,58,167,58,135,58,1126,58,128,58,163
1466,20,5,8,634,992,9,648,11,638,83,647,5499,644,6293,648,2501,648,2568,648,2456,639,1232,641,1131,638,1802,636,1516,636,1819,637,200024,637,200035,636,200033,638,200031,636,200032
1467,20,5,8,752,907,14,759,12,767,85,759,2569,759,2602,759,2670,758,5525,759,2449,756,1884,757,1503,759,744,757,1150,759,756,759,200029,753,200034,753,200034,759,200034,753,200033
1468,20,5,8,876,990,13,893,11,889,81,893,2428,891,3898,893,2490,882,5940,893,2334,883,1331,890,1137,893,719,882,811,886,1450,879,200019,876,3523,876,1340,876,10448,876,6190
1469,20,5,8,996,1518,10,1005,12,1003,87,1005,2635,1005,2437,1003,3703,1005,2643,1005,2525,1005,743,1002,759,1001,925,998,1495,1004,1130,997,200025,998,200036,996,11551,997,200029,998,200041
1470,20,5,8,650,999,14,656,13,655,87,656,2552,656,2911,656,2573,656,2517,656,2645,655,1231,656,735,656,758,652,1486,655,942,656,200023,652,200031,654,200035,652,200032,653,200032
1471,20,5,16,215712,237370,13,226666,12,217373,87,218592,8363,217797,6714,219986,6500,218232,7734,217416,9315,217534,1592,217591,972,217763,1652,218192,1096,218987,1707,215712,1281,216526,200022,215712,3820,216659,200023,215712,2228
1472,20,5,16,153867,228554,18,158476,11,155064,86,158333,5479,158476,2525,157116,4826,158476,2461,158476,2466,157116,1229,154070,1987,154437,1421,158476,735,154728,1607,154004,200025,154004,200031,154756,200033,154728,200035,158157,200035
1473,20,5,16,159591,185193,17,160424,15,160540,112,160424,2524,160424,2789,160424,2420,160424,2559,160424,2479,160074,1387,159912,1539,160157,1585,160424,753,160424,752,159764,200021,159591,2875,159591,2011,159591,2775,159591,3679
1474,20,5,16,245537,340757,10,247494,11,247070,85,247494,2504,247494,2594,247494,2485,246740,4821,247494,2478,245883,1522,247494,737,247494,754,247494,737,247494,759,245537,9532,245537,12298,245537,19346,245537,17171,245537,17685
1475,20,5,16,257013,307655,11,261726,12,260361,84,259175,6065,259175,9991,261726,2479,261726,2503,261726,2638,260261,1066,259926,940,259625,1247,259956,1120,260226,751,257890,200035,257546,200045,257912,200034,257815,200034,257564,200035
1476,20,5,32,10388738719,11459163475,14,10571165616,12,10468307976,93,10554940168,4486,10571165616,2499,10571165616,2569,10571165616,2481,10449703687,5302,10497464502,1734,10571165616,732,10571165616,726,10454635023,1213,10454635023,764,10388738719,603,10388738719,1009,10388738719,128,10439337138,200023,10449703687,200033
1477,20,5,32,14462181541,18600381179,13,14592834494,13,14540152947,85,14533595413,3126,14592834494,2557,14592834494,2572,14592834494,2482,14592834494,2575,14592834494,754,14578530704,877,14523059005,1772,14592834494,765,14519106711,1510,14483343300,200023,14488978429,200035,14495910454,200037,14592834494,200033,14533595413,200039
1478,20,5,32,8620415898,11895145073,13,8672008199,13,8718718531,86,8672008199,2529,8672008199,2665,8649458979,4293,8672008199,2477,8668490221,3034,8656449984,1316,8646526989,1443,8668529576,753,8672008199,769,8630948069,1727,8630948069,200025,8652976957,200038,8656449984,200033,8630948069,200035,8668490221,200032
1479,20,5,32,8620221395,10758709244,13,8692469723,12,8680212736,88,8692469723,2523,8692469723,2564,8692469723,2638,8638364517,12509,8692469723,2531,8692469723,764,8692469723,742,8687710502,1225,8692469723,743,8692469723,755,8650173815,200024,8631434348,200033,8645787604,200033,8631434348,200035,8692469723,200035
1480,20,5,32,10903428138,14202019956,14,10978082784,13,11072845158,86,10978082784,2614,10978082784,2576,10978082784,2730,10978082784,2840,10978082784,2853,10978082784,749,10978082784,750,10978082784,747,10978082784,750,10978082784,773,10975290974,200026,10911175178,200034,10906220312,200034,10906220312,200033,10906220312,200033
1481,8,8,4,13,13,9,13,6,13,32,13,284,13,264,13,274,13,263,13,258,13,1129,13,1168,13,1129,13,1140,13,1155,13,200020,13,200025,13,200030,13,200028,13,200027
1482,8,8,4,8,8,9,8,6,8,33,8,294,8,268,8,257,8,256,8,627,8,1138,8,1161,8,1133,8,1340,8,1135,8,200018,8,200025,8,200023,8,200026,8,200028
1483,8,8,4,12,12,9,12,6,12,34,12,286,12,269,12,256,12,278,12,279,12,1216,12,1151,12,1152,12,1132,12,1478,12,200017,12,200027,12,200026,12,200026,12,200027
1484,8,8,4,15,15,9,15,6,15,32,15,286,15,302,15,381,15,287,15,257,15,1144,15,1129,15,1149,15,1132,15,1197,15,200017,15,200027,15,200025,15,200026,15,200027
1485,8,8,4,13,13,9,13,6,13,33,13,275,13,258,13,262,13,269,13,270,13,1146,13,1128,13,1145,13,1138,13,1142,13,200018,13,200028,13,200029,13,200027,13,200026
1486,8,8,8,221,221,9,221,6,221,48,221,275,221,264,221,262,221,264,221,260,221,1147,221,1131,221,1136,221,1148,221,1139,221,200016,221,200027,221,200027,221,200028,221,200029
1487,8,8,8,252,252,9,252,6,252,47,252,275,252,262,252,258,252,255,252,262,252,1157,252,1145,252,1128,252,1172,252,1134,252,200017,252,200025,252,200027,252,200029,252,200029
1488,8,8,8,181,181,11,181,8,181,62,181,403,181,381,181,582,181,300,181,263,181,1678,181,1683,181,1627,181,1606,181,1623,181,200017,181,200026,181,200025,181,200025,181,200026
1489,8,8,8,249,249,9,249,6,249,46,249,278,249,274,249,263,249,285,249,270,249,1140,249,1138,249,1150,249,1139,249,1142,249,200018,249,200027,249,200026,249,200026,249,200029
1490,8,8,8,144,144,9,144,5,144,48,144,276,144,270,144,260,144,263,144,255,144,1133,144,1143,144,1134,144,1140,144,1127,144,200017,144,200028,144,200026,144,200027,144,200027
1491,8,8,16,55124,55124,9,55124,6,55124,48,55124,302,55124,256,55124,273,55124,268,55124,256,55124,1136,55124,1139,55124,1143,55124,1137,55124,1142,55124,200017,55124,200027,55124,200027,55124,200028,55124,200028
1492,8,8,16,43202,43202,9,43202,5,43202,48,43202,309,43202,264,43202,255,43202,272,43202,260,43202,1147,43202,1139,43202,1146,43202,1138,43202,1123,43202,200017,43202,200026,43202,200027,43202,200027,43202,200027
1493,8,8,16,46767,46767,9,46767,6,46767,47,46767,312,46767,257,46767,254,46767,259,46767,278,46767,1139,46767,1143,46767,1153,46767,1146,46767,1145,46767,200019,46767,200029,46767,200026,46767,200025,46767,200027
1494,8,8,16,53182,53182,9,53182,6,53182,48,53182,283,53182,259,53182,274,53182,284,53182,277,53182,1145,53182,1145,53182,1145,53182,1132,53182,1153,53182,200018,53182,200026,53182,200032,53182,200028,53182,200027
1495,8,8,16,34449,34449,9,34449,6,34449,48,34449,291,34449,262,34449,282,34449,272,34449,261,34449,1145,34449,1144,34449,1150,34449,1153,34449,1152,34449,200016,34449,200024,34449,200027,34449,200024,34449,200027
1496,8,8,32,2414141406,2414141406,17,2414141406,6,2414141406,48,2414141406,1525,2414141406,1530,2414141406,1522,2414141406,1496,2414141406,1461,2414141406,1138,2414141406,1151,2414141406,1153,2414141406,1134,2414141406,1134,2414141406,200017,2414141406,200027,2414141406,200026,2414141406,200027,2414141406,200038
1497,8,8,32,3665082369,3665082369,11,3665082369,7,3665082369,59,3665082369,1523,3665082369,1494,3665082369,1700,3665082369,1662,3665082369,1671,3665082369,1301,3665082369,1154,3665082369,1135,3665082369,1151,3665082369,1158,3665082369,200021,3665082369,200025,3665082369,200025,3665082369,200029,3665082369,200029
1498,8,8,32,3063181289,3063181289,32,3063181289,8,3063181289,60,3063181289,1582,3063181289,1474,3063181289,1468,3063181289,1564,3063181289,1467,3063181289,1250,3063181289,1133,3063181289,1173,3063181289,1254,3063181289,1134,3063181289,200018,3063181289,200029,3063181289,200030,3063181289,200028,3063181289,200027
1499,8,8,32,3657729610,3657729610,9,3657729610,5,3657729610,47,3657729610,1507,3657729610,1511,3657729610,1579,3657729610,1484,3657729610,1452,3657729610,1138,3657729610,1277,3657729610,1126,3657729610,1133,3657729610,1143,3657729610,200018,3657729610,200025,3657729610,200028,3657729610,200028,3657729610,200035
1500,8,8,32,4078092342,4078092342,9,4078092342,6,4078092342,48,4078092342,1532,4078092342,1501,4078092342,1468,4078092342,1507,4078092342,1511,4078092342,1130,4078092342,1139,4078092342,1125,4078092342,1187,4078092342,1135,4078092342,200182,4078092342,200026,4078092342,200025,4078092342,200027,4078092342,200027
1501,9,8,4,15,18,10,15,7,15,35,15,295,15,288,15,649,15,279,15,302,15,1107,15,1104,15,1075,15,1101,15,1088,15,200020,15,200025,15,200027,15,200027,15,200027
1502,9,8,4,13,19,9,13,6,13,35,13,293,13,293,13,302,13,286,13,283,13,1118,13,1107,13,1110,13,1100,13,1103,13,200019,13,200027,13,200027,13,200028,13,200026
1503,9,8,4,16,16,9,16,6,16,42,16,303,16,289,16,287,16,278,16,277,16,1101,16,1083,16,1105,16,1115,16,1099,16,200018,16,200028,16,200025,16,200033,16,200035
1504,9,8,4,16,23,9,16,7,16,41,16,308,16,286,16,296,16,278,16,302,16,1101,16,1106,16,1100,16,1105,16,1090,16,200018,16,200030,16,200028,16,200026,16,200035
1505,9,8,4,12,18,9,12,6,12,37,12,307,12,321,12,284,12,295,12,285,12,1120,12,1288,12,1284,12,1125,12,1136,12,200019,12,200025,12,200027,12,200026,12,200026
1506,9,8,8,194,194,9,194,6,194,53,194,301,194,284,194,298,194,283,194,282,194,1121,194,1102,194,1095,194,1097,194,1091,194,200016,194,200029,194,200026,194,200035,194,200027
1507,9,8,8,150,217,9,150,6,150,51,150,315,150,294,150,279,150,284,150,283,150,1130,150,1108,150,1100,150,1102,150,1122,150,200018,150,200027,150,200026,150,200025,150,200028
1508,9,8,8,258,291,9,258,6,258,52,258,300,258,290,258,279,258,295,258,278,258,1093,258,1088,258,1109,258,1086,258,1105,258,200017,258,200028,258,200026,258,200030,258,200027
1509,9,8,8,201,229,9,201,6,201,51,201,307,201,278,201,284,201,278,201,306,201,1085,201,1075,201,1101,201,1078,201,1086,201,200018,201,200028,201,200028,201,200027,201,200026
1510,9,8,8,273,390,9,273,6,273,52,273,307,273,293,273,280,273,293,273,277,273,1097,273,1112,273,1105,273,1128,273,1144,273,200016,273,200028,273,200027,273,200029,273,200028
1511,9,8,16,43453,50605,9,43453,14,43453,52,43453,308,43453,280,43453,277,43453,287,43453,323,43453,1111,43453,1091,43453,1102,43453,1086,43453,1114,43453,200018,43453,200029,43453,200028,43453,200027,43453,200026
1512,9,8,16,42670,53560,9,42670,6,42670,52,42670,298,42670,280,42670,285,42670,315,42670,291,42670,1112,42670,1110,42670,1096,42670,1090,42670,1111,42670,200017,42670,200030,42670,200034,42670,200028,42670,200026
1513,9,8,16,54666,54666,9,54666,7,54666,53,54666,315,54666,294,54666,305,54666,283,54666,298,54666,1096,54666,1100,54666,1088,54666,1086,54666,1104,54666,200017,54666,200028,54666,200027,54666,200029,54666,200028
1514,9,8,16,67730,90523,9,67730,7,67730,52,67730,296,67730,278,67730,276,67730,276,67730,293,67730,1111,67730,1101,67730,1133,67730,1098,67730,1118,67730,200018,67730,200026,67730,200026,67730,200026,67730,200027
1515,9,8,16,60334,68203,9,60334,6,60334,52,60334,316,60334,296,60334,301,60334,291,60334,284,60334,1103,60334,1104,60334,1469,60334,1159,60334,1093,60334,200018,60334,200027,60334,200026,60334,200026,60334,200025
1516,9,8,32,2425060548,3426864933,9,2425060548,7,2425060548,52,2425060548,1811,2425060548,1943,2425060548,1645,2425060548,1756,2425060548,1907,2425060548,1117,2425060548,1127,2425060548,1474,2425060548,1138,2425060548,1101,2425060548,200021,2425060548,200028,2425060548,200027,2425060548,200027,2425060548,200028
1517,9,8,32,3592556959,4298771911,10,3592556959,7,3592556959,52,3592556959,1589,3592556959,1635,3592556959,1661,3592556959,1658,3592556959,1719,3592556959,1104,3592556959,1089,3592556959,1100,3592556959,1081,3592556959,1128,3592556959,200023,3592556959,200033,3592556959,200027,3592556959,200025,3592556959,200025
1518,9,8,32,2695229702,3523721282,9,2695229702,6,2695229702,52,2695229702,1649,2695229702,1593,2695229702,1561,2695229702,1776,2695229702,1826,2695229702,1104,2695229702,1104,2695229702,1128,2695229702,1094,2695229702,1092,2695229702,200019,2695229702,200025,2695229702,200027,2695229702,200026,2695229702,200025
1519,9,8,32,4775422918,5438508943,9,4775422918,7,4775422918,53,4775422918,1626,4775422918,1600,4775422918,2026,4775422918,1582,4775422918,1673,4775422918,1127,4775422918,1086,4775422918,1104,4775422918,1102,4775422918,1082,4775422918,200018,4775422918,200029,4775422918,200025,4775422918,200038,4775422918,200026
1520,9,8,32,4801726059,6638812491,9,4801726059,7,4801726059,52,4801726059,1591,4801726059,1715,4801726059,1628,4801726059,1681,4801726059,1874,4801726059,1110,4801726059,1101,4801726059,1207,4801726059,1110,4801726059,1116,4801726059,200020,4801726059,200030,4801726059,200029,4801726059,200028,4801726059,200028
1521,10,8,4,14,19,10,14,7,14,39,14,324,14,325,14,298,14,297,14,312,14,1053,14,1050,14,1056,14,1038,14,1027,14,200019,14,200026,14,200027,14,200030,14,200027
1522,10,8,4,12,16,17,12,7,12,40,12,326,12,311,12,300,12,314,12,309,12,1077,12,1054,12,1066,12,1048,12,1087,12,200020,12,200027,12,200030,12,200027,12,200027
1523,10,8,4,13,17,10,13,7,13,39,13,347,13,305,13,309,13,297,13,296,13,1069,13,1080,13,1058,13,1053,13,1032,13,200018,13,200029,13,200028,13,200027,13,200027
1524,10,8,4,10,14,9,10,7,10,39,10,326,10,304,10,371,10,308,10,296,10,1156,10,1043,10,1075,10,1054,10,1059,10,200018,10,200027,10,200028,10,200026,10,200029
1525,10,8,4,17,22,10,17,7,17,44,17,350,17,300,17,300,17,327,17,315,17,1041,17,1365,17,1190,17,1346,17,1063,17,200020,17,200027,17,200028,17,200029,17,200030
1526,10,8,8,315,405,10,315,7,315,57,315,326,315,302,315,303,315,309,315,304,315,1138,315,1073,315,1076,315,1031,315,1087,315,200016,315,200028,315,200029,315,200026,315,200027
1527,10,8,8,290,322,9,290,7,290,56,290,336,290,303,290,305,290,312,290,298,290,1050,290,1033,290,1023,290,1064,290,1032,290,200018,290,200029,290,200029,290,200027,290,200029
1528,10,8,8,173,232,9,173,7,173,57,173,334,173,315,173,308,173,305,173,304,173,1070,173,1052,173,1059,173,1055,173,1073,173,200017,173,200027,173,200027,173,200029,173,200030
1529,10,8,8,220,325,10,220,7,220,57,220,361,220,399,220,380,220,344,220,307,220,1068,220,1078,220,1063,220,1062,220,1062,220,200020,220,200026,220,200027,220,200028,220,200025
1530,10,8,8,302,391,9,302,7,302,64,302,677,302,301,302,317,302,313,302,315,302,1038,302,1041,302,1055,302,1035,302,1029,302,200021,302,200034,302,200032,302,200027,302,200036
1531,10,8,16,62963,73729,9,62963,7,62963,58,62963,353,62963,302,62963,298,62963,298,62963,323,62963,1060,62963,1063,62963,1084,62963,1064,62963,1031,62963,200018,62963,200027,62963,200031,62963,200028,62963,200029
1532,10,8,16,78347,93175,10,78347,7,78347,58,78347,368,78347,299,78347,310,78347,306,78347,297,78347,1056,78347,1050,78347,1058,78347,1043,78347,1056,78347,200019,78347,200028,78347,200027,78347,200028,78347,200030
1533,10,8,16,74062,74977,10,74062,8,74062,61,74062,329,74062,300,74062,321,74062,298,74062,316,74062,1067,74062,1047,74062,1044,74062,1026,74062,1059,74062,200018,74062,200029,74062,200029,74062,200026,74062,200025
1534,10,8,16,61425,67402,10,61425,7,61425,57,61425,341,61425,298,61425,298,61425,296,61425,303,61425,1038,61425,1061,61425,1033,61425,1024,61425,1031,61425,200019,61425,200028,61425,200028,61425,200028,61425,200028
1535,10,8,16,51762,77400,9,51762,7,51762,56,51762,321,51762,321,51762,316,51762,296,51762,315,51762,1317,51762,1405,51762,1054,51762,1059,51762,1053,51762,200019,51762,200027,51762,200026,51762,200026,51762,200026
1536,10,8,32,4970139476,7385893091,10,4970139476,7,4970139476,56,4970139476,1800,4970139476,1785,4970139476,1745,4970139476,1635,4970139476,1734,4970139476,1073,4970139476,1075,4970139476,1081,4970139476,1048,4970139476,1060,4970139476,200021,4970139476,200029,4970139476,200027,4970139476,200026,4970139476,200029
1537,10,8,32,3441841508,4763494706,10,3441841508,7,3441841508,68,3441841508,1759,3441841508,1721,3441841508,1705,3441841508,1831,3441841508,1698,3441841508,1065,3441841508,1066,3441841508,1062,3441841508,1050,3441841508,1076,3441841508,200019,3441841508,200030,3441841508,200028,3441841508,200027,3441841508,200027
1538,10,8,32,3213395657,4378854776,10,3213395657,7,3213395657,56,3213395657,1707,3213395657,1710,3213395657,2067,3213395657,1705,3213395657,1709,3213395657,1072,3213395657,1047,3213395657,1047,3213395657,1041,3213395657,1030,3213395657,200019,3213395657,200028,3213395657,200028,3213395657,200029,3213395657,200029
1539,10,8,32,4677666321,5069041456,13,4677666321,9,4677666321,70,4677666321,1696,4677666321,1802,4677666321,1720,4677666321,1813,4677666321,1782,4677666321,1307,4677666321,1036,4677666321,1067,4677666321,1036,4677666321,1051,4677666321,200018,4677666321,200027,4677666321,200027,4677666321,200028,4677666321,200026
1540,10,8,32,2933441327,4311936877,10,2933441327,7,2933441327,60,2933441327,1708,2933441327,1755,2933441327,1712,2933441327,1865,2933441327,1817,2933441327,1114,2933441327,1057,2933441327,1056,2933441327,1061,2933441327,1079,2933441327,200021,2933441327,200029,2933441327,200028,2933441327,200031,2933441327,200028
1541,11,8,4,21,30,9,21,8,21,49,21,345,21,344,21,348,21,318,21,317,21,1003,21,1000,21,1026,21,1015,21,1008,21,200019,21,200032,21,200028,21,200031,21,200033
1542,11,8,4,21,24,10,21,8,21,48,21,348,21,320,21,331,21,319,21,324,21,1124,21,1133,21,988,21,1000,21,1015,21,200017,21,200028,21,200027,21,200030,21,200028
1543,11,8,4,12,14,9,12,8,12,42,12,349,12,350,12,325,12,357,12,325,12,1038,12,1016,12,1018,12,1039,12,1002,12,200018,12,200027,12,200027,12,200030,12,200027
1544,11,8,4,18,19,10,18,7,18,47,18,343,18,338,18,349,18,326,18,329,18,1053,18,1031,18,1010,18,1029,18,1034,18,200017,18,200028,18,200030,18,200029,18,200025
1545,11,8,4,12,18,11,12,8,12,41,12,342,12,339,12,321,12,315,12,324,12,1013,12,1048,12,1016,12,1014,12,1022,12,200018,12,200029,12,200029,12,200028,12,200030
1546,11,8,8,186,228,14,186,10,186,78,186,340,186,320,186,318,186,319,186,337,186,1134,186,1050,186,1041,186,1009,186,1001,186,200020,186,200029,186,200026,186,200029,186,200029
1547,11,8,8,206,261,13,206,9,206,76,206,339,206,321,206,337,206,319,206,330,206,1169,206,1018,206,989,206,1054,206,1021,206,200018,206,200027,206,200029,206,200032,206,200029
1548,11,8,8,335,421,10,335,8,335,61,335,352,335,319,335,315,335,318,335,361,335,1028,335,994,335,985,335,994,335,1016,335,200018,335,200027,335,200027,335,200029,335,200029
1549,11,8,8,335,478,9,335,8,335,61,335,351,335,318,335,333,335,314,335,315,335,1021,335,1040,335,1020,335,1010,335,1013,335,200018,335,200028,335,200032,335,200027,335,200028
1550,11,8,8,331,494,10,331,8,331,62,331,339,331,316,331,326,331,342,331,324,331,1000,331,1018,331,1009,331,1019,331,1002,331,200018,331,200029,331,200027,331,200028,331,200027
1551,11,8,16,81085,120709,10,81085,8,81085,61,81085,347,81085,342,81085,323,81085,333,81085,325,81085,1035,81085,1007,81085,1017,81085,1054,81085,1026,81085,200020,81085,200029,81085,200029,81085,200029,81085,200027
1552,11,8,16,55284,78074,10,55284,8,55645,61,55284,343,55284,337,55284,324,55284,332,55284,318,55284,1029,55284,1035,55284,1021,55284,1020,55284,995,55284,200018,55284,200028,55284,200027,55284,200029,55284,200029
1553,11,8,16,57073,74398,10,57073,7,57073,56,57073,323,57073,389,57073,306,57073,338,57073,306,57073,959,57073,956,57073,957,57073,1203,57073,1039,57073,200019,57073,200028,57073,200027,57073,200027,57073,200029
1554,11,8,16,75240,103791,10,75240,7,75240,61,75240,380,75240,450,75240,450,75240,351,75240,333,75240,1007,75240,1026,75240,991,75240,1012,75240,989,75240,200021,75240,200027,75240,200030,75240,200027,75240,200028
1555,11,8,16,89791,97542,10,89791,7,89791,60,89791,342,89791,319,89791,322,89791,331,89791,422,89791,1008,89791,992,89791,1015,89791,1017,89791,1020,89791,200033,89791,200029,89791,200026,89791,200027,89791,200027
1556,11,8,32,5098701440,7280499802,10,5098701440,8,5098701440,61,5098701440,1913,5098701440,1878,5098701440,1808,5098701440,1766,5098701440,1755,5098701440,1012,5098701440,1036,5098701440,1008,5098701440,1028,5098701440,1017,5098701440,200019,5098701440,200030,5098701440,200028,5098701440,200029,5098701440,200029
1557,11,8,32,5320374300,7455371281,10,5320374300,8,5320374300,61,5320374300,1810,5320374300,1812,5320374300,1816,5320374300,1980,5320374300,1804,5320374300,1091,5320374300,1123,5320374300,1028,5320374300,1017,5320374300,1035,5320374300,200021,5320374300,200031,5320374300,200030,5320374300,200030,5320374300,200029
1558,11,8,32,5224344054,7471095919,10,5224344054,8,5224344054,60,5224344054,1890,5224344054,1830,5224344054,1825,5224344054,1741,5224344054,2034,5224344054,1017,5224344054,1037,5224344054,1032,5224344054,1006,5224344054,1018,5224344054,200033,5224344054,200028,5224344054,200029,5224344054,200029,5224344054,200029
1559,11,8,32,3002227585,4698109944,10,3002227585,8,3002227585,61,3002227585,1887,3002227585,1766,3002227585,1763,3002227585,1783,3002227585,1762,3002227585,988,3002227585,998,3002227585,996,3002227585,1034,3002227585,989,3002227585,200019,3002227585,200027,3002227585,200026,3002227585,200028,3002227585,200029
1560,11,8,32,3593103738,4738512932,11,3593103738,7,3593103738,61,3593103738,1825,3593103738,1873,3593103738,1893,3593103738,1794,3593103738,1779,3593103738,1021,3593103738,1045,3593103738,997,3593103738,1004,3593103738,985,3593103738,200019,3593103738,200032,3593103738,200036,3593103738,200027,3593103738,200030
1561,12,8,4,22,31,10,22,8,22,48,22,339,22,326,22,323,22,324,22,322,22,931,22,925,22,943,22,942,22,921,22,200023,22,200035,22,200032,22,200030,22,200030
1562,12,8,4,15,22,10,15,9,15,45,15,378,15,337,15,352,15,345,15,344,15,1019,15,1007,15,1006,15,974,15,1010,15,200021,15,200036,15,200029,15,200029,15,200031
1563,12,8,4,22,32,10,22,8,22,51,22,378,22,337,22,342,22,333,22,342,22,1025,22,982,22,996,22,993,22,985,22,200020,22,200029,22,200031,22,200054,22,200028
1564,12,8,4,18,29,11,18,8,18,52,18,361,18,352,18,360,18,372,18,333,18,1007,18,968,18,1001,18,1080,18,997,18,200019,18,200029,18,200032,18,200030,18,200030
1565,12,8,4,16,21,11,16,8,16,51,16,377,16,337,16,348,16,341,16,362,16,1008,16,988,16,1005,16,986,16,1334,16,200018,16,200031,16,200030,16,200027,16,200026
1566,12,8,8,223,372,10,223,10,223,67,223,371,223,435,223,338,223,343,223,340,223,972,223,988,223,975,223,988,223,1038,223,200019,223,200029,223,200030,223,200028,223,200030
1567,12,8,8,205,312,11,205,8,205,66,205,370,205,338,205,352,205,336,205,334,205,999,205,989,205,976,205,975,205,984,205,200019,205,200029,205,200029,205,200028,205,200028
1568,12,8,8,354,572,10,354,8,354,65,354,384,354,344,354,338,354,345,354,361,354,996,354,1239,354,1005,354,991,354,992,354,200020,354,200029,354,200028,354,200028,354,200030
1569,12,8,8,259,412,10,259,8,259,64,259,477,259,478,259,464,259,404,259,398,259,1005,259,989,259,983,259,995,259,1148,259,200021,259,200026,259,200028,259,200029,259,200030
1570,12,8,8,365,487,10,365,8,367,66,365,354,365,356,365,344,365,356,365,343,365,984,365,987,365,980,365,982,365,979,365,200020,365,200027,365,200028,365,200030,365,200030
1571,12,8,16,60704,90688,11,60704,9,60704,65,60704,361,60704,336,60704,335,60704,362,60704,331,60704,1003,60704,997,60704,993,60704,998,60704,995,60704,200020,60704,200031,60704,200029,60704,200030,60704,200026
1572,12,8,16,94841,109532,10,94841,8,94841,62,94841,349,94841,324,94841,323,94841,316,94841,353,94841,950,94841,950,94841,923,94841,906,94841,931,94841,200018,94841,200027,94841,200028,94841,200029,94841,200027
1573,12,8,16,49840,65472,10,49840,8,49840,65,49840,384,49840,342,49840,362,49840,335,49840,334,49840,989,49840,984,49840,1000,49840,980,49840,977,49840,200019,49840,200030,49840,200030,49840,200031,49840,200030
1574,12,8,16,74117,100951,10,74117,8,74117,65,74117,375,74117,350,74117,336,74117,334,74117,376,74117,1004,74117,975,74117,1013,74117,1140,74117,1067,74117,200018,74117,200029,74117,200031,74117,200028,74117,200030
1575,12,8,16,50259,69210,10,50259,8,50259,66,50259,366,50259,336,50259,337,50259,334,50259,352,50259,997,50259,968,50259,982,50259,982,50259,980,50259,200027,50259,200029,50259,200029,50259,200033,50259,200029
1576,12,8,32,3957157222,4717963693,11,3957157222,9,3957157222,65,3957157222,1955,3957157222,1916,3957157222,2024,3957157222,1880,3957157222,1840,3957157222,1008,3957157222,985,3957157222,956,3957157222,997,3957157222,993,3957157222,200022,3957157222,200032,3957157222,200033,3957157222,200028,3957157222,200029
1577,12,8,32,4417713476,5612856406,10,4417713476,8,4419972125,65,4417713476,1915,4417713476,1898,4417713476,1978,4417713476,1856,4417713476,2086,4417713476,1004,4417713476,989,4417713476,978,4417713476,968,4417713476,969,4417713476,200030,4417713476,200027,4417713476,200029,4417713476,200026,4417713476,200030
1578,12,8,32,5078638672,7171509411,14,5078638672,11,5117338300,80,5078638672,1875,5078638672,1845,5078638672,1966,5078638672,2120,5078638672,1942,5078638672,1085,5078638672,976,5078638672,1013,5078638672,1012,5078638672,964,5078638672,200022,5078638672,200027,5078638672,200029,5078638672,200030,5078638672,200027
1579,12,8,32,5136477588,8074619634,10,5136477588,9,5136477588,66,5136477588,1874,5136477588,1892,5136477588,1851,5136477588,2204,5136477588,1976,5136477588,1001,5136477588,988,5136477588,984,5136477588,999,5136477588,987,5136477588,200022,5136477588,200028,5136477588,200029,5136477588,200029,5136477588,200027
1580,12,8,32,5319995847,7602433953,9,5319995847,8,5319995847,61,5319995847,1974,5319995847,1911,5319995847,1889,5319995847,2752,5319995847,1856,5319995847,1121,5319995847,942,5319995847,969,5319995847,1006,5319995847,972,5319995847,200020,5319995847,200030,5319995847,200027,5319995847,200029,5319995847,200029
1581,13,8,4,23,34,11,23,9,23,55,23,389,23,359,23,366,23,360,23,356,23,990,23,958,23,967,23,974,23,1091,23,200021,23,200029,23,200029,23,200029,23,200030
1582,13,8,4,16,23,11,16,9,16,54,16,754,16,365,16,370,16,353,16,378,16,974,16,988,16,970,16,978,16,977,16,200048,16,200030,16,200029,16,200030,16,200030
1583,13,8,4,23,27,11,23,8,23,54,23,385,23,366,23,363,23,381,23,377,23,978,23,978,23,982,23,945,23,973,23,200021,23,200027,23,200028,23,200030,23,200029
1584,13,8,4,17,24,10,17,9,17,54,17,389,17,365,17,395,17,352,17,357,17,951,17,972,17,963,17,996,17,980,17,200018,17,200030,17,200027,17,200030,17,200030
1585,13,8,4,14,19,13,14,11,14,77,14,383,14,370,14,354,14,367,14,360,14,987,14,961,14,963,14,944,14,961,14,200021,14,200029,14,200028,14,200030,14,200029
1586,13,8,8,231,324,11,231,8,231,69,231,411,231,378,231,365,231,373,231,377,231,987,231,998,231,965,231,969,231,950,231,200043,231,200032,231,200032,231,200028,231,200029
1587,13,8,8,349,500,11,349,10,349,69,349,399,349,354,349,368,349,368,349,353,349,985,349,996,349,943,349,945,349,970,349,200020,349,200032,349,200029,349,200027,349,200031
1588,13,8,8,210,271,11,210,9,210,70,210,412,210,366,210,354,210,356,210,353,210,996,210,966,210,975,210,972,210,967,210,200027,210,200033,210,200031,210,200027,210,200067
1589,13,8,8,412,636,11,412,9,412,69,412,380,412,366,412,420,412,458,412,416,412,986,412,945,412,978,412,972,412,969,412,200021,412,200028,412,200031,412,200028,412,200028
1590,13,8,8,335,374,11,335,8,335,70,335,381,335,359,335,362,335,396,335,349,335,975,335,1003,335,967,335,969,335,990,335,200021,335,200027,335,200035,335,200029,335,200029
1591,13,8,16,87809,102815,11,87809,9,87809,71,87809,378,87809,370,87809,407,87809,370,87809,360,87809,987,87809,1003,87809,950,87809,969,87809,965,87809,200020,87809,200028,87809,200028,87809,200028,87809,200027
1592,13,8,16,71142,110155,11,71142,9,71265,70,71142,388,71142,368,71142,428,71142,376,71142,370,71142,964,71142,977,71142,969,71142,975,71142,971,71142,200019,71142,200028,71142,200028,71142,200029,71142,200030
1593,13,8,16,76336,103301,10,76336,9,76336,71,76336,390,76336,351,76336,363,76336,374,76336,355,76336,993,76336,967,76336,963,76336,971,76336,968,76336,200029,76336,200028,76336,200031,76336,200028,76336,200028
1594,13,8,16,60000,66594,11,60000,9,60000,70,60000,381,60000,364,60000,360,60000,372,60000,367,60000,1012,60000,959,60000,966,60000,969,60000,981,60000,200021,60000,200029,60000,200030,60000,200029,60000,200027
1595,13,8,16,70496,91507,12,70496,9,70496,70,70496,402,70496,379,70496,355,70496,376,70496,355,70496,1080,70496,1026,70496,976,70496,980,70496,961,70496,200019,70496,200030,70496,200029,70496,200029,70496,200028
1596,13,8,32,4859140394,5415231928,12,4859140394,9,4859140394,81,4859140394,2037,4859140394,2221,4859140394,2112,4859140394,2064,4859140394,1992,4859140394,979,4859140394,957,4859140394,988,4859140394,964,4859140394,954,4859140394,200022,4859140394,200029,4859140394,200029,4859140394,200031,4859140394,200030
1597,13,8,32,6003794687,7411509145,11,6003794687,9,6004280560,69,6003794687,1994,6003794687,1942,6003794687,2087,6003794687,1985,6003794687,1989,6003794687,979,6003794687,993,6003794687,983,6003794687,994,6003794687,979,6003794687,200022,6003794687,200029,6003794687,200030,6003794687,200029,6003794687,200028
1598,13,8,32,3815332323,5577479114,11,3815332323,9,3841106633,70,3815332323,2008,3815332323,2283,3815332323,1969,3815332323,2005,3815332323,2100,3815332323,969,3815332323,968,3815332323,946,3815332323,987,3815332323,954,3815332323,200021,3815332323,200036,3815332323,200029,3815332323,200027,3815332323,200030
1599,13,8,32,5558288575,7273142733,11,5558288575,9,5558288575,70,5558288575,1964,5558288575,2004,5558288575,2009,5558288575,2050,5558288575,2059,5558288575,974,5558288575,971,5558288575,997,5558288575,972,5558288575,984,5558288575,200021,5558288575,200030,5558288575,200029,5558288575,200028,5558288575,200029
1600,13,8,32,6790667749,10098878424,11,6790667749,9,6790667749,70,6790667749,1982,6790667749,2140,6790667749,1964,6790667749,1961,6790667749,2019,6790667749,1009,6790667749,953,6790667749,967,6790667749,1159,6790667749,1076,6790667749,200023,6790667749,200029,6790667749,200030,6790667749,200033,6790667749,200036
1601,14,8,4,15,22,12,15,9,15,50,15,406,15,380,15,386,15,370,15,384,15,957,15,937,15,958,15,953,15,951,15,200019,15,200029,15,200030,15,200031,15,200029
1602,14,8,4,19,29,12,19,10,19,58,19,401,19,374,19,409,19,384,19,530,19,955,19,968,19,965,19,946,19,943,19,200032,19,200028,19,200033,19,200029,19,200030
1603,14,8,4,14,20,12,14,9,14,52,14,412,14,374,14,381,14,373,14,380,14,956,14,952,14,965,14,947,14,949,14,200027,14,200028,14,200029,14,200029,14,200032
1604,14,8,4,21,31,11,21,9,21,60,21,408,21,374,21,406,21,383,21,369,21,945,21,951,21,950,21,954,21,951,21,200019,21,200028,21,200031,21,200027,21,200028
1605,14,8,4,18,25,11,18,9,18,60,18,484,18,472,18,510,18,384,18,386,18,967,18,948,18,962,18,954,18,951,18,200021,18,200027,18,200029,18,200033,18,200032
1606,14,8,8,445,599,11,445,10,446,74,445,415,445,404,445,372,445,370,445,391,445,976,445,984,445,968,445,940,445,968,445,200021,445,200029,445,200026,445,200027,445,200029
1607,14,8,8,231,313,11,231,10,231,74,231,401,231,430,231,397,231,374,231,406,231,981,231,1305,231,951,231,947,231,962,231,200020,231,200034,231,200028,231,200028,231,200027
1608,14,8,8,352,466,12,352,9,352,74,352,402,352,396,352,375,352,372,352,403,352,946,352,952,352,1293,352,944,352,958,352,200019,352,200028,352,200030,352,200029,352,200031
1609,14,8,8,342,477,11,342,9,342,75,342,414,342,404,342,399,342,415,342,388,342,964,342,944,342,938,342,1299,342,942,342,200022,342,200223,342,200030,342,200031,342,200044
1610,14,8,8,269,356,11,269,9,271,74,269,405,269,376,269,381,269,383,269,398,269,954,269,955,269,956,269,963,269,1329,269,200021,269,200030,269,200029,269,200030,269,200032
1611,14,8,16,68177,104420,12,68177,10,68563,73,68177,413,68177,494,68177,392,68177,385,68177,378,68177,983,68177,942,68177,956,68177,982,68177,994,68177,200022,68177,200030,68177,200031,68177,200029,68177,200032
1612,14,8,16,64183,74062,11,64183,10,64549,83,64183,423,64183,375,64183,394,64183,384,64183,495,64183,963,64183,962,64183,992,64183,950,64183,955,64183,200024,64183,200028,64183,200030,64183,200064,64183,200028
1613,14,8,16,91283,112226,12,91283,9,91283,75,91283,405,91283,389,91283,417,91283,387,91283,382,91283,949,91283,974,91283,940,91283,948,91283,937,91283,200023,91283,200031,91283,200030,91283,200030,91283,200028
1614,14,8,16,73574,92443,12,73574,9,73574,74,73574,401,73574,382,73574,390,73574,373,73574,378,73574,930,73574,932,73574,982,73574,938,73574,961,73574,200022,73574,200031,73574,200037,73574,200035,73574,200030
1615,14,8,16,82255,110085,11,82255,9,82596,72,82255,395,82255,378,82255,372,82255,367,82255,383,82255,966,82255,953,82255,962,82255,959,82255,945,82255,200021,82255,200031,82255,200030,82255,200031,82255,200060
1616,14,8,32,5950160753,7666318949,11,5950160753,10,5950160753,73,5950160753,2106,5950160753,2065,5950160753,2042,5950160753,2075,5950160753,2073,5950160753,944,5950160753,930,5950160753,951,5950160753,931,5950160753,949,5950160753,200021,5950160753,200027,5950160753,200037,5950160753,200030,5950160753,200031
1617,14,8,32,6145260802,9764133912,15,6145260802,13,6145260802,106,6145260802,2061,6145260802,2102,6145260802,2095,6145260802,2171,6145260802,2096,6145260802,1059,6145260802,939,6145260802,983,6145260802,938,6145260802,1004,6145260802,200021,6145260802,200028,6145260802,200029,6145260802,200031,6145260802,200032
1618,14,8,32,5184358124,8281543281,11,5184358124,10,5184358124,74,5184358124,2074,5184358124,2051,5184358124,2139,5184358124,2481,5184358124,2161,5184358124,1008,5184358124,948,5184358124,943,5184358124,928,5184358124,941,5184358124,200022,5184358124,200030,5184358124,200030,5184358124,200029,5184358124,200031
1619,14,8,32,5285323092,8748515871,12,5285323092,10,5293974177,74,5285323092,2117,5285323092,2109,5285323092,2238,5285323092,2115,5285323092,2233,5285323092,957,5285323092,962,5285323092,961,5285323092,934,5285323092,944,5285323092,200024,5285323092,200029,5285323092,200031,5285323092,200029,5285323092,200029
1620,14,8,32,4112748322,5689516735,11,4112748322,9,4112748322,75,4112748322,2107,4112748322,2108,4112748322,2053,4112748322,2078,4112748322,2307,4112748322,952,4112748322,987,4112748322,1244,4112748322,951,4112748322,932,4112748322,200026,4112748322,200029,4112748322,200035,4112748322,200032,4112748322,200030
1621,15,8,4,24,34,12,24,10,24,61,24,424,24,418,24,736,24,464,24,392,24,946,24,944,24,922,24,924,24,934,24,200020,24,200029,24,200030,24,200029,24,200031
1622,15,8,4,21,32,12,21,10,21,61,21,457,21,393,21,416,21,394,21,407,21,937,21,932,21,923,21,914,21,932,21,200023,21,200032,21,200032,21,200030,21,200029
1623,15,8,4,27,44,12,27,10,27,62,27,450,27,388,27,398,27,390,27,395,27,957,27,928,27,933,27,927,27,927,27,200021,27,200030,27,200029,27,200043,27,200030
1624,15,8,4,27,34,12,27,10,27,60,27,423,27,407,27,385,27,441,27,386,27,938,27,926,27,927,27,952,27,907,27,200021,27,200032,27,200032,27,200042,27,200032
1625,15,8,4,20,23,12,20,14,20,62,20,412,20,406,20,387,20,397,20,402,20,933,20,947,20,943,20,908,20,958,20,200021,20,200029,20,200030,20,200029,20,200030
1626,15,8,8,360,501,12,360,10,360,77,360,426,360,419,360,394,360,411,360,396,360,937,360,934,360,907,360,936,360,916,360,200021,360,200033,360,200031,360,200029,360,200030
1627,15,8,8,355,567,12,355,10,356,78,355,420,355,391,355,410,355,508,355,532,355,929,355,921,355,948,355,929,355,918,355,200025,355,200028,355,200030,355,200050,355,200031
1628,15,8,8,320,414,12,320,10,320,79,320,446,320,398,320,403,320,408,320,411,320,960,320,933,320,932,320,951,320,924,320,200020,320,200031,320,200031,320,200029,320,200030
1629,15,8,8,342,482,12,342,10,343,78,342,412,342,414,342,410,342,398,342,395,342,949,342,916,342,917,342,936,342,952,342,200022,342,200041,342,200028,342,200031,342,200031
1630,15,8,8,461,613,12,461,10,461,83,461,427,461,404,461,387,461,413,461,402,461,961,461,945,461,967,461,926,461,964,461,200020,461,200030,461,200068,461,200028,461,200028
1631,15,8,16,120303,152536,12,120303,10,121096,85,120303,427,120303,414,120303,391,120303,398,120303,397,120303,943,120303,941,120303,930,120303,896,120303,934,120303,200022,120303,200027,120303,200030,120303,200027,120303,200057
1632,15,8,16,107397,130663,12,107397,10,107397,79,107397,437,107397,396,107397,396,107397,396,107397,404,107397,937,107397,954,107397,944,107397,932,107397,925,107397,200022,107397,200032,107397,200029,107397,200030,107397,200029
1633,15,8,16,115662,147231,12,115662,10,115862,82,115662,414,115662,431,115662,408,115662,409,115662,411,115662,963,115662,926,115662,1024,115662,941,115662,951,115662,200021,115662,200030,115662,200028,115662,200045,115662,200031
1634,15,8,16,117825,167895,12,117825,11,118231,78,117825,432,117825,391,117825,407,117825,437,117825,409,117825,951,117825,937,117825,948,117825,950,117825,936,117825,200020,117825,200031,117825,200030,117825,200031,117825,200030
1635,15,8,16,63316,100667,12,63316,10,63607,78,63316,438,63316,400,63316,405,63316,395,63316,389,63316,923,63316,944,63316,930,63316,906,63316,924,63316,200022,63316,200028,63316,200032,63316,200029,63316,200035
1636,15,8,32,6913863320,10464190610,19,6913863320,10,6913863320,77,6913863320,2247,6913863320,2208,6913863320,2301,6913863320,2905,6913863320,2164,6913863320,929,6913863320,978,6913863320,952,6913863320,948,6913863320,967,6913863320,200021,6913863320,200033,6913863320,200030,6913863320,200030,6913863320,200029
1637,15,8,32,6182032479,9238882623,12,6182032479,10,6223200730,77,6182032479,2202,6182032479,2116,6182032479,2192,6182032479,2198,6182032479,2151,6182032479,942,6182032479,928,6182032479,922,6182032479,933,6182032479,1033,6182032479,200023,6182032479,200030,6182032479,200031,6182032479,200030,6182032479,200031
1638,15,8,32,4649150827,5215812165,12,4649150827,10,4649150827,79,4649150827,2227,4649150827,2155,4649150827,2110,4649150827,2208,4649150827,2164,4649150827,975,4649150827,967,4649150827,941,4649150827,944,4649150827,937,4649150827,200025,4649150827,200030,4649150827,200031,4649150827,200030,4649150827,200035
1639,15,8,32,6838850418,7737805128,12,6838850418,10,6838850418,77,6838850418,2286,6838850418,2251,6838850418,2225,6838850418,2198,6838850418,2492,6838850418,940,6838850418,945,6838850418,944,6838850418,934,6838850418,934,6838850418,200024,6838850418,200031,6838850418,200036,6838850418,200031,6838850418,200030
1640,15,8,32,6328523827,10093069936,11,6328523827,10,6329047971,79,6328523827,2147,6328523827,2203,6328523827,2122,6328523827,2420,6328523827,2279,6328523827,969,6328523827,934,6328523827,939,6328523827,921,6328523827,969,6328523827,200024,6328523827,200030,6328523827,200031,6328523827,200031,6328523827,200031
1641,16,8,4,18,23,12,18,10,18,63,18,442,18,412,18,428,18,416,18,405,18,990,18,965,18,959,18,959,18,936,18,200022,18,200032,18,200030,18,200029,18,200029
1642,16,8,4,17,21,11,17,10,17,61,17,406,17,398,17,390,17,377,17,402,17,921,17,939,17,895,17,921,17,891,17,200020,17,200029,17,200036,17,200028,17,200031
1643,16,8,4,27,31,12,27,10,27,65,27,436,27,415,27,410,27,416,27,417,27,977,27,983,27,959,27,959,27,958,27,200019,27,200031,27,200030,27,200029,27,200031
1644,16,8,4,29,46,13,29,10,29,66,29,435,29,411,29,411,29,418,29,422,29,966,29,962,29,945,29,953,29,946,29,200022,29,200032,29,200030,29,200031,29,200034
1645,16,8,4,30,41,16,30,13,30,82,30,436,30,415,30,429,30,408,30,415,30,963,30,950,30,936,30,935,30,950,30,200019,30,200033,30,200031,30,200031,30,200030
1646,16,8,8,394,555,13,394,10,397,83,394,444,394,485,394,417,394,416,394,422,394,987,394,970,394,942,394,944,394,969,394,200022,394,200028,394,200029,394,200031,394,200029
1647,16,8,8,362,534,12,362,10,362,83,362,449,362,418,362,409,362,414,362,408,362,942,362,961,362,1019,362,962,362,959,362,200024,362,200037,362,200030,362,200029,362,200032
1648,16,8,8,287,412,13,287,11,289,82,287,443,287,411,287,476,287,444,287,517,287,966,287,979,287,998,287,943,287,962,287,200024,287,200031,287,200028,287,200032,287,200038
1649,16,8,8,462,761,12,462,18,464,81,462,442,462,429,462,418,462,426,462,439,462,965,462,963,462,971,462,965,462,985,462,200023,462,200031,462,200030,462,200033,462,200030
1650,16,8,8,450,600,12,450,11,452,83,450,440,450,408,450,420,450,411,450,410,450,945,450,927,450,936,450,1006,450,949,450,200021,450,200030,450,200031,450,200042,450,200030
1651,16,8,16,75559,121720,12,75559,10,76006,84,75559,433,75559,422,75559,410,75559,451,75559,414,75559,946,75559,947,75559,942,75559,946,75559,929,75559,200022,75559,200032,75559,200034,75559,200032,75559,200029
1652,16,8,16,90929,126426,12,90929,10,90929,81,90929,447,90929,415,90929,408,90929,442,90929,415,90929,1056,90929,970,90929,930,90929,922,90929,931,90929,200021,90929,200030,90929,200029,90929,200055,90929,200031
1653,16,8,16,99337,136955,13,99337,10,99337,83,99337,469,99337,452,99337,420,99337,409,99337,441,99337,936,99337,960,99337,936,99337,960,99337,1160,99337,200022,99337,200033,99337,200032,99337,200034,99337,200031
1654,16,8,16,98984,125080,12,98984,10,99574,83,98984,451,98984,420,98984,430,98984,451,98984,436,98984,1027,98984,977,98984,1071,98984,975,98984,965,98984,200022,98984,200031,98984,200028,98984,200040,98984,200032
1655,16,8,16,70233,86865,15,70233,14,70596,101,70233,443,70233,454,70233,443,70233,428,70233,409,70233,1130,70233,934,70233,1002,70233,943,70233,953,70233,200022,70233,200030,70233,200029,70233,200029,70233,200031
1656,16,8,32,4708209764,6798203133,12,4708209764,11,4736374122,82,4708209764,2264,4708209764,2355,4708209764,2313,4708209764,2232,4708209764,2255,4708209764,1110,4708209764,1068,4708209764,1110,4708209764,954,4708209764,937,4708209764,200023,4708209764,200031,4708209764,200033,4708209764,200030,4708209764,200029
1657,16,8,32,6953670438,10201210713,12,6953670438,10,6995535845,82,6953670438,2232,6953670438,2323,6953670438,2276,6953670438,2343,6953670438,2289,6953670438,937,6953670438,966,6953670438,934,6953670438,958,6953670438,966,6953670438,200023,6953670438,200029,6953670438,200031,6953670438,200030,6953670438,200029
1658,16,8,32,8017394874,12358365918,12,8017394874,10,8028878733,82,8017394874,2468,8017394874,2238,8017394874,2225,8017394874,2437,8017394874,2384,8017394874,954,8017394874,943,8017394874,966,8017394874,923,8017394874,945,8017394874,200033,8017394874,200030,8017394874,200030,8017394874,200030,8017394874,200030
1659,16,8,32,5287589284,7990525956,13,5287589284,10,5309918614,81,5287589284,2281,5287589284,2474,5287589284,2441,5287589284,2423,5287589284,3149,5287589284,944,5287589284,1191,5287589284,950,5287589284,963,5287589284,968,5287589284,200027,5287589284,200032,5287589284,200030,5287589284,200028,5287589284,200028
1660,16,8,32,8508430239,10866527937,12,8508430239,10,8564862125,82,8508430239,2246,8508430239,2233,8508430239,2379,8508430239,2260,8508430239,2283,8508430239,929,8508430239,929,8508430239,961,8508430239,950,8508430239,935,8508430239,200023,8508430239,200040,8508430239,200035,8508430239,200028,8508430239,200030
1661,17,8,4,31,39,15,32,14,31,82,32,2404,31,2395,32,2318,32,2282,32,2668,31,1274,31,1553,32,961,31,1385,32,973,31,179,31,382,31,39,31,152,31,157
1662,17,8,4,27,38,9,27,10,27,64,27,450,27,442,27,426,27,436,27,432,27,996,27,998,27,986,27,1013,27,971,27,200022,27,200031,27,200032,27,200032,27,200033
1663,17,8,4,25,29,13,25,12,25,67,25,456,25,432,25,431,25,424,25,424,25,1013,25,964,25,961,25,970,25,936,25,200022,25,200031,25,200050,25,200033,25,200032
1664,17,8,4,19,23,13,19,12,19,68,19,479,19,429,19,427,19,424,19,442,19,965,19,949,19,939,19,960,19,963,19,200021,19,200031,19,200060,19,200041,19,200031
1665,17,8,4,23,32,13,23,11,23,67,23,448,23,445,23,455,23,427,23,443,23,999,23,934,23,939,23,962,23,998,23,200022,23,200035,23,200032,23,200032,23,200030
1666,17,8,8,448,621,13,450,17,448,95,450,2417,450,2359,450,2347,450,2309,450,2291,450,1005,450,939,450,975,450,985,450,968,448,31,448,29,448,29,448,28,448,28
1667,17,8,8,485,665,10,485,10,488,94,485,480,485,426,485,437,485,444,485,432,485,979,485,1014,485,963,485,987,485,1025,485,200023,485,200033,485,200031,485,200033,485,200032
1668,17,8,8,397,501,13,397,11,400,85,397,458,397,432,397,435,397,437,397,425,397,965,397,941,397,957,397,961,397,959,397,200022,397,200034,397,200034,397,200031,397,200032
1669,17,8,8,275,427,14,275,12,277,139,275,461,275,435,275,429,275,453,275,443,275,1142,275,978,275,1037,275,1000,275,970,275,200020,275,200031,275,200034,275,200033,275,200035
1670,17,8,8,397,637,12,400,11,399,93,397,2346,400,2345,400,2466,400,2343,400,2401,400,943,400,946,397,1462,397,1132,400,975,397,32,397,28,397,42,397,29,397,29
1671,17,8,16,120009,154669,9,120009,10,120092,85,120009,487,120009,437,120009,465,120009,465,120009,520,120009,984,120009,953,120009,963,120009,1025,120009,1072,120009,200037,120009,200031,120009,200033,120009,200033,120009,200030
1672,17,8,16,134248,207946,12,141318,13,134968,82,134248,5088,139871,3769,141037,3676,134248,7557,134248,4231,137236,1287,141318,889,134248,1608,139906,1080,134248,2193,134248,32,134248,27,134248,26,134248,29,134248,28
1673,17,8,16,122783,175772,9,124230,9,122844,79,124230,2825,124230,2385,124230,2448,124230,2213,124230,2159,122783,1609,122783,1508,122783,1352,124230,953,124230,935,122783,163,122783,66,122783,27,122783,234,122783,49
1674,17,8,16,127011,184122,8,130585,9,127834,78,127011,2683,130585,2281,130585,2186,127011,1213,130585,2241,130585,959,127011,927,127011,1748,127011,1790,127011,2411,127011,127,127011,36,127011,27,127011,27,127011,26
1675,17,8,16,103914,136731,8,105212,9,104555,78,105212,2399,105212,2207,105212,2219,105212,2208,105212,2251,104447,1240,104888,887,104355,1730,104888,1231,104888,1405,103914,50,103914,39,103914,103,103914,227,103914,164
1676,17,8,32,4837691721,7276524721,9,5126840726,10,4837691721,78,4997550434,5466,4997550434,4723,4997550434,4455,5126840726,2359,4997550434,4448,4882650206,1529,4997550434,1373,4997550434,1691,4882650206,1452,4897029483,1868,4837691721,50,4837691721,44,4837691721,84,4837691721,163,4837691721,82
1677,17,8,32,8874686615,12316462876,9,9351782860,10,8911969095,84,9220994021,4393,9351782860,2430,9203341254,5115,9351782860,2677,9351782860,2337,8874686615,1660,9137341236,1320,8874686615,1869,8874686615,1716,8874686615,1925,8874686615,38,8874686615,34,8874686615,41,8874686615,44,8874686615,29
1678,17,8,32,7271646418,12213099256,9,7474003538,10,7324373588,83,7474003538,2394,7474003538,2521,7474003538,2342,7474003538,2413,7474003538,2517,7354530314,1531,7354530314,1584,7354530314,1810,7474003538,957,7474003538,943,7271646418,31,7271646418,30,7271646418,38,7271646418,30,7271646418,28
1679,17,8,32,8074118224,13346105222,9,8219480163,10,8132550572,84,8219480163,2604,8219480163,2441,8168588429,4426,8219480163,2345,8219480163,2697,8219480163,1010,8132550572,2059,8219480163,1060,8132550572,2246,8219480163,980,8074118224,738,8074118224,40,8074118224,269,8074118224,64,8074118224,40
1680,17,8,32,9111985351,12183115234,9,9111985351,10,9132782990,84,9111985351,2317,9111985351,2296,9111985351,2335,9111985351,2759,9111985351,2816,9111985351,1281,9111985351,985,9111985351,1178,9111985351,997,9111985351,1166,9111985351,200026,9111985351,200036,9111985351,200047,9111985351,200030,9111985351,200031
1681,18,8,4,27,38,13,28,11,27,69,27,1312,28,2529,27,2349,28,2401,28,2377,27,1471,27,1287,28,1001,28,960,27,1452,27,136,28,200022,27,150,27,228,27,328
1682,18,8,4,25,33,10,26,11,25,71,26,2894,26,2670,26,2569,26,2866,26,2372,26,989,26,990,25,1458,25,1444,26,993,25,32,25,29,25,28,25,28,25,28
1683,18,8,4,32,53,10,33,10,32,79,33,2869,33,2394,33,2615,32,1849,33,2450,32,1565,33,972,32,1379,33,979,33,1355,32,90,32,65,32,72,32,167,32,123
1684,18,8,4,18,23,9,18,10,18,68,18,449,18,481,18,495,18,511,18,475,18,1011,18,984,18,999,18,1014,18,1116,18,200024,18,200031,18,200034,18,200033,18,200033
1685,18,8,4,27,41,12,28,11,27,69,28,2479,28,2776,28,2696,28,2381,28,2847,28,972,27,948,28,1000,27,1437,27,1315,27,47,27,29,27,28,27,28,27,28
1686,18,8,8,349,560,10,366,11,354,89,351,5752,353,6613,366,3094,353,4411,353,2904,352,2286,361,2613,362,944,366,1051,352,2034,349,350,349,4803,349,193,349,61,349,169
1687,18,8,8,457,570,9,498,11,459,87,498,2716,471,7715,486,2464,469,10417,469,5237,457,2247,487,976,478,1936,478,1716,457,1481,457,1231,457,2685,457,211,457,90,457,87
1688,18,8,8,528,827,10,554,11,532,98,528,7376,554,3142,554,3161,551,5654,554,2366,528,1789,528,2029,554,1100,539,1951,554,976,528,103,528,425,528,128,528,342,528,210
1689,18,8,8,568,754,10,570,11,568,87,570,2889,570,2485,570,2394,570,2361,568,2496,570,977,570,981,570,951,570,955,570,1333,568,49,568,29,568,29,568,28,568,28
1690,18,8,8,374,508,9,381,10,375,88,381,3123,381,2395,381,2346,381,2481,381,2536,374,1608,374,1539,381,976,381,1340,381,1068,374,35,374,31,374,28,374,29,374,30
1691,18,8,16,141224,199703,10,141421,10,141918,87,141421,2403,141224,941,141224,2760,141421,2391,141289,5445,141421,983,141224,1850,141421,1379,141421,1149,141421,991,141224,37,141224,30,141224,30,141224,28,141224,28
1692,18,8,16,117204,161727,9,126036,11,119793,88,119435,10145,122124,7647,123359,4632,119793,13620,118008,6742,117204,2533,117204,2521,119760,1320,117204,2770,117398,1294,117204,149,117204,123,117204,90,117204,136,117204,63
1693,18,8,16,84635,109210,71,88822,16,84753,111,88822,3018,84635,2980,86385,8143,88822,2443,88822,2475,84635,3045,84635,1898,84635,2313,87109,1107,88080,1730,84635,192,84635,115,84635,96,84635,43,84635,229
1694,18,8,16,86784,137010,11,92394,11,89769,88,88568,4966,86784,6211,88568,3103,88568,3510,88568,3384,91710,1084,89769,1581,89769,1624,89440,1820,92394,957,86784,7263,86784,271,91607,200025,86784,1440,91607,200025
1695,18,8,16,100704,139047,13,105722,12,101227,89,105722,2674,104425,4531,105722,2733,105722,2428,105294,4069,102150,1904,102080,1085,105722,950,102949,980,101227,1243,100704,264,100704,44,100704,161,100704,519,100704,244
1696,18,8,32,6134818708,7475815773,10,6145118660,10,6144170764,88,6145118660,2988,6145118660,2580,6145118660,2371,6134818708,5231,6145118660,2349,6145118660,966,6145118660,960,6145118660,962,6145118660,943,6145118660,974,6134818708,33,6134818708,29,6134818708,29,6134818708,28,6134818708,29
1697,18,8,32,8518792929,11797876512,10,9140716003,10,8568577433,89,9043080564,4098,8568577433,4665,9043080564,3060,9140716003,2432,8636456047,4558,8518792929,2195,8518792929,2734,8518792929,1995,8636456047,1640,8636456047,1854,8518792929,202,8518792929,409,8518792929,141,8518792929,32,8518792929,141
1698,18,8,32,9607051458,14885446611,10,10230142437,10,9607365236,92,9839915945,4915,10039643207,5138,10039643207,4630,10039643207,5309,10230142437,2514,9607365236,1741,10114242692,1623,9607365236,2218,9607365236,1711,9607365236,1181,9607051458,1292,9607051458,315,9607051458,746,9607051458,363,9607051458,285
1699,18,8,32,5375481794,7936867592,10,5478694852,11,5404379098,88,5478694852,2684,5478694852,2367,5375481794,5224,5478694852,2386,5478694852,2365,5478694852,949,5478694852,974,5392006926,1805,5478694852,983,5478694852,1265,5375481794,35,5375481794,29,5375481794,29,5375481794,30,5375481794,28
1700,18,8,32,7313454365,9949556274,10,7440518305,10,7367919473,87,7440518305,2451,7440518305,2433,7440518305,2507,7404104314,4043,7440518305,2504,7440518305,967,7313454365,1577,7440518305,957,7440518305,965,7440518305,951,7313454365,33,7313454365,30,7313454365,30,7313454365,31,7313454365,30
1701,19,8,4,33,43,10,33,11,33,80,33,465,33,465,33,506,33,479,33,479,33,981,33,960,33,1001,33,963,33,973,33,200031,33,200033,33,200034,33,200031,33,200034
1702,19,8,4,19,28,13,20,12,19,73,20,2655,20,2532,20,2620,20,2505,20,2471,20,995,19,1361,20,993,20,984,19,1372,19,550,19,299,19,35,20,200022,19,470
1703,19,8,4,29,43,10,31,11,30,91,30,4781,30,3569,30,4236,30,4076,30,5334,30,1106,29,1316,30,981,30,982,29,1533,29,578,29,42,30,200021,29,504,30,200025
1704,19,8,4,22,30,12,23,13,23,93,22,1321,23,2528,22,2509,23,2486,22,2462,23,1004,23,1009,23,988,22,1365,23,984,22,32,22,31,22,29,22,30,22,28
1705,19,8,4,24,33,10,27,11,24,68,25,6290,25,4910,27,2633,26,3812,25,4710,24,1500,25,1501,24,1454,24,1458,25,1367,24,641,24,243,24,324,24,165,24,343
1706,19,8,8,397,537,10,429,11,400,90,408,4441,403,8614,408,5978,408,4839,408,4378,403,1694,412,1381,397,2326,408,1829,408,1552,397,23573,397,137762,397,9244,397,15897,397,3999
1707,19,8,8,592,652,11,612,12,596,95,594,3082,604,5326,612,2589,608,5341,612,2500,607,1857,599,2391,600,2310,599,1891,603,1545,592,1653,592,251,592,1048,592,1164,592,577
1708,19,8,8,426,602,10,464,11,429,98,464,2487,464,2644,464,2563,431,4144,464,2494,426,2360,443,1802,426,2212,440,1883,426,1886,464,200023,464,200033,464,200036,464,200031,464,200033
1709,19,8,8,346,449,14,371,13,351,94,353,5547,356,4293,357,5486,360,6024,362,5396,356,1435,350,1579,350,1780,346,2329,353,1453,346,389,346,641,346,240,346,777,346,1222
1710,19,8,8,601,822,10,631,12,605,88,613,3752,631,2449,613,5058,614,4789,631,2985,626,1345,626,2200,601,2140,601,2347,603,1723,601,106,601,259,601,54,601,463,601,69
1711,19,8,16,150356,191350,10,150356,11,151398,92,150356,481,150356,459,150356,513,150356,504,150356,481,150356,955,150356,956,150356,965,150356,954,150356,950,150356,200024,150356,200036,150356,200032,150356,200032,150356,200035
1712,19,8,16,115754,174411,13,124508,13,116643,97,124508,2663,124508,2631,118786,4746,124508,2564,124508,2533,118215,2130,121488,1282,120060,1414,121673,1533,122180,1361,121673,200024,115754,264,117593,200025,115754,80,121673,200024
1713,19,8,16,133717,182499,14,144356,13,134707,91,138982,8372,137742,7366,138416,5202,137958,11451,138982,4623,133873,2486,134994,2160,137370,1733,133717,2329,133873,2396,138416,200026,138416,200032,140611,200034,138416,200042,138416,200044
1714,19,8,16,109970,137467,13,115320,13,110649,94,115320,2579,115320,2619,115320,2593,115320,2533,115320,2846,115320,984,109970,2506,115320,958,111631,1124,115320,1041,109970,695,111810,200023,111810,200032,109970,1253,111810,200023
1715,19,8,16,115232,155907,14,120162,13,116840,93,116599,6587,120162,2485,120162,2517,120162,2484,119142,4333,116480,1969,116480,2461,116480,1723,115232,2560,115232,2530,116599,200026,116599,200037,116599,200031,116599,200034,116599,200034
1716,19,8,32,5749799635,8017924590,13,5826980761,13,5762790116,93,5826980761,3087,5826980761,2504,5826980761,2497,5771608407,5455,5826980761,2471,5826980761,924,5826980761,945,5826980761,945,5826980761,958,5826980761,979,5749799635,35,5749799635,31,5749799635,29,5749799635,30,5749799635,30
1717,19,8,32,5567663752,7615531045,10,5919416903,11,5607696620,90,5598229681,8940,5919416903,2944,5919416903,2698,5598229681,3673,5759476830,6052,5598229681,2472,5588495191,2259,5598229681,1899,5567663752,2414,5899714269,1002,5567663752,37,5567663752,756,5567663752,215,5567663752,137,5567663752,500
1718,19,8,32,9957290704,12017773547,10,10633764890,11,9990647895,91,10633764890,2571,10633764890,2600,10543293440,4888,9957290704,15625,10127291902,7753,10331425745,1934,10633764890,934,10331425745,1963,10079003579,1640,10331425745,2884,10633764890,200025,10633764890,200032,10633764890,200033,10633764890,200034,10633764890,200041
1719,19,8,32,7703662002,10088657541,14,7737173244,12,7763757482,93,7737173244,2629,7737173244,2428,7737173244,2711,7737173244,2489,7737173244,2567,7710639152,996,7737173244,975,7737173244,1007,7737173244,1099,7710639152,1023,7703662002,35,7703662002,31,7703662002,32,7703662002,30,7703662002,30
1720,19,8,32,7145671774,10193967347,10,7576752092,11,7253914979,94,7300001507,9274,7576752092,2514,7421640792,3117,7576752092,2507,7421640792,3031,7390478992,1598,7145671774,2135,7300001507,2196,7300001507,2188,7390478992,1800,7390478992,200023,7300001507,200036,7390478992,200037,7216049973,200034,7390478992,200033
1721,20,8,4,26,41,13,29,13,26,76,28,4293,28,3672,28,4521,28,4392,28,3744,26,1279,26,1504,27,976,26,1482,26,1475,26,145,26,50,26,245,26,168,26,137
1722,20,8,4,29,45,10,31,11,30,92,31,2714,30,4347,31,2563,30,4489,30,3673,29,1513,30,1412,30,1499,30,1422,29,1478,29,1367,29,646,29,167,29,455,29,2182
1723,20,8,4,23,35,11,23,12,24,92,23,491,23,503,23,481,23,472,23,493,23,957,23,991,23,980,23,980,23,981,23,200024,23,200032,23,200031,23,200032,23,200033
1724,20,8,4,35,52,14,40,13,36,97,36,6255,37,3768,36,7427,35,5911,37,4368,36,1564,36,1548,36,1407,36,1584,36,1567,35,54,35,185,35,278,35,134,35,263
1725,20,8,4,22,31,10,24,11,23,95,23,3195,24,2732,24,2658,24,3013,24,2835,22,1328,22,1390,22,1444,22,1413,22,1411,22,595,22,31,23,200024,22,3472,22,275
1726,20,8,8,514,737,11,518,12,517,99,518,2567,518,3148,518,2653,518,2555,518,2647,518,1000,518,977,518,978,518,952,518,986,518,200024,514,78,514,69,514,44,514,202
1727,20,8,8,575,752,10,644,12,579,98,611,5583,606,6232,599,7799,598,9818,607,5443,592,2242,599,2139,599,1708,592,2047,599,1399,575,132,575,285,575,65,575,131,575,1338
1728,20,8,8,562,863,389,578,13,570,93,578,2587,578,2568,578,2563,578,2611,578,2960,578,985,566,2002,578,959,578,992,578,962,578,200039,578,200035,578,200031,578,200034,578,200033
1729,20,8,8,618,831,14,637,14,622,97,637,2644,637,2683,637,2530,626,8280,637,2598,637,972,637,1123,637,972,618,1910,622,1765,618,58,618,711,618,743,618,156,618,62
1730,20,8,8,446,676,17,457,19,453,95,456,4660,454,7831,453,4995,453,7214,457,2555,453,2102,451,2044,453,1601,454,976,456,966,451,200026,453,200032,451,200034,451,200043,451,200033
1731,20,8,16,85252,124763,14,87918,14,86153,96,87918,2701,87918,2589,87918,2565,86857,3266,86857,4853,87918,1027,85252,2124,87918,973,85252,2160,86857,1762,86857,200024,86857,200031,86857,200032,85252,125,86857,200025
1732,20,8,16,144853,216941,22,149262,13,148124,97,144853,3799,149262,2628,149262,2620,144853,975,149262,2918,149262,983,147031,1628,146506,1318,146506,1819,149262,974,144853,3630,144853,177,144853,257,144853,6459,144853,812
1733,20,8,16,91533,119134,14,96310,17,92931,126,96310,2640,95275,5215,92890,8946,93770,5081,94080,3304,93722,1741,93855,1682,93191,1877,93191,1677,93770,2340,91949,200026,91533,1257,91533,952,91949,200024,92458,200034
1734,20,8,16,86243,118639,14,92208,21,88259,95,88259,4871,87000,10022,88063,8431,87271,4843,87271,5949,86243,2275,88259,2029,87697,1685,88063,1967,87166,1654,86243,1212,86243,497,86243,4774,86243,2734,86243,1309
1735,20,8,16,159908,239954,10,160970,12,162136,122,160970,2527,160970,2556,160970,2608,160970,2605,160970,2727,160970,1017,160970,986,160970,980,160970,990,160970,985,159908,36,159908,30,159908,32,159908,30,159908,30
1736,20,8,32,8793412127,12550396175,15,8985740056,17,8853164247,105,8985740056,2547,8985740056,2580,8985740056,2531,8985740056,2570,8985740056,2703,8985740056,995,8985740056,995,8985740056,994,8985740056,1007,8985740056,971,8793412127,34,8793412127,55,8793412127,37,8793412127,146,8793412127,103
1737,20,8,32,8384082328,10878083445,11,8679087843,12,8445560372,93,8679087843,2617,8679087843,2764,8436641431,4971,8436641431,5550,8436641431,4431,8503889513,1610,8679087843,964,8679087843,940,8487799408,2086,8523580606,1808,8384082328,4558,8384082328,398,8384082328,730,8384082328,549,8384082328,549
1738,20,8,32,9726595290,13128176068,11,9819895236,12,9786340938,97,9819895236,2601,9819895236,2706,9819895236,2731,9819895236,2564,9755587220,3043,9819895236,969,9819895236,1020,9819895236,962,9819895236,1013,9726595290,1669,9726595290,35,9726595290,41,9726595290,32,9726595290,31,9726595290,32
1739,20,8,32,6867993867,9778673256,10,7170637287,12,7038122105,92,7083217003,6065,7170637287,2763,7022523944,5562,6938690177,10037,7170637287,2524,6932855021,1760,6932855021,2320,6934660193,2253,7016570298,1289,7017306763,2499,6951827634,200024,6951827634,200032,6867993867,83,6951827634,200024,6867993867,54
1740,20,8,32,8622614208,12526975464,11,8757690319,12,8821591746,96,8757690319,2561,8740238370,6018,8757690319,2687,8757690319,2606,8757690319,2604,8757690319,956,8757690319,958,8757690319,936,8757690319,934,8757690319,944,8757690319,200024,8757690319,200034,8757690319,200033,8757690319,200036,8757690319,200033
