Algoritmo,Média Erro (%),Mediana Erro (%),Desvio Padrão (%),Erro Mínimo (%),Erro Máximo (%),Soluções Ótimas,Tempo Médio (us),Tempo Máx (us),Tempo Mín (us)
LS,19.11587134855145,16.666666666666668,14.950302634827187,0.0,68.18181818181819,110,6.624761904761905,648,1
LPT,0.7605914082516926,0.0,1.6910384866763033,0.0,13.333333333333334,609,6.617142857142857,258,1
MultiFit,0.5126374295871866,0.0,0.8166563073676288,0.0,5.405405405405405,536,45.79714285714286,491,10
CGA,0.0,0.0,0.0,0.0,0.0,1050,287.17047619047617,55461,1
Genetic,0.6407852290052171,0.0,1.4639038525353045,0.0,10.959432931687324,631,313.1552380952381,1009,121
