Algoritmo,Média Erro (%),Mediana Erro (%),Desvio Padrão (%),Erro Mínimo (%),Erro Máximo (%),Soluções Ótimas,Tempo Médio (us),Tempo Máx (us),Tempo Mín (us)
LS,19.11587134855145,16.666666666666668,14.950302634827187,0.0,68.18181818181819,110,5.975238095238096,520,1
LPT,0.7605914082516926,0.0,1.6910384866763033,0.0,13.333333333333334,609,6.2438095238095235,55,1
MultiFit,0.5126374295871866,0.0,0.8166563073676288,0.0,5.405405405405405,536,44.73047619047619,321,10
CGA,0.0,0.0,0.0,0.0,0.0,1050,277.46761904761905,54096,1
Genetic,0.6619634265662413,0.0,1.5248155658926985,0.0,13.333333333333334,627,300.07428571428574,1210,121
