Algoritmo,Média Erro (%),Mediana Erro (%),Desvio Padrão (%),Erro Mínimo (%),Erro Máximo (%),Soluções Ótimas,Tempo Médio (us),Tempo Máx (us),Tempo Mín (us)
LS,20.543820095987094,18.092751796511372,16.72407338666557,0.0,68.82494004796163,177.0,6.046913580246914,756.0,1.0
LPT,0.6356707836764397,0.0,1.5092617037346194,0.0,15.98771791882439,984.0,6.498765432098765,43.0,1.0
MultiFit,0.4918387840172855,0.07793434659174744,0.7492335291971521,0.0,5.401249813076975,796.0,45.96604938271605,223.0,7.0
CGA,0.0,0.0,0.0,0.0,0.0,1620.0,324.5425925925926,120127.0,1.0
Genetic (Média),0.26064843319734926,0.0,0.6398632746532975,0.0,4.166666666666667,1123.2,1352.7982716049385,8428.0,111.4
