Algoritmo,Média Erro (%),Mediana Erro (%),Desvio Padrão (%),Erro Mínimo (%),Erro Máximo (%),Soluções Ótimas,Tempo Médio (ms),Tempo Máx (ms),Tempo Mín (ms)
LS,21.738381991379754,18.82860317914292,19.206996830369167,0.0,74.17065267705601,445,28.601777777777777,1443,5
LPT,0.3631922991552709,0.0,1.1251009414896533,0.0,11.64833795445341,1708,33.40622222222222,722,6
MultiFit,0.48616685503885676,0.5504198743095962,0.6362669667665392,0.0,10.0,996,185.09644444444444,1749,43
