InstanceID,M,N,B,OptimalMakespan,LS_MaxGroupSum,LS_Time(us),LPT_MaxGroupSum,LPT_Time(us),MULTIFIT_MaxGroupSum,MULTIFIT_Time(us),Genetic_1_MaxGroupSum,Genetic_1_Time(us),Genetic_2_MaxGroupSum,Genetic_2_Time(us),Genetic_3_MaxGroupSum,Genetic_3_Time(us),Genetic_4_MaxGroupSum,Genetic_4_Time(us),Genetic_5_MaxGroupSum,Genetic_5_Time(us),SA_1_MaxGroupSum,SA_1_Time(us),SA_2_MaxGroupSum,SA_2_Time(us),SA_3_MaxGroupSum,SA_3_Time(us),SA_4_MaxGroupSum,SA_4_Time(us),SA_5_MaxGroupSum,SA_5_Time(us),IG_1_MaxGroupSum,IG_1_Time(us),IG_2_MaxGroupSum,IG_2_Time(us),IG_3_MaxGroupSum,IG_3_Time(us),IG_4_MaxGroupSum,IG_4_Time(us),IG_5_MaxGroupSum,IG_5_Time(us)
1,2,2,4,10,10,483,10,2,10,11,10,949,10,851,10,965,10,1018,10,912,10,440,10,410,10,411,10,410,10,409,10,305,10,304,10,296,10,293,10,294
2,2,2,4,13,13,1,13,1,13,10,13,917,13,965,13,1144,13,958,13,887,13,416,13,407,13,415,13,416,13,419,13,299,13,313,13,303,13,292,13,289
3,2,2,4,12,12,1,12,1,12,10,12,864,12,889,12,854,12,879,12,865,12,416,12,418,12,412,12,448,12,414,12,297,12,294,12,296,12,302,12,297
4,2,2,4,9,9,2,9,1,9,9,9,857,9,886,9,859,9,866,9,855,9,448,9,422,9,426,9,500,9,419,9,296,9,340,9,306,9,304,9,305
5,2,2,4,6,6,2,6,1,6,6,6,877,6,849,6,909,6,874,6,873,6,413,6,409,6,412,6,425,6,424,6,294,6,293,6,298,6,328,6,313
6,2,2,8,155,155,2,155,2,155,14,155,937,155,955,155,866,155,864,155,832,155,435,155,410,155,446,155,417,155,412,155,346,155,291,155,290,155,514,155,299
7,2,2,8,249,249,1,249,1,249,13,249,856,249,852,249,834,249,887,249,857,249,412,249,422,249,433,249,414,249,417,249,294,249,295,249,303,249,303,249,295
8,2,2,8,244,244,1,244,1,244,10,244,867,244,887,244,887,244,1148,244,907,244,414,244,411,244,434,244,425,244,407,244,300,244,302,244,296,244,349,244,296
9,2,2,8,104,104,2,104,1,104,15,104,850,104,976,104,1073,104,857,104,846,104,412,104,439,104,413,104,417,104,409,104,310,104,320,104,295,104,293,104,292
10,2,2,8,217,217,2,217,1,217,12,217,863,217,862,217,1111,217,1508,217,1259,217,421,217,446,217,424,217,425,217,410,217,428,217,328,217,717,217,435,217,298
11,2,2,16,35124,35124,2,35124,1,35124,15,35124,919,35124,860,35124,854,35124,1045,35124,907,35124,425,35124,424,35124,438,35124,512,35124,416,35124,296,35124,320,35124,298,35124,304,35124,310
12,2,2,16,57508,57508,1,57508,1,57508,14,57508,908,57508,885,57508,856,57508,1391,57508,1096,57508,435,57508,448,57508,427,57508,450,57508,448,57508,411,57508,381,57508,662,57508,303,57508,293
13,2,2,16,61431,61431,1,61431,1,61431,14,61431,870,61431,925,61431,871,61431,901,61431,859,61431,437,61431,409,61431,409,61431,418,61431,419,61431,292,61431,306,61431,291,61431,299,61431,294
14,2,2,16,29973,29973,1,29973,1,29973,13,29973,891,29973,874,29973,879,29973,842,29973,1452,29973,655,29973,409,29973,412,29973,413,29973,415,29973,360,29973,365,29973,311,29973,340,29973,304
15,2,2,16,12861,12861,2,12861,1,12861,14,12861,1158,12861,865,12861,935,12861,888,12861,957,12861,417,12861,411,12861,701,12861,445,12861,563,12861,332,12861,310,12861,313,12861,293,12861,292
16,2,2,32,2745757063,2745757063,1,2745757063,1,2745757063,14,2745757063,982,2745757063,861,2745757063,906,2745757063,885,2745757063,864,2745757063,425,2745757063,414,2745757063,409,2745757063,417,2745757063,408,2745757063,392,2745757063,413,2745757063,310,2745757063,308,2745757063,292
17,2,2,32,2754963825,2754963825,2,2754963825,2,2754963825,22,2754963825,886,2754963825,871,2754963825,862,2754963825,837,2754963825,860,2754963825,532,2754963825,418,2754963825,428,2754963825,431,2754963825,469,2754963825,299,2754963825,305,2754963825,302,2754963825,303,2754963825,301
18,2,2,32,2796276303,2796276303,2,2796276303,1,2796276303,14,2796276303,868,2796276303,850,2796276303,850,2796276303,859,2796276303,931,2796276303,411,2796276303,418,2796276303,419,2796276303,412,2796276303,449,2796276303,301,2796276303,296,2796276303,301,2796276303,323,2796276303,353
19,2,2,32,3346862783,3346862783,4,3346862783,2,3346862783,22,3346862783,1064,3346862783,933,3346862783,936,3346862783,865,3346862783,846,3346862783,566,3346862783,596,3346862783,665,3346862783,603,3346862783,600,3346862783,298,3346862783,296,3346862783,302,3346862783,300,3346862783,293
20,2,2,32,530782135,530782135,2,530782135,1,530782135,14,530782135,854,530782135,843,530782135,849,530782135,902,530782135,875,530782135,413,530782135,431,530782135,412,530782135,419,530782135,430,530782135,300,530782135,297,530782135,294,530782135,309,530782135,296
21,3,2,4,6,6,2,6,1,6,16,6,967,6,1138,6,977,6,945,6,1027,6,390,6,394,6,372,6,441,6,461,6,448,6,427,6,448,6,490,6,439
22,3,2,4,19,20,2,19,2,19,18,19,949,19,968,19,923,19,1016,19,1001,19,375,19,364,19,371,19,383,19,362,19,477,19,460,19,462,19,450,19,442
23,3,2,4,14,14,2,14,1,14,12,14,1001,14,1037,14,942,14,963,14,928,14,368,14,368,14,372,14,486,14,520,14,399,14,377,14,370,14,390,14,378
24,3,2,4,17,17,2,17,2,17,18,17,945,17,962,17,1081,17,1084,17,1014,17,369,17,366,17,374,17,362,17,366,17,458,17,453,17,438,17,440,17,479
25,3,2,4,18,18,2,18,2,18,18,18,1190,18,974,18,926,18,971,18,937,18,370,18,365,18,359,18,848,18,383,18,567,18,460,18,462,18,458,18,459
26,3,2,8,207,207,2,207,2,207,27,207,998,207,928,207,1226,207,964,207,938,207,373,207,381,207,387,207,369,207,381,207,530,207,440,207,457,207,439,207,445
27,3,2,8,257,363,2,257,1,257,17,257,1012,257,1033,257,996,257,963,257,946,257,358,257,901,257,409,257,448,257,603,257,470,257,454,257,460,257,440,257,440
28,3,2,8,200,200,2,200,2,200,24,200,973,200,1116,200,1031,200,934,200,976,200,369,200,365,200,420,200,365,200,369,200,384,200,380,200,377,200,377,200,819
29,3,2,8,186,240,4,186,3,186,27,186,957,186,975,186,924,186,947,186,957,186,377,186,352,186,416,186,615,186,357,186,373,186,426,186,390,186,400,186,371
30,3,2,8,324,324,2,324,2,324,18,324,993,324,971,324,1032,324,977,324,1016,324,509,324,359,324,358,324,359,324,367,324,457,324,478,324,463,324,951,324,639
31,3,2,16,64450,84888,4,64450,3,64450,29,64450,998,64450,980,64450,928,64450,943,64450,1139,64450,791,64450,429,64450,361,64450,380,64450,387,64450,494,64450,453,64450,472,64450,454,64450,456
32,3,2,16,46101,46101,2,46101,2,46101,18,46101,942,46101,943,46101,1000,46101,991,46101,927,46101,392,46101,421,46101,370,46101,363,46101,378,46101,386,46101,936,46101,580,46101,852,46101,559
33,3,2,16,37611,42769,5,37611,3,37611,25,37611,963,37611,942,37611,1013,37611,930,37611,953,37611,495,37611,366,37611,374,37611,360,37611,362,37611,391,37611,376,37611,378,37611,374,37611,377
34,3,2,16,63743,64323,2,63743,2,63743,25,63743,945,63743,956,63743,988,63743,991,63743,1478,63743,382,63743,368,63743,395,63743,368,63743,412,63743,521,63743,472,63743,762,63743,394,63743,446
35,3,2,16,90330,103134,2,90330,2,90330,19,90330,1037,90330,992,90330,958,90330,932,90330,951,90330,392,90330,391,90330,380,90330,383,90330,387,90330,444,90330,481,90330,441,90330,437,90330,501
36,3,2,32,4215162621,4215162621,4,4215162621,3,4215162621,27,4215162621,991,4215162621,1023,4215162621,1003,4215162621,1564,4215162621,1131,4215162621,375,4215162621,389,4215162621,367,4215162621,365,4215162621,374,4215162621,760,4215162621,448,4215162621,462,4215162621,433,4215162621,439
37,3,2,32,3796855911,3796855911,2,3796855911,2,3796855911,18,3796855911,944,3796855911,997,3796855911,950,3796855911,1004,3796855911,1003,3796855911,396,3796855911,369,3796855911,512,3796855911,469,3796855911,424,3796855911,416,3796855911,413,3796855911,421,3796855911,603,3796855911,377
38,3,2,32,2906576639,2906576639,2,2906576639,1,2906576639,18,2906576639,968,2906576639,969,2906576639,1437,2906576639,993,2906576639,1051,2906576639,367,2906576639,380,2906576639,371,2906576639,363,2906576639,357,2906576639,898,2906576639,497,2906576639,379,2906576639,371,2906576639,373
39,3,2,32,5557150852,5863775682,2,5557150852,2,5557150852,19,5557150852,985,5557150852,976,5557150852,1007,5557150852,987,5557150852,1018,5557150852,392,5557150852,371,5557150852,398,5557150852,364,5557150852,366,5557150852,576,5557150852,569,5557150852,629,5557150852,471,5557150852,434
40,3,2,32,3405260475,3405260475,2,3405260475,1,3405260475,19,3405260475,939,3405260475,1436,3405260475,939,3405260475,1186,3405260475,1235,3405260475,397,3405260475,360,3405260475,364,3405260475,378,3405260475,358,3405260475,497,3405260475,449,3405260475,454,3405260475,451,3405260475,463
41,4,2,4,22,23,5,22,3,22,23,22,1096,22,1024,22,1036,22,1010,22,1031,22,397,22,377,22,400,22,384,22,373,22,474,22,462,22,445,22,460,22,470
42,4,2,4,14,14,2,14,2,14,14,14,154,14,605,14,164,14,148,14,154,14,359,14,366,14,372,14,354,14,355,14,450,14,624,14,385,14,372,14,373
43,4,2,4,13,15,2,13,2,13,16,13,1354,13,1359,13,1027,13,1041,13,1027,13,393,13,413,13,361,13,357,13,389,13,402,13,393,13,388,13,387,13,407
44,4,2,4,6,6,2,6,2,6,21,6,151,6,147,6,147,6,147,6,164,6,403,6,422,6,395,6,399,6,408,6,429,6,427,6,426,6,453,6,424
45,4,2,4,15,19,2,15,10,15,20,15,171,15,148,15,146,15,178,15,148,15,895,15,463,15,412,15,726,15,386,15,463,15,427,15,419,15,435,15,425
46,4,2,8,191,200,2,191,2,191,21,191,1032,191,1024,191,1069,191,1135,191,1221,191,385,191,370,191,355,191,363,191,382,191,425,191,415,191,410,191,402,191,408
47,4,2,8,271,285,2,271,2,271,31,271,1103,271,1615,271,1299,271,1057,271,1092,271,420,271,381,271,381,271,395,271,374,271,462,271,437,271,427,271,428,271,441
48,4,2,8,260,260,2,260,2,260,21,260,1112,260,1048,260,996,260,1060,260,1056,260,385,260,388,260,396,260,391,260,402,260,443,260,425,260,435,260,419,260,428
49,4,2,8,444,444,2,444,2,444,20,444,1344,444,1053,444,1006,444,1010,444,1132,444,528,444,391,444,383,444,852,444,403,444,455,444,431,444,435,444,426,444,439
50,4,2,8,325,386,2,325,2,325,21,325,1098,325,1008,325,1229,325,1143,325,1096,325,369,325,374,325,379,325,377,325,394,325,484,325,471,325,478,325,491,325,1005
51,4,2,16,18073,19658,3,18073,2,18073,31,18073,1049,18073,1049,18073,1028,18073,1086,18073,1081,18073,381,18073,423,18073,666,18073,391,18073,374,18073,455,18073,434,18073,443,18073,444,18073,456
52,4,2,16,67101,67101,2,67101,2,67101,21,67101,1044,67101,1023,67101,1260,67101,1084,67101,1084,67101,378,67101,388,67101,378,67101,409,67101,388,67101,895,67101,469,67101,422,67101,672,67101,432
53,4,2,16,88175,96336,2,88175,2,88175,23,88175,1054,88175,1061,88175,1003,88175,1033,88175,1023,88175,381,88175,369,88175,366,88175,383,88175,369,88175,492,88175,440,88175,457,88175,477,88175,466
54,4,2,16,49913,67110,2,49913,2,49913,22,49913,1047,49913,1050,49913,1082,49913,1651,49913,1577,49913,423,49913,440,49913,378,49913,376,49913,426,49913,444,49913,425,49913,478,49913,426,49913,433
55,4,2,16,60823,60823,2,60823,2,60823,20,60823,1083,60823,1082,60823,1101,60823,1039,60823,1204,60823,360,60823,357,60823,371,60823,361,60823,370,60823,402,60823,397,60823,387,60823,385,60823,394
56,4,2,32,5621412170,6931181493,2,5621412170,2,5621412170,22,5621412170,1019,5621412170,1018,5621412170,1483,5621412170,1343,5621412170,1031,5621412170,383,5621412170,383,5621412170,388,5621412170,374,5621412170,392,5621412170,525,5621412170,448,5621412170,467,5621412170,459,5621412170,443
57,4,2,32,6780305220,6912139784,2,6780305220,2,6780305220,21,6780305220,1025,6780305220,1142,6780305220,1222,6780305220,1008,6780305220,1027,6780305220,390,6780305220,373,6780305220,394,6780305220,375,6780305220,375,6780305220,527,6780305220,455,6780305220,442,6780305220,452,6780305220,451
58,4,2,32,2897279920,2897279920,2,2897279920,2,2897279920,21,2897279920,1082,2897279920,1299,2897279920,1066,2897279920,1092,2897279920,1049,2897279920,372,2897279920,358,2897279920,362,2897279920,361,2897279920,380,2897279920,443,2897279920,435,2897279920,438,2897279920,441,2897279920,471
59,4,2,32,5606091653,6228735975,2,5606091653,2,5606091653,22,5606091653,1268,5606091653,1095,5606091653,1011,5606091653,1009,5606091653,1152,5606091653,382,5606091653,383,5606091653,368,5606091653,384,5606091653,379,5606091653,534,5606091653,478,5606091653,465,5606091653,459,5606091653,494
60,4,2,32,5046918668,5046918668,2,5046918668,2,5049719967,21,5046918668,1330,5046918668,1027,5046918668,994,5046918668,1095,5046918668,1096,5046918668,391,5046918668,387,5046918668,392,5046918668,886,5046918668,441,5046918668,468,5046918668,454,5046918668,504,5046918668,471,5046918668,454
61,5,2,4,18,20,3,18,2,18,25,18,1086,18,1166,18,1067,18,1097,18,1123,18,398,18,379,18,390,18,377,18,388,18,459,18,446,18,432,18,496,18,503
62,5,2,4,29,30,3,30,3,29,24,29,1095,29,1103,29,1090,29,1140,29,1123,29,405,29,385,29,445,29,445,29,412,29,420,29,410,29,434,29,425,29,455
63,5,2,4,22,26,4,22,3,22,25,22,1108,22,1156,22,1088,22,1104,22,1134,22,400,22,387,22,395,22,382,22,393,22,573,22,436,22,437,22,445,22,556
64,5,2,4,14,15,3,14,3,14,18,14,177,14,162,14,166,14,159,14,158,14,376,14,369,14,375,14,371,14,411,14,448,14,437,14,444,14,500,14,437
65,5,2,4,24,24,3,24,2,24,19,24,202,24,166,24,161,24,164,24,177,24,400,24,423,24,396,24,389,24,420,24,415,24,389,24,393,24,388,24,434
66,5,2,8,421,433,3,433,2,421,24,421,1091,421,1095,421,1167,421,1160,421,1261,421,391,421,384,421,372,421,376,421,378,421,497,421,482,421,456,421,458,421,462
67,5,2,8,199,216,2,199,2,200,25,199,1099,199,1093,199,1080,199,1174,199,1105,199,385,199,383,199,369,199,459,199,393,199,476,199,453,199,461,199,446,199,483
68,5,2,8,373,373,3,390,2,373,29,373,190,373,162,373,175,373,166,373,166,373,407,373,382,373,388,373,375,373,381,373,452,373,465,373,453,373,518,373,451
69,5,2,8,388,398,3,398,2,388,25,388,1545,388,1092,388,1338,388,1108,388,1111,388,441,388,498,388,445,388,411,388,395,388,410,388,404,388,408,388,410,388,427
70,5,2,8,410,483,2,421,2,410,24,410,181,410,179,410,162,410,160,410,160,410,400,410,379,410,386,410,385,410,400,410,445,410,463,410,460,410,451,410,445
71,5,2,16,90348,90348,2,90348,2,90348,23,90348,1171,90348,1200,90348,1154,90348,1096,90348,1343,90348,370,90348,372,90348,380,90348,396,90348,492,90348,484,90348,472,90348,481,90348,484,90348,487
72,5,2,16,101731,115185,3,101731,2,101731,24,101731,1101,101731,1120,101731,1085,101731,1083,101731,1077,101731,434,101731,428,101731,387,101731,413,101731,481,101731,501,101731,485,101731,462,101731,915,101731,463
73,5,2,16,81648,97052,3,81648,2,81648,34,81648,1201,81648,1152,81648,1118,81648,1094,81648,1100,81648,386,81648,606,81648,376,81648,413,81648,373,81648,463,81648,456,81648,467,81648,489,81648,480
74,5,2,16,76357,93602,3,76357,2,76357,24,76357,1134,76357,1126,76357,1130,76357,1106,76357,1701,76357,380,76357,374,76357,375,76357,370,76357,583,76357,481,76357,809,76357,462,76357,466,76357,708
75,5,2,16,77374,79638,3,77374,3,77374,26,77374,1138,77374,1178,77374,1110,77374,1104,77374,1108,77374,427,77374,384,77374,379,77374,385,77374,377,77374,503,77374,453,77374,464,77374,450,77374,461
76,5,2,32,5042420008,5121833456,2,5042420008,2,5042420008,25,5042420008,1119,5042420008,1160,5042420008,1477,5042420008,1276,5042420008,1065,5042420008,386,5042420008,374,5042420008,371,5042420008,373,5042420008,376,5042420008,459,5042420008,449,5042420008,460,5042420008,446,5042420008,476
77,5,2,32,6586767868,8220394432,3,6880439734,2,6586767868,24,6586767868,1083,6586767868,1162,6586767868,1092,6586767868,1064,6586767868,1145,6586767868,405,6586767868,383,6586767868,386,6586767868,375,6586767868,373,6586767868,474,6586767868,441,6586767868,435,6586767868,442,6586767868,440
78,5,2,32,6538290077,7572182539,3,6538290077,2,6538290077,25,6538290077,1566,6538290077,1468,6538290077,1164,6538290077,1108,6538290077,1102,6538290077,376,6538290077,413,6538290077,392,6538290077,400,6538290077,390,6538290077,460,6538290077,451,6538290077,455,6538290077,501,6538290077,470
79,5,2,32,5644860258,5712733733,2,5644860258,2,5644860258,25,5644860258,1230,5644860258,1115,5644860258,1118,5644860258,1165,5644860258,1133,5644860258,411,5644860258,394,5644860258,406,5644860258,398,5644860258,407,5644860258,473,5644860258,475,5644860258,452,5644860258,898,5644860258,467
80,5,2,32,4910600009,5377755068,3,4910600009,3,4910600009,26,4910600009,1156,4910600009,1221,4910600009,1102,4910600009,1113,4910600009,1097,4910600009,376,4910600009,485,4910600009,587,4910600009,397,4910600009,412,4910600009,492,4910600009,510,4910600009,496,4910600009,483,4910600009,494
81,6,2,4,24,27,3,24,3,24,32,24,1320,24,1198,24,1163,24,1683,24,1564,24,392,24,400,24,392,24,398,24,417,24,461,24,442,24,476,24,453,24,443
82,6,2,4,16,19,3,16,3,16,21,16,188,16,179,16,174,16,174,16,189,16,396,16,383,16,376,16,376,16,381,16,500,16,464,16,480,16,473,16,483
83,6,2,4,19,20,3,20,3,19,20,19,183,19,175,19,176,19,175,19,174,19,402,19,402,19,417,19,443,19,438,19,19,19,18,19,18,19,18,19,67
84,6,2,4,32,33,6,33,3,32,27,32,213,32,189,32,191,32,193,32,192,32,458,32,424,32,408,32,433,32,441,32,516,32,505,32,494,32,925,32,596
85,6,2,4,21,22,5,21,3,21,28,21,190,21,192,21,193,21,184,21,174,21,413,21,669,21,464,21,398,21,397,21,463,21,426,21,424,21,428,21,419
86,6,2,8,251,284,3,251,3,251,26,251,1196,251,1247,251,1183,251,1410,251,1379,251,384,251,400,251,384,251,385,251,380,251,508,251,482,251,502,251,504,251,459
87,6,2,8,407,417,3,415,12,410,27,407,1206,407,1161,407,1172,407,1281,407,1203,407,389,407,823,407,447,407,414,407,667,407,489,407,485,407,467,407,479,407,439
88,6,2,8,529,556,3,529,3,556,27,529,1166,529,1240,529,1236,529,1172,529,1667,529,477,529,396,529,394,529,408,529,407,529,503,529,706,529,487,529,497,529,477
89,6,2,8,307,352,3,307,3,307,27,307,1166,307,1246,307,1190,307,1299,307,1969,307,389,307,403,307,390,307,379,307,384,307,797,307,807,307,770,307,764,307,795
90,6,2,8,372,458,5,372,5,372,40,372,1729,372,1407,372,1180,372,1216,372,1161,372,610,372,621,372,618,372,618,372,611,372,493,372,492,372,478,372,508,372,493
91,6,2,16,147228,149469,3,148500,3,147228,28,147228,1156,147228,1207,147228,1153,147228,1175,147228,1815,147228,400,147228,393,147228,419,147228,390,147228,400,147228,516,147228,544,147228,494,147228,508,147228,513
92,6,2,16,140042,140042,3,143725,3,152473,27,140042,1162,140042,1173,140042,1188,140042,1176,140042,1752,140042,419,140042,392,140042,389,140042,394,140042,402,140042,452,140042,455,140042,456,140042,466,140042,466
93,6,2,16,83632,85634,3,83632,3,83632,27,83632,1158,83632,1142,83632,1498,83632,1797,83632,1820,83632,379,83632,384,83632,378,83632,398,83632,390,83632,779,83632,748,83632,611,83632,482,83632,477
94,6,2,16,98648,103229,3,98648,3,98709,28,98648,1182,98648,1203,98648,1219,98648,1140,98648,1183,98648,403,98648,380,98648,395,98648,376,98648,380,98648,480,98648,479,98648,490,98648,468,98648,473
95,6,2,16,90469,91069,5,91271,6,90469,42,90469,1188,90469,1157,90469,1216,90469,1546,90469,1155,90469,403,90469,525,90469,479,90469,396,90469,389,90469,505,90469,504,90469,475,90469,466,90469,483
96,6,2,32,6189722170,7581944645,3,6235912037,3,6189722170,28,6189722170,1500,6189722170,1175,6189722170,1739,6189722170,1892,6189722170,1670,6189722170,398,6189722170,379,6189722170,384,6189722170,376,6189722170,378,6189722170,496,6189722170,509,6189722170,492,6189722170,511,6189722170,560
97,6,2,32,6769352827,7215782874,3,6769352827,3,6769352827,27,6769352827,1273,6769352827,1255,6769352827,1189,6769352827,1221,6769352827,1170,6769352827,386,6769352827,394,6769352827,391,6769352827,393,6769352827,396,6769352827,486,6769352827,465,6769352827,472,6769352827,463,6769352827,492
98,6,2,32,8057791195,8057791195,3,8242653850,3,8249624795,26,8057791195,1616,8057791195,1342,8057791195,1233,8057791195,1352,8057791195,1242,8057791195,402,8057791195,410,8057791195,391,8057791195,392,8057791195,412,8057791195,521,8057791195,515,8057791195,519,8057791195,492,8057791195,509
99,6,2,32,6607506099,6607506099,3,6607506099,2,6607506099,27,6607506099,1149,6607506099,1191,6607506099,1202,6607506099,1239,6607506099,1198,6607506099,391,6607506099,381,6607506099,407,6607506099,387,6607506099,390,6607506099,472,6607506099,461,6607506099,626,6607506099,465,6607506099,460
100,6,2,32,8320590650,9841024598,5,8637714205,5,8320590650,41,8320590650,1215,8320590650,1201,8320590650,1462,8320590650,1157,8320590650,1161,8493983980,454,8493983980,481,8493983980,400,8493983980,440,8493983980,403,8320590650,423,8320590650,418,8320590650,431,8320590650,417,8320590650,453
101,7,2,4,27,28,3,27,3,27,23,27,197,27,189,27,188,27,188,27,187,27,395,27,389,27,409,27,395,27,391,27,442,27,467,27,470,27,432,27,460
102,7,2,4,21,24,3,21,3,21,28,21,212,21,257,21,227,21,284,21,188,21,403,21,408,21,487,21,470,21,428,21,530,21,491,21,507,21,478,21,504
103,7,2,4,28,32,3,29,3,28,29,28,194,28,194,28,186,28,187,28,202,28,419,28,423,28,415,28,413,28,405,28,502,28,476,28,499,28,541,28,498
104,7,2,4,39,43,3,40,3,39,32,39,1249,39,1240,39,1196,39,1259,39,1390,39,407,39,421,39,439,39,413,39,449,39,578,39,631,39,562,39,499,39,491
105,7,2,4,31,33,3,32,3,31,31,31,205,31,188,31,193,31,200,31,190,31,408,31,391,31,392,31,406,31,392,31,514,31,517,31,500,31,492,31,480
106,7,2,8,383,490,3,398,3,383,28,383,299,383,191,383,188,383,623,383,210,383,447,383,413,383,432,383,432,383,440,383,533,383,543,383,531,383,524,383,542
107,7,2,8,489,554,3,493,3,498,29,489,1558,489,2355,489,1248,489,1269,489,1831,489,430,489,416,489,411,489,421,489,409,489,556,489,568,489,572,489,534,489,538
108,7,2,8,588,660,3,591,3,591,30,588,197,588,196,588,219,588,187,588,193,588,398,588,424,588,409,588,417,588,409,588,484,588,514,588,487,588,498,588,487
109,7,2,8,377,464,3,381,3,377,29,377,1482,377,2010,377,1946,377,1778,377,1215,377,425,377,388,377,518,377,525,377,469,377,554,377,490,377,502,377,508,377,549
110,7,2,8,649,677,4,689,3,649,30,649,201,649,187,649,894,649,228,649,988,649,402,649,419,649,411,649,435,649,408,649,526,649,639,649,622,649,541,649,488
111,7,2,16,134787,139678,7,139678,4,134787,31,134787,1292,134787,1277,134787,1231,134787,1286,134787,1895,134787,419,134787,403,134787,466,134787,406,134787,387,134787,522,134787,530,134787,499,134787,521,134787,506
112,7,2,16,91906,108452,3,92803,3,91906,39,91906,1566,91906,1256,91906,1223,91906,1317,91906,2897,91906,510,91906,518,91906,408,91906,398,91906,430,91906,518,91906,433,91906,469,91906,478,91906,497
113,7,2,16,87856,93872,3,89048,3,88281,29,87856,1605,87856,1241,87856,1277,87856,1646,87856,1230,87856,402,87856,500,87856,418,87856,471,87856,417,87856,438,87856,454,88281,438,87856,453,88281,882
114,7,2,16,91819,105446,4,95824,3,93463,30,91819,1361,91819,1285,91819,1412,91819,1577,91819,1214,91819,463,91819,413,91819,442,91819,635,91819,424,91819,576,91819,503,91819,530,91819,545,91819,526
115,7,2,16,73876,73977,3,74320,3,74043,29,73876,1257,73876,1296,73876,2602,73876,1557,73876,1255,73977,398,73977,460,73977,425,73977,404,73977,407,73876,463,73876,451,73876,507,73876,453,73876,454
116,7,2,32,9010273261,9167557441,3,9195415322,3,9226258326,29,9010273261,1833,9010273261,1344,9010273261,1864,9010273261,1218,9010273261,1268,9010273261,404,9010273261,409,9010273261,425,9010273261,398,9010273261,408,9010273261,555,9010273261,577,9010273261,547,9010273261,514,9010273261,533
117,7,2,32,10441851842,11091365299,4,10684823977,3,10539469215,30,10441851842,1848,10441851842,1227,10441851842,1259,10441851842,1230,10441851842,1215,10441851842,415,10441851842,395,10441851842,447,10441851842,393,10441851842,426,10441851842,502,10441851842,501,10441851842,535,10441851842,480,10441851842,615
118,7,2,32,8461827439,8665473056,5,8525695782,5,8621027253,39,8461827439,1243,8461827439,1231,8461827439,1276,8461827439,2453,8461827439,1561,8461827439,521,8461827439,437,8461827439,468,8461827439,407,8461827439,431,8461827439,532,8461827439,532,8461827439,521,8461827439,520,8461827439,505
119,7,2,32,7005834067,8496363562,3,7005834067,3,7076503739,30,7005834067,1313,7005834067,1324,7005834067,1298,7005834067,1261,7005834067,1272,7005834067,393,7005834067,386,7005834067,395,7005834067,390,7005834067,410,7005834067,447,7005834067,446,7005834067,443,7005834067,458,7005834067,456
120,7,2,32,7686643812,8303063721,3,8111738129,3,7686643812,29,7686643812,1358,7686643812,1253,7686643812,1859,7686643812,1230,7686643812,1230,7686643812,398,7686643812,940,7686643812,428,7686643812,576,7686643812,702,7686643812,572,7686643812,496,7686643812,537,7686643812,504,7686643812,518
121,8,2,4,34,35,4,35,3,35,32,34,232,34,1038,34,210,34,228,34,368,34,466,34,407,34,459,34,505,34,418,34,20,34,205,34,19,34,20,34,19
122,8,2,4,27,28,3,27,3,27,39,27,247,27,213,27,215,27,466,27,230,27,405,27,407,27,426,27,930,27,599,27,575,27,573,27,576,27,534,27,520
123,8,2,4,34,36,4,34,3,34,28,34,217,34,213,34,205,34,215,34,200,34,414,34,413,34,403,34,411,34,400,34,545,34,447,34,435,34,435,34,481
124,8,2,4,39,42,4,40,3,39,31,39,212,39,223,39,218,39,216,39,212,39,448,39,421,39,461,39,431,39,408,39,574,39,523,39,644,39,587,39,564
125,8,2,4,27,31,3,28,3,27,34,27,221,27,304,27,576,27,216,27,205,27,403,27,410,27,847,27,426,27,406,27,22,27,19,27,34,27,20,27,19
126,8,2,8,504,526,3,504,3,520,32,504,1374,504,1476,504,1330,504,1415,504,1373,504,397,504,407,504,411,504,420,504,405,504,517,504,531,504,502,504,579,504,512
127,8,2,8,541,654,5,548,4,545,33,541,2827,541,1557,541,2271,541,2196,541,2588,541,413,541,436,541,411,541,407,541,437,541,517,541,526,541,521,541,530,541,514
128,8,2,8,387,401,4,391,3,388,31,387,213,387,205,387,239,387,206,387,205,391,431,391,398,391,394,391,406,391,397,387,548,387,537,387,567,387,541,387,991
129,8,2,8,345,350,4,346,4,350,41,345,1664,345,1384,345,1340,345,1272,345,1330,345,616,345,524,345,414,345,408,345,406,345,584,345,579,345,575,345,584,345,585
130,8,2,8,600,672,4,624,3,601,33,600,1269,600,1315,600,1369,600,1282,600,1954,600,425,600,475,600,411,600,408,600,458,600,654,600,702,600,652,600,570,600,580
131,8,2,16,169613,174668,5,173059,4,170559,32,169613,1437,169613,1323,169613,2292,169613,1386,169613,1342,169613,439,169613,404,169613,454,169613,428,169613,534,169886,533,169886,970,169886,555,169886,511,169886,803
132,8,2,16,164569,167198,5,166974,4,170172,35,164569,1912,164569,1906,164569,1274,164569,1946,164569,1631,164569,408,164569,521,164569,416,164569,466,164569,455,164569,604,164569,578,164569,589,164569,586,164569,628
133,8,2,16,134142,149176,3,134142,3,139077,32,134142,1484,134142,1333,134142,1273,134142,1293,134142,1317,134142,399,134142,399,134142,397,134142,399,134142,454,134142,520,134142,576,134142,524,134142,524,134142,500
134,8,2,16,80288,82690,3,82164,3,80288,33,80288,1307,80288,1924,80288,1330,80288,1311,80288,2008,80288,456,80288,423,80288,469,80288,418,80288,429,80288,535,80288,537,80288,514,80288,544,80288,550
135,8,2,16,141373,148220,4,141373,3,141389,31,141373,1393,141373,1263,141373,1287,141373,1350,141373,1277,141373,416,141373,406,141373,406,141373,405,141373,410,141373,480,141373,470,141373,496,141373,468,141373,475
136,8,2,32,9592479721,11261245937,3,9714644692,3,9592479721,31,9592479721,1413,9592479721,1345,9592479721,1294,9592479721,1337,9592479721,1294,9709736631,463,9709736631,403,9709736631,401,9709736631,443,9709736631,540,9592479721,656,9592479721,592,9592479721,576,9592479721,615,9592479721,657
137,8,2,32,7999290051,9252441079,4,8143367620,4,8020252294,33,7999290051,2280,7999290051,1362,7999290051,1318,7999290051,1441,7999290051,1950,7999290051,408,7999290051,425,7999290051,404,7999290051,412,7999290051,618,7999290051,650,7999290051,556,7999290051,576,7999290051,570,7999290051,576
138,8,2,32,8593834349,8663331773,3,8663331773,4,8627112788,32,8593834349,1941,8593834349,2529,8593834349,1286,8593834349,1577,8593834349,1702,8593834349,404,8593834349,401,8593834349,446,8593834349,400,8593834349,444,8593834349,537,8593834349,535,8593834349,532,8593834349,525,8593834349,508
139,8,2,32,8750543646,9509169464,3,8914398822,3,8849274730,34,8750543646,1932,8750543646,2584,8750543646,1979,8750543646,1295,8750543646,1628,8902320398,530,8902320398,443,8902320398,436,8902320398,434,8902320398,436,8750543646,540,8750543646,568,8750543646,542,8750543646,521,8750543646,542
140,8,2,32,7243302916,7330868668,4,7262307459,3,7345223803,33,7243302916,1291,7243302916,1695,7243302916,1346,7243302916,1319,7243302916,1869,7243302916,422,7243302916,467,7243302916,414,7243302916,407,7243302916,442,7243302916,616,7243302916,561,7243302916,576,7243302916,588,7243302916,582
141,9,2,4,31,32,4,31,4,31,35,31,235,31,214,31,218,31,212,31,211,31,412,31,410,31,421,31,435,31,414,31,550,31,525,31,557,31,502,31,534
142,9,2,4,36,40,4,36,4,36,40,36,235,36,214,36,214,36,215,36,215,36,416,36,427,36,414,36,410,36,420,36,583,36,696,36,582,36,561,36,545
143,9,2,4,33,37,4,33,4,33,32,33,266,33,217,33,223,33,223,33,218,33,414,33,405,33,427,33,407,33,399,33,495,33,501,33,517,33,530,33,456
144,9,2,4,34,34,3,34,3,34,33,34,233,34,218,34,211,34,212,34,233,34,410,34,421,34,411,34,413,34,406,34,584,34,647,34,657,34,566,34,541
145,9,2,4,26,26,4,26,5,26,51,26,224,26,218,26,212,26,212,26,212,26,443,26,410,26,443,26,421,26,412,26,607,26,564,26,535,26,583,26,556
146,9,2,8,468,493,4,477,3,468,35,468,1369,468,2714,468,2698,468,2954,469,1570,469,411,469,448,469,413,469,501,469,426,468,488,468,496,468,525,468,511,468,529
147,9,2,8,663,736,6,689,5,667,46,663,251,663,720,663,1003,663,217,663,398,663,507,665,645,663,561,663,406,663,500,663,27,663,21,666,510,663,21,666,485
148,9,2,8,449,461,4,453,4,454,35,449,2430,449,2854,449,1683,449,1417,449,2625,449,453,449,444,449,533,449,417,449,416,449,608,449,586,449,589,449,565,449,582
149,9,2,8,537,622,3,565,4,552,35,539,1367,537,1398,537,861,537,240,537,733,537,458,537,472,539,451,537,626,537,443,537,86,537,26,537,40,537,57,537,81
150,9,2,8,625,697,4,632,4,641,34,625,2039,625,2450,625,1830,625,2037,625,3059,627,427,627,574,627,474,627,412,627,684,625,596,625,589,625,704,625,608,625,623
151,9,2,16,189331,209980,4,197689,4,194072,34,189331,2500,189331,2535,189331,3039,190059,1436,189331,2392,189331,432,189331,425,189331,443,189331,845,189331,472,189331,621,189331,715,189331,662,189331,634,189331,594
152,9,2,16,187923,202514,4,191765,4,189632,35,187923,2205,187923,1375,187923,3870,187923,1653,187923,2005,187923,537,187923,416,187923,474,187923,479,187923,531,187923,659,187923,594,187923,608,187923,718,187923,623
153,9,2,16,151271,171299,4,156311,4,151275,36,151271,2025,151271,4379,151271,2197,151271,2193,151271,1389,151271,605,151271,547,151271,434,151271,468,151271,423,151271,620,151271,783,151271,671,151271,731,151271,661
154,9,2,16,148816,173760,3,151639,4,148816,35,148816,1378,148816,1350,148816,1507,148816,1584,148816,1910,148873,551,148873,434,148873,503,148905,408,148873,418,148816,703,148816,878,148816,693,148816,702,148816,659
155,9,2,16,110631,113534,4,112464,4,112315,34,110631,1726,110631,1475,110631,1395,110631,2117,110631,1688,111061,494,111061,483,111061,604,111061,461,111061,521,110631,573,110631,560,110631,602,110631,594,110631,665
156,9,2,32,9300813453,10614960543,5,9596390851,5,9308372754,43,9300813453,2168,9300813453,2424,9300813453,1370,9300813453,1357,9300813453,1362,9300813453,420,9308372754,413,9300813453,948,9300813453,409,9300813453,522,9300813453,581,9300813453,600,9300813453,589,9300813453,579,9300813453,623
157,9,2,32,12259606261,12419472746,4,12259606261,4,12598407086,34,12259606261,1414,12259606261,1546,12259606261,1445,12259606261,1421,12259606261,1369,12259606261,450,12259606261,410,12259606261,408,12259606261,414,12259606261,413,12259606261,627,12259606261,604,12259606261,607,12259606261,610,12259606261,625
158,9,2,32,8214569194,8893120055,4,8214569194,4,8366093357,35,8214569194,1405,8214569194,1383,8214569194,1527,8214569194,1441,8214569194,1376,8214569194,426,8214569194,415,8214569194,411,8214569194,406,8214569194,408,8214569194,657,8214569194,543,8214569194,537,8214569194,640,8214569194,539
159,9,2,32,10479536952,10613352676,6,10678916213,6,10633854869,47,10479536952,3057,10600576898,1759,10479536952,1384,10479536952,2364,10479536952,2061,10479536952,663,10479536952,498,10479536952,425,10479536952,699,10479536952,505,10479536952,620,10479536952,621,10600576898,583,10479536952,749,10479536952,681
160,9,2,32,9435579683,10196074328,5,9539287669,4,9611716966,41,9435579683,1400,9435579683,2354,9435579683,2422,9435579683,1374,9435579683,2093,9435579683,702,9435579683,778,9435579683,563,9435579683,456,9435579683,461,9435579683,556,9435579683,525,9435579683,575,9435579683,585,9435579683,578
161,10,2,4,42,42,4,42,4,42,32,42,422,42,313,42,230,42,252,42,259,42,420,42,449,42,432,42,1068,42,657,42,544,42,525,42,512,42,572,42,544
162,10,2,4,56,62,5,58,4,56,34,56,256,56,226,56,270,56,233,56,223,56,478,56,421,56,429,56,427,56,421,56,22,56,21,56,20,56,20,56,21
163,10,2,4,45,48,4,45,4,47,35,45,230,45,226,45,247,45,228,45,223,45,443,45,428,45,426,45,417,45,421,45,526,45,594,45,534,45,569,45,533
164,10,2,4,42,47,4,42,4,42,32,42,257,42,260,42,228,42,238,42,250,42,421,42,421,42,430,42,463,42,422,42,630,42,566,42,536,42,529,42,526
165,10,2,4,30,30,4,30,5,30,40,30,250,30,286,30,233,30,229,30,228,30,444,30,423,30,486,30,422,30,421,30,631,30,623,30,603,30,620,30,621
166,10,2,8,883,935,4,908,4,883,36,884,1491,883,1507,884,1633,883,1856,884,1952,884,485,884,434,884,469,884,530,884,551,883,537,883,531,883,558,883,542,883,568
167,10,2,8,713,761,4,747,4,714,36,713,286,713,2109,714,2189,713,427,713,245,713,433,713,519,713,456,713,462,713,458,713,627,713,650,713,641,713,626,713,642
168,10,2,8,570,607,6,587,4,584,37,570,864,570,436,570,226,570,227,570,230,570,466,570,430,570,422,570,435,570,471,570,631,570,709,570,603,570,617,570,637
169,10,2,8,643,645,4,648,4,645,37,643,436,643,762,643,1082,643,1422,643,753,643,434,643,501,643,480,643,466,643,483,643,648,643,621,645,593,643,638,643,584
170,10,2,8,498,548,4,498,4,499,37,498,238,498,247,498,240,498,321,498,287,498,428,498,414,498,412,498,422,498,413,498,628,498,663,498,665,498,650,498,702
171,10,2,16,143506,143868,5,145992,4,146458,39,143506,1527,143506,2098,143506,2473,143506,3384,143506,3240,143506,550,143506,450,143506,558,143506,576,143506,489,143506,1110,143506,1067,143506,1109,143506,1086,143506,1140
172,10,2,16,137784,160038,6,138905,6,140085,48,137784,3350,137784,1461,137784,1412,137784,1818,137784,2580,137784,712,137784,761,137784,518,137784,645,137784,620,137784,649,137784,652,137784,658,137784,609,137784,674
173,10,2,16,156911,159328,4,158651,4,158998,38,156911,2770,156911,3384,156911,2804,156911,1484,156911,3593,156911,591,156911,484,156911,715,156911,461,156911,456,156911,588,157113,648,157113,591,156911,571,156911,561
174,10,2,16,169312,178021,4,174680,4,171447,39,169312,1822,169312,1790,169312,2830,169312,2472,169312,1648,169312,457,169312,429,169312,446,169637,466,169312,521,169312,640,169401,658,169312,673,169312,668,169312,651
175,10,2,16,233792,234495,4,236064,4,239232,37,233792,1497,233792,2532,233792,1520,233792,3792,233792,1792,233792,473,233792,434,233792,451,233792,469,233792,425,233792,828,233792,755,233792,710,233792,716,233792,713
176,10,2,32,11416803567,11715047301,4,11814025855,4,11679740237,41,11416803567,2175,11416803567,1786,11416803567,1742,11416803567,1840,11416803567,3796,11416956851,557,11416956851,505,11416956851,550,11416956851,454,11416956851,677,11416803567,731,11416803567,755,11416803567,700,11416803567,687,11416803567,635
177,10,2,32,13845218572,15115513012,12,13992148398,4,14065677390,38,13845218572,2131,13845218572,2113,13845218572,1844,13845218572,1769,13845218572,2119,13845218572,425,13845218572,621,13845218572,449,13845218572,431,13845218572,602,13845218572,702,13845218572,637,13845218572,633,13845218572,689,13845218572,811
178,10,2,32,12142282399,13773330995,6,12485357361,4,12163095448,38,12142282399,2809,12163095448,1446,12142282399,1770,12142282399,3169,12142282399,1745,12142282399,669,12142282399,573,12142282399,564,12142282399,597,12142282399,475,12142282399,622,12142282399,649,12142282399,642,12142282399,647,12142282399,653
179,10,2,32,8864984010,10606755440,4,8923834823,4,8887950208,46,8887950208,1464,8874041148,1476,8874041148,1797,8887950208,1433,8864984010,3456,8892075843,519,8892075843,665,8892075843,637,8892075843,702,8892075843,534,8887950208,520,8864984010,570,8864984010,539,8864984010,538,8864984010,548
180,10,2,32,11657514785,12499186691,4,11657514785,4,11709473185,37,11657514785,1559,11657514785,1601,11657514785,1457,11657514785,1582,11657514785,1423,11657514785,424,11657514785,419,11657514785,419,11657514785,420,11657514785,435,11657514785,681,11657514785,614,11657514785,607,11657514785,633,11657514785,627
181,11,2,4,39,39,4,39,4,39,40,39,252,39,248,39,244,39,290,39,259,39,438,39,431,39,449,39,435,39,435,39,662,39,620,39,654,39,614,39,635
182,11,2,4,42,44,5,42,4,43,38,42,567,42,269,42,255,42,248,42,241,42,443,42,424,42,903,42,430,42,541,42,706,42,585,42,557,42,570,42,592
183,11,2,4,38,38,4,38,4,38,45,38,259,38,241,38,277,38,271,38,251,38,438,38,483,38,424,38,439,38,423,38,659,38,677,38,657,38,627,38,652
184,11,2,4,55,59,4,55,4,55,57,55,257,55,241,55,234,55,255,55,241,55,442,55,425,55,424,55,440,55,496,55,532,55,492,55,507,55,601,55,542
185,11,2,4,29,30,5,30,4,29,31,29,295,29,244,29,236,29,241,29,243,29,544,29,566,29,513,29,480,29,432,29,22,29,21,29,20,29,19,29,20
186,11,2,8,815,882,4,817,4,818,43,815,1664,815,430,815,2259,815,471,816,1562,816,481,815,527,815,754,816,497,815,522,816,711,815,50,815,68,815,510,815,152
187,11,2,8,892,893,4,897,4,898,39,893,1927,892,455,892,1554,893,1534,893,1843,892,647,893,522,892,758,892,1227,893,457,892,148,892,71,892,228,892,33,892,416
188,11,2,8,713,793,4,721,4,716,39,713,1149,713,1207,713,241,713,260,713,457,713,425,713,513,715,420,715,453,713,434,713,701,713,706,713,809,713,709,713,1200
189,11,2,8,725,745,5,741,5,733,54,727,2277,725,774,725,264,725,3357,725,455,725,684,725,721,725,725,726,713,725,660,725,43,725,155,725,192,725,604,725,112
190,11,2,8,664,676,4,681,4,669,38,664,255,664,2370,664,2231,664,291,664,246,664,608,664,474,664,650,664,600,664,494,664,100,664,23,664,22,664,32,664,43
191,11,2,16,192582,200643,4,193115,4,196877,40,192582,1483,192582,3512,192760,3407,192582,3776,192582,3369,192582,479,192582,557,192582,579,192582,479,192760,437,192582,831,192582,624,192582,792,192582,812,192582,777
192,11,2,16,143687,145399,4,147215,4,144766,40,143687,1843,143687,4063,143687,1540,144032,1510,143687,2113,143695,549,143791,435,143695,448,143687,763,143687,479,143687,728,143687,771,143687,682,143687,674,143687,663
193,11,2,16,181346,184244,4,183238,4,183610,40,181378,1479,181346,2960,181346,2913,181346,4493,181346,3017,182384,466,181346,498,181346,527,181346,420,181378,712,181346,663,181346,641,181346,672,181378,624,181346,627
194,11,2,16,135368,149874,4,137190,4,136133,40,135390,1491,135390,1867,135368,1513,135368,3042,135390,2680,135449,786,135452,721,135449,440,135449,631,135452,559,135368,662,135368,555,135368,535,135368,574,135368,583
195,11,2,16,118503,121466,4,118677,5,119095,39,118503,2626,118503,3009,118601,2570,118503,4270,118503,3092,118503,729,118503,546,118503,425,118503,545,118503,417,118503,662,118503,651,118503,657,118503,627,118503,618
196,11,2,32,12448178979,13845844140,4,12508820138,4,12451312403,38,12448178979,2218,12448178979,2255,12448178979,3125,12448178979,2215,12448178979,3327,12459033636,480,12448178979,478,12459033636,499,12448178979,925,12448178979,475,12448178979,644,12448178979,673,12448178979,632,12448178979,711,12448178979,698
197,11,2,32,12176408203,12989058109,7,12446116034,7,12176665398,49,12176408203,4500,12176408203,3220,12176408203,1609,12176408203,3531,12176665398,2169,12178289669,552,12176408203,870,12176408203,639,12176408203,500,12176408203,517,12176408203,751,12176408203,742,12176408203,695,12176408203,659,12176408203,681
198,11,2,32,8855491654,9145697364,7,8871367102,7,8855491654,54,8855491654,5151,8855491654,2511,8855491654,2721,8855491654,3704,8855491654,2712,8871367102,420,8858288620,804,8871367102,444,8858288620,612,8856632820,483,8855491654,861,8855491654,944,8855491654,893,8855491654,855,8855491654,886
199,11,2,32,7964529520,8370654198,9,8149927005,8,8168455289,56,7964529520,3249,7968658763,2805,7964529520,5001,7964529520,5525,7964529520,1630,7964529520,774,7964529520,766,7964529520,792,7994881175,534,7964529520,650,7976194053,932,7964529520,922,7964529520,701,7964529520,731,7964529520,738
200,11,2,32,11052024451,11715363289,4,11121959741,5,11113614808,41,11052024451,2249,11052024451,2203,11052024451,1850,11055575473,1624,11052024451,2757,11061153651,440,11061153651,513,11061153651,452,11061153651,567,11061153651,434,11052024451,680,11052024451,873,11052024451,823,11052024451,691,11055575473,651
201,12,2,4,47,51,5,47,5,47,42,47,276,47,293,47,249,47,249,47,256,47,464,47,432,47,430,47,438,47,461,47,751,47,732,47,736,47,735,47,717
202,12,2,4,49,51,5,49,4,49,35,49,264,49,250,49,261,49,698,49,261,49,439,49,436,49,423,49,441,49,434,49,572,49,773,49,523,49,531,49,660
203,12,2,4,54,58,5,55,5,55,49,54,264,54,249,54,253,54,261,54,264,54,499,54,441,54,456,54,428,54,445,54,23,54,21,54,20,54,21,54,20
204,12,2,4,56,57,4,56,4,56,35,56,252,56,261,56,265,56,247,56,303,56,431,56,441,56,431,56,461,56,429,56,672,56,552,56,593,56,525,56,555
205,12,2,4,40,43,5,40,5,40,48,40,270,40,266,40,249,40,267,40,246,40,439,40,455,40,438,40,471,40,451,40,1132,40,824,40,956,40,706,40,658
206,12,2,8,770,775,6,774,7,773,43,770,1237,770,276,770,491,770,249,770,807,770,544,770,547,771,602,770,644,770,598,770,32,770,22,770,79,770,114,770,111
207,12,2,8,850,873,4,861,5,861,56,850,2706,851,4088,850,983,851,1674,851,1640,851,500,851,496,851,478,851,819,851,449,850,515,851,781,851,792,850,107,851,812
208,12,2,8,707,772,6,710,5,721,42,707,803,707,1992,707,1484,707,783,707,263,707,793,707,504,707,566,707,513,707,572,707,737,707,1196,707,1275,707,1038,707,799
209,12,2,8,630,678,4,644,5,641,42,630,849,630,816,630,825,630,251,631,1915,630,500,630,546,630,443,630,509,630,492,630,766,630,776,630,786,630,832,630,760
210,12,2,8,590,660,4,597,4,594,42,590,2017,590,821,590,1618,590,921,590,1944,590,512,590,440,592,583,592,480,590,632,590,64,590,159,590,67,590,75,590,228
211,12,2,16,189388,203064,5,190098,5,190755,42,189388,3419,189388,2036,189388,2867,189388,3130,189388,3140,189483,769,189388,688,189388,544,189388,764,189388,935,189388,729,189388,661,189388,707,189388,744,189388,711
212,12,2,16,170826,192678,4,170970,5,175207,41,170826,4700,170826,3621,170826,2709,170826,2622,170869,2675,170826,490,170826,730,170869,810,170869,498,170826,437,170826,720,170826,733,170826,775,170826,908,170826,740
213,12,2,16,220064,225254,5,221780,5,225772,51,220064,3768,220089,2278,220064,3404,220064,4705,220064,4996,220089,795,220210,806,220089,1008,220210,571,220089,849,220064,762,220064,760,220064,825,220064,789,220064,756
214,12,2,16,112002,114850,4,112002,5,112613,42,112002,1705,112002,1614,112002,1930,112002,1687,112002,1689,112002,430,112002,444,112002,444,112002,447,112002,475,112002,1167,112002,747,112002,934,112002,708,112002,691
215,12,2,16,224301,224349,5,226641,5,227787,42,224301,1550,224379,2026,224349,2323,224301,3036,224301,3220,224379,773,224379,800,224379,571,224301,814,224379,608,224301,929,224301,973,224301,883,224301,966,224301,934
216,12,2,32,12697429956,14664635219,4,12766423378,5,12822353353,42,12697429956,3449,12701099848,4100,12697429956,2763,12697429956,4332,12697429956,3753,12701099848,802,12698209332,755,12698209332,445,12701099848,550,12704917192,449,12697429956,776,12697429956,840,12698209332,686,12697429956,718,12697429956,702
217,12,2,32,12688033897,13282371174,5,12843648603,5,12787807800,41,12688033897,2769,12695360932,4039,12698189306,4600,12688033897,1636,12688033897,1590,12711153548,530,12698857673,451,12713981922,469,12698857673,538,12698857673,731,12688033897,700,12688033897,707,12695360932,704,12695360932,740,12695360932,837
218,12,2,32,18025199651,19798236880,6,18114584029,6,18217882338,51,18025199651,3009,18025199651,2744,18025199651,4681,18025199651,3801,18025199651,3598,18025199651,517,18025199651,606,18025199651,754,18033036037,626,18025199651,1377,18025199651,864,18025199651,955,18025199651,782,18025199651,827,18025199651,770
219,12,2,32,10343759326,10452229179,4,10545295529,5,10397808481,43,10343759326,6733,10343759326,1827,10344967483,4548,10343759326,3499,10346871759,3785,10343759326,707,10343759326,730,10357137590,605,10343759326,873,10343759326,537,10343759326,664,10343759326,754,10343759326,703,10343759326,683,10343759326,697
220,12,2,32,14935756575,15798828423,4,15291300738,5,15311701631,41,14935756575,4519,14938921054,1969,14940170330,2000,14935756575,1593,14935756575,3053,14938921054,471,14938921054,545,14938921054,473,14938921054,597,14938921054,492,14935756575,862,14935756575,832,14935756575,810,14935756575,838,14935756575,784
221,13,2,4,37,37,5,37,5,37,43,37,270,37,267,37,273,37,263,37,267,37,448,37,447,37,439,37,442,37,458,37,758,37,756,37,761,37,836,37,709
222,13,2,4,49,51,5,49,5,49,40,49,277,49,261,49,277,49,298,49,264,49,508,49,451,49,434,49,439,49,436,49,531,49,547,49,609,49,563,49,509
223,13,2,4,53,54,4,53,5,53,42,53,268,53,267,53,270,53,259,53,272,53,440,53,472,53,454,53,447,53,438,53,697,53,723,53,689,53,671,53,699
224,13,2,4,57,59,7,57,8,57,57,57,317,57,266,57,258,57,267,57,262,57,486,57,451,57,533,57,687,57,549,57,756,57,795,57,742,57,711,57,720
225,13,2,4,61,61,5,61,5,61,43,61,277,61,257,61,256,61,259,61,267,61,468,61,445,61,459,61,498,61,456,61,683,61,653,61,770,61,763,61,702
226,13,2,8,956,1025,5,977,5,958,41,957,2979,957,2544,957,2404,956,269,957,2412,957,532,957,460,957,589,957,466,957,474,956,62,956,23,956,150,956,378,956,28
227,13,2,8,873,919,5,875,5,884,44,873,999,873,1212,873,267,873,1221,873,485,873,600,873,459,873,702,873,554,874,556,873,1418,873,791,873,1713,873,979,873,833
228,13,2,8,660,714,5,665,5,664,45,660,869,660,288,660,265,660,287,660,279,660,706,660,457,660,728,660,503,660,806,660,34,660,42,660,241,660,116,660,47
229,13,2,8,695,710,4,706,5,697,44,695,282,695,1224,695,1722,695,843,695,1032,695,659,695,593,695,458,696,535,695,470,695,33,695,28,695,67,695,24,696,1017
230,13,2,8,710,807,6,712,5,715,44,710,554,710,500,710,287,710,502,710,318,710,503,710,693,710,527,710,452,710,467,710,24,710,21,710,29,710,22,710,22
231,13,2,16,211279,221092,4,217701,5,218867,43,211279,2050,211279,2842,211297,5915,211279,3567,211279,3948,211504,724,211415,456,211384,433,211297,469,211415,579,211279,850,211279,799,211279,847,211279,831,211279,792
232,13,2,16,255667,278801,5,259490,5,259257,43,255718,4778,255667,4325,255718,4912,255667,6710,255718,4240,255728,858,255911,881,255728,621,255728,632,255667,480,255667,845,255667,815,255667,868,255667,826,255667,804
233,13,2,16,188639,196639,5,190278,5,191488,45,188641,4447,188639,3253,188639,6722,188641,4370,188639,4461,188688,444,188739,662,188641,760,188641,536,188688,595,188639,881,188639,792,188639,853,188639,761,188639,834
234,13,2,16,232846,237025,5,235678,5,233191,45,232881,5209,232846,2472,232846,2485,232881,3516,232846,3599,232958,761,232909,714,232899,678,232846,826,232899,511,232881,779,232881,780,232881,802,232846,866,232846,763
235,13,2,16,192142,195939,5,192468,5,193369,43,192177,3552,192177,2916,192142,3650,192142,4658,192142,3877,192271,565,192220,577,192220,530,192255,586,192284,490,192142,805,192142,793,192206,749,192142,806,192142,818
236,13,2,32,12622386138,13954917662,5,12781666408,5,12793163580,47,12625375239,6265,12625375239,3233,12622386138,1624,12622386138,6521,12633027041,1740,12630037940,600,12630037940,744,12644321757,533,12627562372,846,12644321757,662,12623914015,848,12622386138,860,12622386138,753,12622386138,792,12622386138,716
237,13,2,32,16643474530,17377524704,5,16900145131,5,16958725286,43,16643474530,4081,16652698765,2758,16643474530,4313,16652698765,3256,16645851616,3867,16650957037,530,16657359732,590,16657284819,531,16643474530,723,16645851616,519,16643474530,848,16643474530,797,16643474530,772,16645851616,798,16645851616,768
238,13,2,32,19013185985,19980291861,5,19118713686,5,19043745584,43,19015163691,3833,19015163691,5880,19015163691,5710,19013185985,2719,19014914815,3387,19015163691,694,19016578602,742,19014914815,886,19019960028,594,19015163691,1429,19013185985,798,19014914815,902,19013185985,884,19013185985,883,19013185985,836
239,13,2,32,8328658166,8581736617,5,8425302670,5,8352622952,43,8329647488,3598,8328658166,3255,8331126923,3804,8328658166,3310,8330719782,2430,8330719782,776,8330109390,586,8342198776,549,8329647488,504,8330109390,546,8328658166,806,8328658166,780,8328658166,784,8328658166,812,8328658166,897
240,13,2,32,12381496789,12811416915,5,12400421793,5,12405207660,48,12381496789,6609,12384861985,1625,12388038956,1593,12381496789,4333,12383375221,3132,12400421793,445,12384861985,542,12384861985,619,12398665493,612,12385588269,490,12400421793,721,12381496789,765,12383375221,770,12381496789,784,12381496789,776
241,14,2,4,41,41,5,41,5,41,48,41,314,41,287,41,292,41,281,41,274,41,588,41,558,41,479,41,448,41,445,41,744,41,758,41,758,41,773,41,774
242,14,2,4,69,69,5,69,5,69,45,69,282,69,275,69,283,69,270,69,269,69,468,69,444,69,444,69,448,69,443,69,763,69,746,69,764,69,799,69,798
243,14,2,4,45,46,5,45,5,45,37,45,332,45,333,45,275,45,341,45,274,45,450,45,450,45,446,45,464,45,469,45,607,45,625,45,566,45,587,45,557
244,14,2,4,63,66,5,63,5,63,46,63,281,63,270,63,285,63,272,63,274,63,451,63,466,63,447,63,446,63,471,63,754,63,774,63,755,63,809,63,763
245,14,2,4,61,64,5,61,5,61,39,61,278,61,273,61,273,61,269,61,275,61,445,61,462,61,449,61,453,61,440,61,605,61,608,61,623,61,615,61,871
246,14,2,8,930,982,8,932,8,932,61,930,1372,931,2906,930,1255,930,1695,930,274,930,906,930,575,930,729,930,469,930,623,930,801,930,882,931,671,930,827,930,831
247,14,2,8,767,802,5,771,5,768,45,767,328,767,277,767,1326,767,286,767,503,767,519,767,540,767,524,767,461,767,518,767,802,767,861,767,915,767,883,767,857
248,14,2,8,717,796,8,724,6,721,49,717,1315,717,908,717,1277,717,1319,717,505,717,952,717,582,717,478,717,479,717,590,717,24,717,364,717,118,717,60,717,125
249,14,2,8,1009,1038,5,1044,5,1012,46,1009,288,1009,280,1009,899,1009,1262,1009,272,1009,819,1009,459,1009,520,1009,556,1009,461,1009,25,1009,22,1009,52,1009,22,1009,132
250,14,2,8,761,816,5,765,5,775,46,761,500,761,876,761,283,761,917,761,1634,761,476,761,512,761,497,761,591,761,540,761,821,761,831,761,888,761,818,761,869
251,14,2,16,241596,263572,5,242253,5,242055,44,241597,4658,241597,2826,241697,4352,241597,5180,241746,2900,241667,824,241643,801,241643,1144,241643,749,241723,884,241632,858,241597,841,241597,883,241597,808,241698,800
252,14,2,16,232016,238236,5,234252,5,232507,46,232028,4280,232030,2923,232020,4142,232016,3248,232016,3212,232248,579,232028,1006,232028,664,232016,643,232063,751,232028,841,232042,865,232016,1149,232016,863,232028,802
253,14,2,16,208928,213571,5,211399,5,213397,48,208928,5970,208999,3313,208928,4185,208947,1684,208999,4072,209014,707,209303,440,209014,638,209081,512,209014,891,208947,1079,208928,952,208928,900,208947,872,208928,860
254,14,2,16,209348,234247,5,210943,5,210609,46,209348,5292,209348,2919,209349,4429,209348,1771,209348,3686,209377,535,209416,442,209513,590,209382,776,209460,516,209348,914,209348,781,209348,807,209348,861,209348,829
255,14,2,16,260612,292064,5,264540,6,260790,47,260637,3969,260616,6953,260637,6049,260616,4978,260612,2956,260675,554,260637,463,260675,671,260675,780,260637,559,260616,930,260612,1011,260612,1076,260616,985,260612,1011
256,14,2,32,14208134877,15186342254,5,14281646249,5,14265470528,46,14208134877,4057,14208134877,4841,14210868077,3071,14211084292,2111,14208134877,2876,14213868295,673,14213868295,443,14211084292,586,14214939511,604,14211084292,618,14208134877,931,14208134877,939,14210868077,931,14210868077,905,14208134877,896
257,14,2,32,11570704493,11606153196,5,11666333694,5,11573327776,46,11574086007,2169,11572142961,3378,11570871737,4056,11570704493,2892,11572982845,6012,11570871737,582,11577325862,820,11570871737,496,11570871737,1103,11570704493,525,11570871737,1036,11570871737,778,11570704493,897,11570704493,877,11570704493,875
258,14,2,32,14939319627,15034752900,5,14944960019,5,15021589565,46,14939319627,2543,14944378172,2096,14939916481,5664,14939997395,4409,14939319627,3629,14944960019,446,14939319627,456,14941293716,599,14942710348,459,14944747353,561,14939319627,856,14939319627,831,14939319627,901,14939916481,895,14939916481,904
259,14,2,32,14164572878,14327700628,5,14324296575,5,14263062372,45,14168013506,2088,14167351058,5161,14168013506,4032,14165518437,4442,14167562813,5822,14167351058,459,14170548131,495,14167351058,553,14168331458,653,14187539921,483,14164572878,939,14164572878,906,14164572878,908,14165518437,844,14164572878,834
260,14,2,32,16356293482,17360625591,5,16419062185,5,16401289189,46,16356293482,4069,16356293482,7606,16356773186,3215,16357442604,5148,16357442604,2823,16359382124,793,16359382124,688,16359382124,693,16357848192,569,16371397525,980,16356293482,877,16356773186,824,16356773186,845,16356773186,797,16356293482,843
261,15,2,4,62,63,5,62,5,62,49,62,305,62,302,62,308,62,287,62,281,62,460,62,451,62,500,62,568,62,461,62,815,62,808,62,854,62,861,62,832
262,15,2,4,60,64,5,61,6,60,43,60,304,60,280,60,283,60,300,60,286,60,467,60,450,60,448,60,460,60,463,60,24,60,22,60,23,60,23,60,23
263,15,2,4,61,64,5,61,6,61,40,61,289,61,281,61,293,61,293,61,306,61,458,61,463,61,452,61,473,61,457,61,600,61,607,61,674,61,578,61,567
264,15,2,4,61,63,5,61,6,61,41,61,342,61,288,61,319,61,287,61,289,61,577,61,466,61,503,61,477,61,456,61,603,61,637,61,595,61,706,61,614
265,15,2,4,75,75,5,76,6,76,47,75,288,75,279,75,279,75,276,75,293,75,451,75,453,75,451,75,463,75,466,75,23,75,22,75,21,75,22,75,22
266,15,2,8,964,989,5,973,5,967,45,964,1719,964,299,964,523,964,512,964,988,964,531,964,466,964,605,964,546,964,462,964,893,964,977,964,995,964,890,964,967
267,15,2,8,1031,1123,5,1036,6,1037,48,1031,307,1031,283,1031,2146,1031,511,1031,296,1031,482,1031,463,1031,594,1031,589,1031,484,1031,969,1031,907,1031,938,1031,929,1031,905
268,15,2,8,772,884,5,773,6,776,48,772,569,772,1171,772,929,772,304,772,323,772,771,772,698,772,446,772,713,772,992,772,926,772,839,772,849,772,811,772,904
269,15,2,8,855,875,5,864,6,867,48,855,356,855,339,855,288,855,519,855,292,855,544,855,555,855,729,855,587,855,763,855,1032,855,899,855,1014,855,1022,855,977
270,15,2,8,1144,1245,6,1163,6,1154,48,1144,302,1144,292,1144,319,1144,551,1144,282,1144,480,1144,826,1144,692,1144,548,1144,536,1144,919,1144,979,1144,896,1144,899,1144,884
271,15,2,16,239405,249897,5,239935,6,241061,47,239446,4310,239446,2250,239424,5239,239441,3398,239515,1770,239517,552,239438,604,239657,586,239438,865,239657,501,239441,924,239405,994,239405,986,239405,885,239405,856
272,15,2,16,223430,235611,5,225639,6,224803,48,223435,4301,223500,3249,223430,5651,223430,3025,223435,4249,223435,931,223518,632,223435,640,223624,685,223548,776,223435,945,223435,983,223438,910,223430,924,223435,962
273,15,2,16,225061,227366,5,226176,6,226230,49,225081,4153,225091,4624,225103,4007,225195,6022,225091,7084,225350,606,225147,1103,225398,590,225212,477,225377,549,225276,765,225061,1184,225061,913,225061,1049,225061,1060
274,15,2,16,283732,288862,5,286236,6,285217,48,283732,3005,283733,2140,283733,5807,283780,3919,283781,3199,283771,799,283742,760,283780,517,283753,614,284002,776,283733,916,283753,812,283742,924,283753,1027,283753,856
275,15,2,16,150657,159253,22,151762,5,151213,48,150663,3496,150657,2226,150657,2963,150657,286,150678,2991,150663,793,150711,519,150707,573,150752,504,150690,521,150707,853,150677,892,150663,991,150672,849,150694,849
276,15,2,32,20088673342,20925556724,5,20250148646,6,20227492997,55,20102059057,3262,20088673342,4207,20099446272,3447,20093317910,4155,20099046773,4322,20096308430,798,20098461527,608,20096308430,593,20088673342,701,20088673342,854,20088673342,1117,20088673342,1036,20088762917,968,20088673342,1184,20088762917,1023
277,15,2,32,17075920795,17579724056,5,17237525510,5,17088704988,50,17075920795,4955,17077891638,1831,17076045222,3487,17076045222,2665,17077891638,1744,17082159051,764,17078255952,597,17078255952,582,17076954837,605,17082159051,496,17075920795,898,17075920795,942,17075920795,943,17078952304,880,17076045222,833
278,15,2,32,12398550094,12580332846,5,12466699845,6,12430176221,49,12401070042,3534,12400525806,5747,12400162485,2156,12400525806,4287,12402194460,1743,12403928154,546,12409697992,868,12403566023,624,12403928154,718,12401070042,671,12398598644,944,12398550094,916,12398550094,923,12398550094,861,12398550094,904
279,15,2,32,18675674561,20385786907,5,18777231325,6,18746109430,55,18677072633,2190,18677490140,3591,18675674561,5841,18677490140,3786,18678730093,1911,18684139690,833,18679236935,742,18685264852,494,18677618780,773,18675674561,647,18675674561,988,18675674561,948,18675674561,913,18676903903,1026,18676149613,969
280,15,2,32,12982987409,14871159591,5,13036643049,6,13011993860,54,12985601846,2370,12985871942,2714,12984033473,5930,12982987409,3515,12982987409,3417,12984231386,991,13015289182,447,12982987409,462,12984231386,711,12995854113,531,12983014144,1033,12982987409,1014,12982987409,965,12983014144,990,12982987409,989
281,16,2,4,75,78,6,76,6,75,53,75,332,75,306,75,297,75,310,75,301,75,483,75,464,75,478,75,465,75,475,75,35,75,35,75,48,75,35,75,34
282,16,2,4,63,67,8,63,9,63,74,63,306,63,311,63,334,63,293,63,295,63,463,63,453,63,458,63,454,63,464,63,720,63,703,63,676,63,668,63,681
283,16,2,4,52,54,5,52,6,52,51,52,305,52,299,52,296,52,308,52,298,52,464,52,487,52,484,52,479,52,457,52,912,52,911,52,899,52,858,52,861
284,16,2,4,52,56,5,52,6,52,42,52,313,52,296,52,339,52,306,52,328,52,477,52,451,52,460,52,462,52,466,52,616,52,564,52,502,52,503,52,585
285,16,2,4,55,56,5,56,6,55,43,55,333,55,312,55,303,55,293,55,294,55,467,55,468,55,507,55,507,55,460,55,24,55,27,55,23,55,23,55,22
286,16,2,8,590,713,5,593,6,593,48,590,312,590,298,590,581,590,636,590,312,590,596,590,480,590,482,590,524,590,460,590,994,590,971,590,871,590,985,590,962
287,16,2,8,959,968,6,971,6,965,49,959,595,959,552,959,1771,960,2238,959,1335,959,599,959,677,959,861,959,555,959,547,959,27,959,41,959,24,959,125,959,182
288,16,2,8,1286,1338,10,1288,8,1289,86,1286,1372,1286,299,1287,2231,1286,933,1286,428,1287,539,1286,532,1287,546,1286,611,1287,455,1286,114,1286,82,1286,68,1286,40,1286,234
289,16,2,8,1157,1261,6,1169,6,1165,61,1157,308,1157,974,1157,760,1157,1058,1157,1422,1157,901,1157,724,1158,531,1157,684,1157,545,1157,90,1157,37,1157,26,1157,71,1157,35
290,16,2,8,866,935,5,871,6,870,50,866,1535,866,1009,866,1797,866,956,866,2228,866,479,866,758,866,660,866,568,866,510,866,30,866,145,866,29,866,259,866,73
291,16,2,16,301169,305076,5,302844,6,302730,49,301209,3577,301173,3926,301252,1780,301200,3449,301173,5999,301211,623,301172,675,301203,622,301200,577,301211,1210,301169,1116,301169,1086,301173,1012,301169,1056,301172,1050
292,16,2,16,327362,332219,5,327848,6,330576,51,327381,3559,327362,2426,327362,3489,327442,2702,327362,3487,327363,957,327362,919,327363,782,327378,579,327362,797,327362,1005,327362,986,327362,1040,327362,1014,327362,1472
293,16,2,16,225971,238395,6,229569,6,227678,51,225977,3974,225996,6435,225991,6803,225983,4321,225972,4804,226057,817,226080,1662,226022,489,225982,488,226034,797,225972,957,225971,1035,225971,966,225976,900,225976,1073
294,16,2,16,313777,336812,25,314762,9,315080,65,313913,2322,313793,3031,313785,3458,313793,5636,313793,3733,313785,649,313940,609,313842,505,313855,721,314120,679,313777,1112,313785,1073,313777,1017,313777,1045,313797,927
295,16,2,16,260296,261868,5,260321,6,261913,50,260321,1840,260321,1875,260321,1888,260311,3899,260321,2130,260321,465,260321,457,260321,473,260321,452,260321,453,260314,1002,260305,1097,260314,1037,260314,1041,260296,981
296,16,2,32,19624519399,20770763544,5,19670290378,6,19711615539,50,19625094271,7525,19625094271,3379,19624802993,3557,19625619919,3015,19625619919,6610,19624562002,547,19627023889,537,19640014752,589,19625035578,785,19626743016,783,19625035578,1466,19624519399,1304,19624519399,993,19624842869,1046,19626049047,1026
297,16,2,32,17078951673,17874712913,5,17134276458,6,17185987710,52,17078951673,2242,17078951673,5177,17078951673,11640,17078951673,5180,17080486548,5209,17080281597,968,17084104196,703,17080281597,1016,17085890660,1150,17080281597,899,17079983832,1026,17078951673,1056,17078951673,1036,17078951673,1103,17078951673,1029
298,16,2,32,15151627130,15622788600,5,15164800921,6,15265655559,51,15151627130,3934,15152778051,4300,15151627130,7225,15151817590,2684,15151817590,3044,15151641910,676,15153098452,748,15160162841,507,15161511847,596,15152225130,660,15152629809,1003,15151641910,989,15151817590,943,15152629809,1316,15152629809,1009
299,16,2,32,22208069054,23104723820,6,22365614367,6,22369641735,50,22208069054,3962,22209578821,8526,22214212715,2021,22209578821,2718,22213042079,5885,22208511125,675,22212262914,700,22212262914,584,22208081498,832,22209578821,846,22208069054,1116,22208128395,1018,22209116012,1080,22208069054,1087,22208889613,1056
300,16,2,32,18229348759,18884877800,5,18284555629,6,18333013818,50,18229580878,7048,18229580878,4029,18231389267,2651,18229348759,2247,18229843051,7148,18236356906,585,18232121218,912,18229843051,899,18230463570,1104,18229580878,839,18229348759,1010,18229843051,1034,18229457809,1016,18229642455,1012,18229580878,986
301,17,2,4,72,72,6,72,7,72,52,72,339,72,321,72,309,72,321,72,307,72,478,72,478,72,473,72,469,72,470,72,953,72,966,72,1362,72,1098,72,1202
302,17,2,4,58,63,7,58,7,58,48,58,332,58,311,58,307,58,306,58,328,58,476,58,462,58,482,58,473,58,459,58,637,58,663,58,623,58,682,58,671
303,17,2,4,64,65,5,64,6,64,52,64,325,64,307,64,318,64,323,64,307,64,486,64,477,64,464,64,475,64,482,64,960,64,839,64,891,64,979,64,1360
304,17,2,4,60,62,7,60,9,60,139,60,346,60,327,60,316,60,326,60,313,60,499,60,715,60,472,60,480,60,472,60,928,60,863,60,995,60,972,60,1017
305,17,2,4,71,76,6,71,6,71,53,71,314,71,359,71,325,71,308,71,326,71,461,71,472,71,460,71,471,71,469,71,677,71,708,71,697,71,682,71,710
306,17,2,8,1058,1065,6,1071,6,1072,51,1058,1006,1058,1874,1058,349,1059,2412,1058,576,1058,1072,1059,726,1058,986,1059,752,1058,621,1058,323,1058,787,1058,30,1058,900,1058,166
307,17,2,8,1044,1045,5,1045,7,1050,53,1044,336,1044,321,1044,572,1044,1598,1044,595,1044,596,1045,463,1045,467,1044,696,1045,470,1044,66,1044,40,1044,35,1044,101,1044,461
308,17,2,8,1136,1173,9,1148,11,1140,64,1136,348,1136,1046,1136,1410,1136,979,1136,1473,1136,806,1137,577,1136,975,1136,704,1136,514,1136,213,1136,293,1136,108,1136,123,1136,84
309,17,2,8,1349,1425,5,1352,16,1355,53,1349,574,1349,1019,1349,1157,1349,603,1349,348,1349,599,1349,627,1350,470,1350,624,1349,550,1349,28,1349,33,1349,26,1349,74,1349,64
310,17,2,8,1341,1461,5,1355,6,1346,51,1341,3149,1342,3192,1341,1438,1341,625,1341,321,1341,890,1341,1054,1341,534,1341,1082,1341,725,1341,29,1341,72,1341,79,1341,50,1341,67
311,17,2,16,236427,237162,6,236825,6,238074,53,236435,6799,236430,4963,236428,4148,236428,6810,236435,2825,236428,898,236555,630,236546,925,236469,879,236441,1081,236428,1028,236428,1164,236428,1004,236453,872,236445,950
312,17,2,16,281392,309512,6,283202,7,281652,53,281515,4580,281421,2261,281416,6305,281396,7560,281413,2436,281611,882,281415,702,281444,558,281581,515,281473,819,281396,1184,281405,978,281395,956,281568,854,281498,815
313,17,2,16,304476,309439,6,305943,6,305907,54,304497,3695,304502,2769,304492,8073,304720,3413,304485,5691,304517,705,304708,1059,304512,518,304511,613,304488,777,304476,1088,304485,1096,304488,1011,304476,1250,304487,1092
314,17,2,16,300244,304774,7,302522,7,301625,52,300244,5906,300251,3566,300306,4665,300253,3662,300246,4897,300253,608,300264,1016,300245,888,300276,748,300512,491,300261,1077,300245,1160,300244,1167,300244,1094,300245,1077
315,17,2,16,297245,301435,6,297882,7,297338,52,297245,327,297251,5879,297274,3602,297245,3533,297367,2739,297344,831,297328,843,297281,910,297444,977,297269,652,297245,1182,297250,1157,297257,992,297250,1231,297247,1076
316,17,2,32,17921166852,19072787653,8,17957177897,10,18026814900,54,17921166852,4091,17924334348,3583,17922393055,2397,17921828308,6777,17924334348,4420,17923854847,1081,17924898644,514,17925002835,564,17921828308,619,17924334348,1005,17921384244,1099,17922120480,1079,17922629670,1065,17922911589,1077,17922629670,1063
317,17,2,32,17918409055,18278721470,6,18206640320,7,18049458939,52,17919632112,6732,17921455311,4018,17918926650,5017,17923186312,2414,17919632112,5757,17919015994,839,17924979063,766,17921517796,986,17924164067,620,17921240966,585,17919140156,1059,17918625835,1080,17918410897,1051,17918410897,1197,17918410897,1126
318,17,2,32,12963486774,13492504031,6,12965808741,6,13053197033,54,12965596465,3501,12963486774,3254,12963995442,6789,12963797234,5343,12963797234,3411,12964565314,1204,12965808741,462,12964565314,546,12964775958,780,12965596465,626,12963753509,1120,12963781469,1053,12963753509,1019,12965272773,977,12964365577,1135
319,17,2,32,19106645844,19739950827,6,19316507553,7,19151021088,53,19107424664,4771,19112539596,4540,19116074388,1817,19106814248,3159,19106645844,4033,19106894359,678,19106814248,614,19107483937,900,19106959303,646,19106879821,764,19106645844,1064,19107691433,1100,19106645844,1087,19106766968,1235,19106823959,1128
320,17,2,32,17579995175,18001471598,6,17663712348,6,17713617232,53,17580691191,5461,17580151274,8901,17581376731,3674,17580827027,4045,17580151274,7552,17580173611,901,17581847948,777,17584341185,802,17581724432,701,17587329737,947,17579995175,1052,17579995175,1218,17580297247,1122,17579995175,1146,17579995175,1062
321,18,2,4,54,55,6,54,7,54,57,54,334,54,329,54,356,54,323,54,344,54,482,54,479,54,475,54,508,54,478,54,954,54,984,54,921,54,1049,54,974
322,18,2,4,65,67,6,65,7,65,53,65,328,65,317,65,340,65,332,65,339,65,477,65,483,65,484,65,471,65,472,65,756,65,744,65,743,65,767,65,834
323,18,2,4,71,73,10,71,11,71,83,71,343,71,322,71,332,71,349,71,333,71,500,71,474,71,473,71,479,71,481,71,680,71,712,71,767,71,752,71,751
324,18,2,4,68,70,6,68,7,68,54,68,334,68,345,68,329,68,319,68,323,68,496,68,499,68,485,68,491,68,478,68,1042,68,981,68,1015,68,1066,68,1142
325,18,2,4,70,71,7,70,8,70,59,70,349,70,352,70,370,70,350,70,318,70,496,70,479,70,552,70,474,70,491,70,594,70,645,70,667,70,772,70,748
326,18,2,8,1067,1120,10,1072,12,1070,69,1067,374,1067,370,1067,993,1067,1032,1067,328,1067,487,1067,738,1068,528,1068,546,1067,524,1067,26,1067,73,1067,25,1067,30,1067,25
327,18,2,8,1195,1242,10,1196,10,1202,68,1195,421,1195,390,1195,323,1195,624,1195,674,1195,948,1195,497,1195,573,1195,536,1195,603,1195,315,1195,271,1195,59,1195,473,1195,375
328,18,2,8,1118,1193,6,1122,7,1123,60,1118,1055,1118,466,1118,1660,1118,1038,1118,595,1118,585,1118,501,1118,620,1118,507,1118,957,1118,1167,1118,1117,1118,1170,1118,1208,1118,1122
329,18,2,8,1175,1205,6,1184,7,1176,55,1176,2387,1175,1046,1175,1057,1175,323,1175,1064,1176,566,1175,617,1175,682,1175,745,1175,667,1175,101,1175,157,1175,137,1175,102,1175,267
330,18,2,8,1557,1636,6,1560,7,1569,54,1557,1591,1557,314,1557,2083,1557,1997,1557,1736,1557,524,1557,569,1557,502,1558,637,1557,916,1557,48,1557,96,1557,36,1557,50,1557,38
331,18,2,16,329571,335489,5,330910,7,330477,54,329594,3746,329711,2360,329574,6987,329576,7841,329588,3686,329576,723,329634,869,329623,621,329576,1018,329601,909,329592,1217,329574,1243,329584,1119,329578,1131,329576,1338
332,18,2,16,274794,284003,6,275954,7,276609,55,274988,1959,274818,1915,274817,4708,274802,5149,274839,2696,274929,517,274794,922,274802,503,275060,576,274899,493,274805,1171,274796,1065,274804,1145,274799,1146,274802,1138
333,18,2,16,270587,279316,6,273453,7,272479,56,270606,6085,270603,6128,270598,5667,270598,7906,270749,3742,271012,481,270629,857,270606,946,270654,940,270628,736,270587,917,270591,1246,270591,1325,270591,1137,270591,1243
334,18,2,16,370842,379862,6,371230,7,373754,54,370845,5624,370878,3698,370879,4266,370856,4548,370845,8502,370911,822,370908,926,370851,848,370945,756,370902,606,370851,1233,370845,1259,370850,1250,370845,1127,370850,1303
335,18,2,16,297205,310886,6,301142,7,301445,55,297205,5265,297208,4309,297213,4607,297260,2009,297221,5806,297294,491,297408,530,297254,524,297206,662,297277,647,297211,1170,297208,1229,297215,1261,297208,1196,297205,1354
336,18,2,32,19947780790,20013424616,7,20152243204,7,20025501187,57,19948355975,3788,19949159367,7854,19947927642,8351,19952581223,3737,19948982808,4260,19952638012,776,19967286624,843,19949910351,636,19952649116,1065,19956134937,655,19948749780,1171,19947802557,1293,19947935105,1169,19947936674,1175,19948279027,1171
337,18,2,32,18102285125,19332092006,6,18197134530,7,18197736576,62,18102685349,3274,18103503050,4592,18103905441,5796,18102670466,4746,18103075455,4178,18104391875,567,18103027663,601,18105152784,645,18104046527,738,18102670466,870,18121090733,894,18102643036,1205,18103200521,1245,18104607789,1200,18102285125,1409
338,18,2,32,23708296437,25395618627,7,23881044827,8,23920374277,56,23717059424,4047,23711604932,3945,23708479609,6340,23709377665,1969,23711143420,4979,23726710588,1006,23715576582,802,23710692059,610,23715364451,615,23711380021,529,23708329513,1238,23709842419,1222,23708499127,1137,23709340422,1137,23708987541,1134
339,18,2,32,21523306173,21681146334,6,21545227720,7,21627846850,61,21529664957,2710,21523438080,6178,21524169149,3350,21524169149,4664,21525205565,2086,21526171637,954,21526059981,486,21533133757,575,21524564050,986,21524637671,529,21523420015,1206,21524109678,1348,21523420015,1284,21523438080,1316,21523420015,1237
340,18,2,32,16895319968,17516319265,6,16956951378,7,16950044962,55,16895620417,1934,16896292755,2856,16895319968,5324,16895327502,7137,16895319968,6091,16898572039,603,16903949260,666,16901588560,964,16899846547,828,16901412899,560,16895518206,1195,16896131362,1159,16895870857,1286,16895484483,1363,16895484483,1187
341,19,2,4,72,75,6,72,7,72,59,72,356,72,343,72,359,72,341,72,332,72,490,72,492,72,483,72,489,72,485,72,1072,72,1038,72,1098,72,1010,72,1105
342,19,2,4,86,92,6,86,7,86,55,86,341,86,347,86,332,86,331,86,348,86,490,86,489,86,499,86,528,86,484,86,1183,86,1252,86,1096,86,1076,86,1163
343,19,2,4,86,88,7,87,8,86,61,86,353,86,333,86,392,86,343,86,328,86,487,86,481,86,494,86,491,86,485,86,26,86,25,86,25,86,24,86,25
344,19,2,4,84,90,9,84,8,84,55,84,345,84,373,84,382,84,342,84,337,84,490,84,484,84,481,84,502,84,515,84,1051,84,1104,84,961,84,1075,84,1248
345,19,2,4,85,87,8,85,8,85,57,85,387,85,373,85,355,85,330,85,330,85,499,85,494,85,511,85,480,85,478,85,769,85,807,85,785,85,797,85,838
346,19,2,8,1370,1418,6,1381,7,1379,58,1370,1113,1370,1055,1370,676,1370,594,1370,2060,1370,652,1370,669,1370,639,1370,511,1370,875,1370,1423,1370,1315,1370,1334,1370,1237,1370,1270
347,19,2,8,1379,1400,6,1381,8,1386,58,1379,631,1379,604,1379,1509,1379,618,1379,1991,1380,520,1379,524,1379,1026,1379,765,1380,562,1379,1234,1379,1211,1379,1223,1379,1234,1379,1279
348,19,2,8,1100,1134,7,1106,8,1101,58,1100,406,1100,1612,1100,335,1100,614,1100,618,1101,506,1100,735,1100,546,1100,555,1100,591,1100,56,1100,195,1100,32,1100,24,1100,24
349,19,2,8,1197,1207,6,1207,7,1205,61,1197,347,1197,354,1197,1054,1197,350,1197,1011,1197,516,1197,496,1197,737,1197,740,1197,841,1197,1323,1197,1293,1197,1341,1197,1278,1197,1199
350,19,2,8,1108,1123,6,1110,7,1111,57,1108,361,1108,2446,1108,1196,1108,2084,1108,346,1108,524,1108,495,1108,583,1108,546,1108,897,1108,1246,1108,1240,1108,1204,1108,1374,1108,1316
351,19,2,16,316894,326968,7,317495,7,318960,58,316913,5203,316907,7057,316937,2134,316905,3402,316916,4306,317047,618,316916,1152,316907,854,317251,1166,317001,564,316907,1271,316896,1423,316894,979,316961,1279,316900,1269
352,19,2,16,315866,323041,6,316095,8,316256,65,315868,4847,315905,3405,315870,7649,315870,7851,315867,8222,316063,866,315873,1062,315881,569,316015,493,316095,555,315872,1186,315880,1703,315868,1362,315872,1289,315868,1302
353,19,2,16,346374,368791,7,347364,7,348599,58,346396,4337,346423,5382,346374,1515,346376,4775,346401,5784,346375,1042,346481,838,346393,896,346564,538,346570,656,346375,1232,346374,283,346382,1205,346376,1179,346381,1285
354,19,2,16,311106,333113,6,313686,7,312545,57,311130,8733,311219,3449,311151,4363,311115,5202,311121,6286,311120,838,311204,614,311171,922,311153,995,311116,904,311109,1113,311107,1237,311120,1278,311107,1178,311115,1334
355,19,2,16,333851,340502,7,335014,8,334348,58,333866,3250,333886,6109,333875,5476,333872,2090,333857,2020,333996,543,333864,510,333851,1007,333879,616,333882,1017,333863,1311,333851,1261,333852,1175,333855,1276,333874,1178
356,19,2,32,19659000610,20484159293,6,19730346121,7,19782874639,56,19659546486,3134,19659252552,7755,19659497706,7170,19659769495,2536,19659497706,5006,19660391420,835,19666644887,552,19661764383,1172,19660113420,933,19666360442,668,19659570335,1215,19659138171,1190,19659917379,1293,19659769495,1215,19659393506,1295
357,19,2,32,23597769147,24880517982,6,23784951567,7,23760845795,57,23598112726,3896,23597827164,2242,23597825361,6196,23598052653,3374,23598768108,8231,23602899647,642,23602314655,783,23601934602,760,23599946899,579,23599936764,1033,23600217537,1210,23598048686,1352,23597776202,1202,23597858479,1300,23598220731,1273
358,19,2,32,18925266152,19868729054,6,18939581249,7,19067744339,58,18927298192,7130,18926833172,2726,18925931339,5293,18925460143,5244,18925460143,4985,18925819191,716,18927979500,1181,18928723528,610,18927814643,691,18931340176,895,18925351382,1361,18925377821,1140,18925266152,1361,18925354349,1325,18925266746,1194
359,19,2,32,19424097743,20206744259,6,19438837790,7,19515039766,57,19424393621,6307,19424312728,4033,19424097743,2595,19424572614,6673,19424393621,5222,19425396887,667,19425373979,871,19425605156,585,19429828358,659,19430422000,545,19424097743,1406,19425281082,1236,19424393898,1221,19424222381,1329,19424853636,1226
360,19,2,32,17687745922,18055443839,6,17791103273,7,17808717310,57,17689213389,2508,17688662482,3446,17694880228,2450,17689246290,3768,17689913675,7617,17695589459,497,17689747608,714,17689574395,886,17694293786,1133,17691844477,561,17687879217,1251,17687919383,1318,17687950617,1281,17687838555,1210,17687943538,1164
361,20,2,4,72,73,7,72,7,72,60,72,501,72,354,72,351,72,347,72,364,72,489,72,535,72,597,72,494,72,506,72,1242,72,1134,72,1199,72,1104,72,1258
362,20,2,4,83,83,6,83,9,83,61,83,386,83,418,83,437,83,418,83,347,83,492,83,511,83,647,83,600,83,507,83,896,83,863,83,812,83,789,83,1000
363,20,2,4,101,103,7,101,8,103,66,101,395,101,352,101,350,101,347,101,341,101,495,101,576,101,600,101,505,101,500,101,864,101,840,101,865,101,931,101,853
364,20,2,4,78,82,9,78,8,78,64,78,383,78,352,78,352,78,342,78,400,78,500,78,489,78,595,78,631,78,521,78,1158,78,1127,78,1097,78,1304,78,1366
365,20,2,4,76,77,8,76,8,76,61,76,369,76,353,76,362,76,354,76,354,76,512,76,489,76,513,76,487,76,498,76,1051,76,1152,76,1259,76,1249,76,1137
366,20,2,8,1357,1452,7,1364,8,1362,58,1357,2072,1357,351,1357,824,1357,1993,1357,1678,1357,573,1357,668,1357,604,1357,685,1357,512,1357,90,1357,82,1357,27,1357,40,1357,75
367,20,2,8,975,1024,6,975,7,976,68,975,425,975,350,975,360,975,353,975,348,975,502,975,495,975,491,975,574,975,610,975,1300,975,1212,975,1341,975,1272,975,1440
368,20,2,8,1285,1319,6,1289,8,1290,61,1285,1725,1285,660,1285,2011,1285,348,1285,1067,1285,829,1285,484,1285,492,1285,713,1285,624,1285,1289,1285,1263,1285,1284,1285,1243,1285,1321
369,20,2,8,1580,1628,6,1583,7,1587,59,1580,633,1580,2239,1580,345,1580,1168,1580,820,1580,566,1580,535,1580,856,1581,494,1580,728,1580,34,1580,28,1580,29,1580,28,1580,27
370,20,2,8,1415,1422,6,1417,8,1425,66,1415,1571,1415,615,1415,2114,1415,1088,1415,363,1415,567,1415,598,1415,533,1415,855,1415,577,1415,77,1415,65,1415,69,1415,189,1415,36
371,20,2,16,345729,349234,6,347163,7,348082,58,345729,3841,345741,7909,345732,4366,345731,6299,345729,1630,345729,896,345746,868,345756,1032,345775,763,345831,774,345730,1430,345729,1265,345729,1286,345743,1377,345743,1289
372,20,2,16,352403,355985,6,352780,7,353830,59,352408,4056,352435,4870,352408,4409,352437,3967,352406,4938,352533,788,352431,540,352420,675,352420,861,352464,920,352408,1602,352409,1337,352403,1433,352409,1421,352403,1462
373,20,2,16,303446,317028,7,304029,8,304976,59,303448,3391,303448,6099,303450,9200,303458,4658,303448,3082,303478,1117,303509,591,303447,967,303550,646,303555,780,303461,1257,303447,1287,303452,1342,303461,1283,303453,1355
374,20,2,16,334829,339167,6,337210,8,336895,60,334836,4492,334846,3228,334833,5066,334832,6611,334831,7217,334844,1061,334844,1141,334848,810,334837,1042,334975,553,334839,1424,334834,1351,334837,1346,334839,1327,334853,1354
375,20,2,16,332956,349365,6,333294,8,334344,85,332962,3922,332965,8419,332965,5913,332967,5502,332967,7359,332984,766,332959,979,333001,807,332976,692,332994,957,332967,1222,332962,1390,332963,1429,332966,1311,332967,1335
376,20,2,32,22947719507,24487944806,7,23240038234,8,23119538182,59,22949762049,2156,22948276003,4564,22948729625,7329,22948410615,7740,22948617214,9379,22950423325,847,22949924319,493,22948418815,841,22954555199,621,22949408485,592,22947762092,1411,22947778459,1370,22947804648,1404,22947719507,1579,22948278864,1211
377,20,2,32,23624718167,23647402972,7,23650606616,8,23695027871,65,23627304094,2292,23625185313,4900,23625401280,7135,23627345523,2568,23626758671,5288,23627919805,751,23633839421,717,23626677730,660,23625282487,1038,23629576817,707,23625403868,1458,23625387683,1514,23625291347,1348,23624741378,1360,23624718167,1400
378,20,2,32,16390301753,16595101750,6,16398110106,7,16492203726,60,16398110106,2054,16391087803,4487,16390702220,3952,16391303950,6847,16390393291,7856,16394399544,970,16391459339,1098,16393676494,751,16393746310,649,16393528611,771,16391250092,1469,16390782834,1512,16390684789,1401,16390827533,1275,16391126910,1351
379,20,2,32,21745058158,23157871351,6,21791780917,7,21748943594,58,21745483388,3087,21745307288,5982,21746273811,4438,21745302437,4634,21746102508,4778,21750614758,694,21751245156,688,21745944268,823,21746855199,934,21745944268,652,21745523538,1291,21745204073,1459,21745202998,1299,21745479626,1463,21745436011,1296
380,20,2,32,19198455828,20376190312,6,19365133392,7,19289560170,58,19199021035,4854,19198580607,7367,19199440438,5336,19198455828,2060,19198884345,7013,19199857552,660,19202229611,767,19199722345,560,19201225436,528,19201706608,854,19199393548,1311,19199885504,1349,19199306197,1224,19198564249,1249,19198455828,1386
381,25,2,4,97,98,8,97,16,97,69,97,421,97,416,97,449,97,422,97,399,97,522,97,519,97,533,97,520,97,521,97,985,97,957,97,968,97,1003,97,897
382,25,2,4,96,98,7,97,9,96,68,96,407,96,406,96,397,96,393,96,415,96,549,96,522,96,521,96,521,96,544,96,31,96,28,96,29,96,30,96,29
383,25,2,4,126,128,7,126,8,126,67,126,406,126,399,126,421,126,392,126,405,126,534,126,530,126,533,126,529,126,524,126,1618,126,1614,126,1644,126,1686,126,1798
384,25,2,4,104,105,8,104,10,104,85,104,426,104,397,104,404,104,441,104,398,104,561,104,532,104,526,104,530,104,521,104,1432,104,1478,104,1536,104,1565,104,1558
385,25,2,4,100,103,7,100,9,100,70,100,416,100,415,100,448,100,397,100,417,100,519,100,567,100,532,100,516,100,648,100,1031,100,984,100,1171,100,971,100,986
386,25,2,8,1454,1466,7,1455,9,1464,77,1454,432,1454,408,1454,787,1454,1338,1454,398,1454,615,1454,749,1454,652,1454,936,1454,551,1454,120,1454,72,1454,63,1454,185,1454,171
387,25,2,8,1481,1490,7,1482,9,1490,73,1481,627,1481,740,1481,409,1481,1292,1481,789,1481,524,1481,1165,1481,627,1481,638,1481,878,1481,1763,1481,1950,1481,1750,1481,1774,1481,1888
388,25,2,8,1584,1614,7,1587,9,1595,70,1584,414,1584,413,1584,397,1584,547,1584,500,1584,603,1584,827,1585,528,1585,974,1584,635,1584,2044,1584,1906,1584,1696,1584,1691,1584,1780
389,25,2,8,1577,1580,7,1581,9,1582,70,1577,733,1577,413,1577,1770,1577,2710,1577,2980,1577,1015,1577,581,1577,554,1577,575,1577,598,1577,1803,1577,1802,1577,1880,1577,1968,1577,1791
390,25,2,8,1795,1867,7,1800,9,1809,69,1795,1798,1795,1994,1795,1409,1795,1896,1795,719,1795,725,1795,793,1795,630,1795,556,1795,971,1795,36,1795,31,1795,30,1795,32,1795,31
391,25,2,16,418886,439157,7,420473,12,421689,87,418891,2426,418899,3600,418892,5910,418915,5130,418914,5042,418989,793,418929,720,418929,1094,419037,676,418888,906,418892,1758,418888,1889,418888,1881,418904,2018,418890,1850
392,25,2,16,453601,467526,11,453653,9,454112,69,453609,3499,453653,2333,453653,2391,453617,3949,453653,2330,453653,524,453653,538,453653,516,453653,524,453653,517,453603,1814,453601,1855,453602,1796,453601,1830,453602,1866
393,25,2,16,312295,319392,7,312472,8,314647,70,312304,3528,312299,6254,312297,8307,312296,4749,312296,4573,312373,614,312300,1064,312472,530,312345,574,312438,607,312295,970,312295,1302,312296,1724,312295,376,312295,1141
394,25,2,16,459124,466461,8,460433,9,460974,69,459270,2325,459149,5519,459128,10196,459212,4113,459225,2348,459135,626,459152,1269,459149,1340,459141,1316,459127,544,459125,2060,459129,1781,459128,1835,459125,2121,459129,2037
395,25,2,16,414879,415013,8,416334,14,417541,70,414883,2391,414910,2883,414881,2427,414883,9045,414880,9432,415130,878,414947,976,414891,893,414969,939,414884,806,414883,1774,414887,1849,414882,1884,414882,1874,414882,1828
396,25,2,32,27574893555,28721270456,8,27576446801,9,27781882581,70,27575295217,3971,27576446801,2385,27575120273,4545,27576446801,2478,27575036133,9478,27576446801,529,27576446801,517,27576446801,528,27576446801,520,27576446801,561,27574936036,1760,27574907965,1946,27575011063,2109,27575144087,1729,27575645603,1850
397,25,2,32,30662363302,31482546970,8,30686479613,9,30889072765,71,30662928713,5787,30662885455,3528,30665573625,7562,30662532481,6871,30662526308,9489,30666775340,652,30665584576,778,30669735341,530,30665987610,932,30667101092,991,30662762415,1851,30662706009,1815,30662489747,1736,30662365022,1961,30662913625,1944
398,25,2,32,30901298532,32021998687,7,30999588754,10,31049675229,69,30904193213,6314,30903098912,4532,30901697272,8413,30901903281,6844,30901579064,4978,30913174331,699,30904154789,519,30901514946,1414,30902004444,749,30911625914,914,30901457618,1850,30901392354,1760,30901566369,1734,30901305258,1857,30901340553,1835
399,25,2,32,29131986413,29219654149,8,29361490126,10,29331346313,70,29134125558,5315,29132342806,4548,29136992725,3450,29133928100,3436,29132219674,7639,29141333792,718,29136137444,953,29136523274,587,29133182957,1161,29132267440,1424,29132113713,1668,29132032915,1917,29132328004,1837,29132070691,1909,29132102605,2019
400,25,2,32,21822522267,22347027583,8,21936715288,10,21908353209,70,21822575584,6071,21822661873,4149,21823005496,6318,21822965597,6743,21823775973,2904,21823175403,954,21829647432,705,21823032005,1020,21827187757,926,21822914977,1051,21823071133,1698,21822649943,1768,21823116685,1665,21822915033,1880,21822881796,1803
401,30,2,4,118,119,12,118,12,118,81,118,470,118,454,118,448,118,449,118,457,118,557,118,610,118,556,118,553,118,561,118,1227,118,1244,118,1409,118,1233,118,1251
402,30,2,4,117,119,9,117,11,117,83,117,499,117,456,117,495,117,445,117,455,117,553,117,597,117,577,117,565,117,550,117,1271,117,1320,117,1095,117,1299,117,1305
403,30,2,4,133,133,9,133,10,133,80,133,499,133,523,133,459,133,491,133,460,133,568,133,570,133,568,133,571,133,566,133,2289,133,2027,133,2025,133,2050,133,1931
404,30,2,4,107,110,9,107,11,107,81,107,470,107,449,107,483,107,463,107,604,107,580,107,555,107,557,107,565,107,567,107,2183,107,2146,107,2025,107,2054,107,2153
405,30,2,4,116,117,9,116,10,116,81,116,474,116,456,116,462,116,451,116,472,116,570,116,560,116,558,116,572,116,557,116,1232,116,1272,116,1165,116,1185,116,1293
406,30,2,8,1867,1918,9,1868,11,1878,96,1867,1419,1867,1372,1867,1486,1867,473,1867,1520,1867,897,1867,600,1868,553,1868,557,1867,843,1867,37,1867,35,1867,33,1867,35,1867,34
407,30,2,8,1916,1924,8,1919,11,1930,81,1916,479,1916,848,1917,3516,1916,2070,1916,1424,1916,854,1916,743,1916,552,1916,816,1916,780,1916,83,1916,46,1916,40,1916,78,1916,95
408,30,2,8,1665,1681,8,1668,10,1678,79,1665,868,1665,1605,1665,586,1665,1519,1665,1374,1666,601,1665,807,1665,812,1666,638,1665,848,1665,38,1665,36,1665,33,1665,38,1665,34
409,30,2,8,1659,1670,8,1662,10,1670,79,1659,536,1659,582,1659,464,1659,478,1659,483,1659,673,1659,633,1659,621,1659,565,1659,569,1659,2404,1659,2473,1659,2245,1659,2562,1659,2414
410,30,2,8,1890,1984,9,1893,11,1902,81,1890,876,1890,490,1890,846,1890,931,1890,844,1890,619,1890,569,1890,809,1890,644,1890,781,1890,2506,1890,2471,1890,2460,1890,2347,1890,2219
411,30,2,16,433457,439805,8,433896,11,436310,81,433458,5293,433457,3862,433461,3957,433474,5238,433462,7585,433606,834,433473,735,433472,655,433481,1039,433473,1474,433457,2763,433457,2497,433459,2403,433460,2854,433458,2752
412,30,2,16,475300,483351,9,476038,11,478749,80,475302,8986,475351,3352,475300,1958,475304,5623,475302,10089,475491,1317,475393,1626,475413,926,475344,1212,475358,1047,475300,2455,475301,2432,475300,2574,475307,2384,475303,2616
413,30,2,16,537577,568392,8,538903,11,540785,81,537581,7056,537579,7513,537597,7285,537586,7505,537580,2718,537628,571,537671,1027,537817,733,537582,970,537578,813,537577,2974,537580,2468,537578,2589,537577,2520,537582,2366
414,30,2,16,498977,500187,8,502433,11,502666,89,498979,9749,498978,8888,499011,7203,498990,5595,498980,7096,498989,999,498991,1038,498980,724,499054,949,499238,677,498982,2482,498978,2631,498977,2435,498979,2554,498978,2634
415,30,2,16,517305,528093,9,517493,11,520124,82,517305,3371,517312,2724,517308,16191,517305,3217,517323,3215,517315,1270,517323,1317,517343,944,517335,822,517326,903,517307,2612,517308,2621,517308,2547,517307,2635,517313,2617
416,30,2,32,33997129841,34457080249,8,34188561515,11,34227422818,80,34000428151,3243,33998595578,8242,33997444074,8016,33997305519,5120,33997188702,8700,34002668778,1708,33997397232,575,34003081885,952,33999325793,1797,34002608712,1039,33997170428,2697,33997332562,2483,33997154374,2480,33997243747,2608,33997525822,2634
417,30,2,32,30479376973,31590649871,10,30480093041,11,30593165991,80,30479434911,11901,30480093041,2811,30480093041,2829,30479485428,4585,30480093041,2612,30480093041,559,30480093041,578,30480093041,556,30480093041,589,30480093041,585,30479379201,2442,30479461157,2287,30479393092,2392,30479677817,2759,30479422295,2660
418,30,2,32,27990889585,28617370994,9,28003353301,11,28203084242,82,27990910787,8152,27991070369,10209,27991296247,7463,27990963089,9361,27993544333,2646,27995407707,1081,27993674167,635,27993948444,1033,27994944181,864,27994706927,662,27990924699,2553,27990951028,2239,27991246769,2221,27991101907,2430,27990900344,2323
419,30,2,32,27192693696,27247093185,8,27194208940,11,27402298147,81,27192936427,5703,27192936427,6122,27194208940,2748,27192778663,9112,27192714373,7549,27193804340,653,27193669129,766,27193861606,793,27194208940,547,27192725027,922,27193098913,2313,27192748823,2666,27192794141,2588,27192780172,2275,27192845956,2593
420,30,2,32,25532953785,26344728818,8,25549510491,11,25650474992,79,25533471080,5153,25533285410,7261,25534837467,5090,25533148061,9515,25533035261,6133,25534346748,1081,25534336734,1715,25541402713,1065,25534007604,838,25536718548,1487,25532989360,2939,25532956098,2679,25533072251,2679,25533046801,2349,25532973239,2924
421,35,2,4,147,148,10,147,12,148,92,147,543,147,540,147,513,147,540,147,606,147,605,147,591,147,601,147,592,147,591,147,1715,147,1768,147,1696,147,1822,147,1669
422,35,2,4,132,137,10,132,12,132,92,132,537,132,537,132,523,132,509,132,543,132,649,132,598,132,609,132,613,132,596,132,2505,132,2749,132,2787,132,2615,132,2505
423,35,2,4,137,141,10,137,13,138,90,137,576,137,530,137,543,137,523,137,529,137,606,137,590,137,591,137,589,137,614,137,1562,137,1700,137,1756,137,1484,137,1627
424,35,2,4,150,154,9,150,12,150,96,150,586,150,529,150,533,150,583,150,556,150,622,150,601,150,652,150,599,150,593,150,2552,150,2580,150,2867,150,2776,150,2524
425,35,2,4,135,135,13,135,16,135,121,135,538,135,521,135,508,135,543,135,535,135,726,135,646,135,602,135,591,135,597,135,2609,135,2818,135,2643,135,2883,135,2886
426,35,2,8,2411,2486,10,2412,13,2428,91,2411,2338,2411,525,2411,929,2411,1581,2411,1554,2411,756,2411,899,2411,920,2411,629,2411,1070,2411,94,2411,39,2411,42,2411,48,2411,155
427,35,2,8,2417,2474,15,2422,20,2434,106,2417,543,2417,2970,2417,933,2417,928,2417,1604,2417,900,2417,989,2417,669,2417,654,2417,809,2417,55,2417,42,2417,42,2417,42,2417,43
428,35,2,8,2626,2702,9,2627,12,2641,90,2626,2300,2626,545,2626,1026,2626,666,2626,582,2626,764,2626,662,2626,591,2626,1007,2626,810,2626,2814,2626,2946,2626,2866,2626,2749,2626,3006
429,35,2,8,2411,2476,12,2412,16,2426,113,2411,567,2411,962,2411,1712,2411,512,2411,517,2411,692,2411,907,2411,782,2411,725,2411,698,2411,3250,2411,2995,2411,2968,2411,3179,2411,3195
430,35,2,8,2022,2023,10,2023,13,2036,90,2022,1664,2022,950,2023,3048,2022,526,2022,3057,2023,592,2022,963,2022,645,2022,914,2022,1088,2022,44,2022,39,2022,82,2022,39,2022,38
431,35,2,16,578081,589542,9,579196,12,581820,90,578087,8481,578087,5997,578091,4837,578092,5808,578081,12259,578092,1534,578239,1259,578121,1305,578119,732,578097,1317,578081,3443,578084,3502,578083,3566,578084,3142,578082,3110
432,35,2,16,526698,529325,9,526753,20,530798,91,526699,8542,526698,3140,526699,7028,526701,7432,526699,10295,526753,615,526753,590,526701,807,526705,1598,526753,593,526698,3436,526698,3362,526698,3481,526698,3391,526698,3234
433,35,2,16,551923,580477,10,552005,13,556165,90,551925,3742,551923,6036,551938,5139,551924,6994,551934,7231,551963,806,551973,1046,552002,1106,551967,602,552005,590,551925,4092,551923,3497,551924,3640,551923,1028,551924,3531
434,35,2,16,564924,565652,10,564955,13,567964,89,564931,3710,564925,6498,564926,8125,564925,5136,564936,4229,564955,597,564955,615,564955,604,564955,590,564951,979,564927,3792,564925,3517,564930,3039,564926,3412,564925,3185
435,35,2,16,588301,602711,10,589214,12,590411,92,588369,3197,588315,11444,588308,9307,588314,5817,588321,5178,588449,871,588374,1090,588323,919,588424,914,588307,1478,588301,1964,588302,3349,588302,3427,588302,3230,588305,3770
436,35,2,32,37820599267,39167275958,10,37897908474,13,38102556807,90,37820737621,7553,37820703659,15244,37821226928,13871,37821743042,6525,37820774311,7863,37822256609,681,37822184731,1597,37821603722,817,37821494002,914,37821938058,938,37820711513,3336,37820769326,3282,37820693751,3111,37820624950,3286,37820863982,3310
437,35,2,32,38816407463,38934372307,10,38871915795,13,39096677366,90,38816767585,7059,38817074831,5211,38816803967,9308,38816408499,11993,38816619806,7776,38820121203,1112,38817222954,1011,38818351824,1215,38817152971,652,38820175783,641,38816508262,3266,38816607121,2989,38816565569,3078,38816584350,3283,38816511950,3328
438,35,2,32,42422247431,43132649423,9,42506948988,13,42654625138,91,42422315279,8456,42422967737,3394,42424114354,4524,42423368682,7351,42423385201,4324,42432281525,662,42448648627,659,42422285325,1117,42430234309,1064,42425287746,618,42422305146,2900,42422507779,3511,42422953806,3017,42422494767,3541,42422344416,3628
439,35,2,32,40055421893,40072993716,15,40081048069,16,40178760799,115,40055473420,10560,40056550825,9148,40056194550,7311,40055627340,6170,40056245353,6861,40056271708,724,40055597269,737,40059624139,1028,40056766005,769,40057626065,1414,40055555125,3553,40055898704,2798,40055476292,3301,40055509766,3397,40055569545,3261
440,35,2,32,45429940429,46707143969,10,45649573115,13,45467634476,89,45431935192,4359,45430843423,9805,45430895543,8944,45430692871,13198,45433892846,8128,45430735898,662,45431790490,1031,45431652615,727,45430124884,1360,45431360333,690,45430254514,3381,45430084907,3180,45430149724,3027,45430170143,3181,45430127774,3081
441,3,3,4,9,9,379,9,4,9,14,9,1120,9,1008,9,1003,9,1020,9,995,9,683,9,592,9,534,9,521,9,561,9,409,9,414,9,428,9,415,9,418
442,3,3,4,11,11,2,11,2,11,7,11,1006,11,1075,11,1073,11,1049,11,1048,11,552,11,521,11,533,11,519,11,516,11,416,11,451,11,411,11,416,11,422
443,3,3,4,12,12,2,12,2,12,8,12,1011,12,1231,12,991,12,1030,12,1036,12,518,12,515,12,952,12,548,12,547,12,430,12,418,12,428,12,414,12,443
444,3,3,4,13,13,2,13,2,13,12,13,1234,13,1109,13,1034,13,1009,13,1032,13,526,13,514,13,558,13,513,13,521,13,423,13,416,13,468,13,457,13,419
445,3,3,4,15,15,2,15,2,15,14,15,1000,15,1058,15,1056,15,982,15,1040,15,524,15,531,15,544,15,571,15,530,15,432,15,411,15,425,15,432,15,410
446,3,3,8,243,243,2,243,2,243,14,243,998,243,985,243,999,243,1005,243,1147,243,539,243,516,243,522,243,539,243,516,243,425,243,434,243,441,243,416,243,439
447,3,3,8,247,247,4,247,3,247,22,247,1047,247,1002,247,1003,247,1077,247,1010,247,538,247,518,247,551,247,520,247,528,247,421,247,435,247,422,247,446,247,424
448,3,3,8,233,233,2,233,2,233,18,233,1018,233,1016,233,1076,233,1022,233,1170,233,522,233,530,233,514,233,518,233,516,233,425,233,477,233,417,233,430,233,422
449,3,3,8,44,44,2,44,2,44,16,44,1023,44,1087,44,1021,44,994,44,1015,44,562,44,521,44,541,44,525,44,513,44,432,44,420,44,417,44,442,44,412
450,3,3,8,234,234,2,234,2,234,20,234,1054,234,1076,234,1196,234,1093,234,1084,234,548,234,522,234,514,234,517,234,526,234,426,234,430,234,412,234,418,234,413
451,3,3,16,49617,49617,2,49617,2,49617,5,49617,1005,49617,976,49617,1011,49617,1025,49617,1046,49617,522,49617,552,49617,513,49617,545,49617,665,49617,417,49617,423,49617,431,49617,413,49617,423
452,3,3,16,58065,58065,2,58065,2,58065,17,58065,1015,58065,1061,58065,1009,58065,1007,58065,1002,58065,513,58065,518,58065,513,58065,658,58065,513,58065,409,58065,467,58065,421,58065,438,58065,417
453,3,3,16,12538,12538,3,12538,2,12538,17,12538,1039,12538,1005,12538,1027,12538,1020,12538,1049,12538,521,12538,539,12538,517,12538,513,12538,513,12538,422,12538,409,12538,425,12538,420,12538,427
454,3,3,16,35613,35613,3,35613,2,35613,23,35613,1121,35613,1021,35613,1058,35613,1021,35613,1003,35613,614,35613,521,35613,525,35613,517,35613,514,35613,432,35613,410,35613,416,35613,418,35613,418
455,3,3,16,63931,63931,2,63931,2,63931,20,63931,997,63931,986,63931,1074,63931,991,63931,986,63931,521,63931,523,63931,524,63931,514,63931,524,63931,431,63931,492,63931,435,63931,414,63931,446
456,3,3,32,3613921556,3613921556,3,3613921556,2,3613921556,5,3613921556,1080,3613921556,1333,3613921556,983,3613921556,1038,3613921556,1000,3613921556,530,3613921556,589,3613921556,514,3613921556,561,3613921556,533,3613921556,418,3613921556,423,3613921556,418,3613921556,413,3613921556,408
457,3,3,32,3895446539,3895446539,2,3895446539,2,3895446539,18,3895446539,1039,3895446539,1016,3895446539,1030,3895446539,1102,3895446539,1013,3895446539,512,3895446539,540,3895446539,516,3895446539,522,3895446539,549,3895446539,534,3895446539,559,3895446539,507,3895446539,416,3895446539,415
458,3,3,32,3234308024,3234308024,2,3234308024,2,3234308024,22,3234308024,997,3234308024,982,3234308024,991,3234308024,1005,3234308024,1046,3234308024,541,3234308024,522,3234308024,518,3234308024,514,3234308024,544,3234308024,420,3234308024,413,3234308024,449,3234308024,417,3234308024,421
459,3,3,32,1693247120,1693247120,2,1693247120,2,1693247120,19,1693247120,998,1693247120,1102,1693247120,1005,1693247120,1174,1693247120,1054,1693247120,578,1693247120,514,1693247120,518,1693247120,520,1693247120,532,1693247120,467,1693247120,424,1693247120,416,1693247120,432,1693247120,413
460,3,3,32,4073870630,4073870630,2,4073870630,2,4073870630,18,4073870630,1003,4073870630,1003,4073870630,1002,4073870630,1013,4073870630,1023,4073870630,520,4073870630,520,4073870630,536,4073870630,514,4073870630,553,4073870630,420,4073870630,417,4073870630,409,4073870630,426,4073870630,416
461,4,3,4,16,17,3,16,2,16,22,16,1222,16,1167,16,1173,16,1063,16,1118,16,480,16,448,16,457,16,450,16,456,16,483,16,484,16,461,16,461,16,469
462,4,3,4,10,13,3,10,2,10,16,10,171,10,160,10,160,10,168,10,160,10,483,10,472,10,468,10,542,10,470,10,444,10,438,10,437,10,439,10,434
463,4,3,4,11,11,2,11,2,11,21,11,1091,11,1074,11,1391,11,1183,11,1101,11,461,11,439,11,446,11,489,11,439,11,524,11,490,11,496,11,487,11,485
464,4,3,4,14,16,3,14,2,14,14,14,1123,14,1105,14,1099,14,1047,14,1093,14,481,14,481,14,497,14,489,14,475,14,430,14,423,14,426,14,428,14,431
465,4,3,4,15,15,3,15,2,15,15,15,1336,15,1217,15,1226,15,1064,15,1165,15,475,15,478,15,490,15,511,15,615,15,430,15,423,15,420,15,417,15,430
466,4,3,8,225,225,3,225,2,225,23,225,1119,225,1112,225,1092,225,1075,225,1100,225,460,225,480,225,457,225,473,225,462,225,491,225,597,225,490,225,497,225,518
467,4,3,8,281,281,6,281,4,281,48,281,1142,281,1082,281,1152,281,1347,281,1128,281,550,281,447,281,455,281,451,281,571,281,509,281,482,281,486,281,518,281,487
468,4,3,8,88,88,3,88,2,88,21,88,1088,88,1235,88,1069,88,1087,88,1254,88,481,88,482,88,476,88,494,88,486,88,476,88,571,88,474,88,487,88,432
469,4,3,8,285,285,3,285,3,285,34,285,1134,285,1081,285,1095,285,1109,285,1173,285,449,285,485,285,449,285,448,285,457,285,496,285,519,285,486,285,481,285,523
470,4,3,8,223,231,3,223,2,223,23,223,1128,223,1187,223,1154,223,1293,223,1086,223,481,223,494,223,474,223,478,223,497,223,431,223,430,223,437,223,421,223,459
471,4,3,16,52288,52288,3,52288,2,52288,23,52288,1126,52288,1105,52288,1078,52288,1077,52288,1146,52288,481,52288,477,52288,484,52288,486,52288,478,52288,427,52288,423,52288,430,52288,432,52288,428
472,4,3,16,56075,56075,4,56075,4,56075,40,56075,1096,56075,1183,56075,1144,56075,1092,56075,1108,56075,480,56075,472,56075,471,56075,620,56075,512,56075,431,56075,424,56075,456,56075,437,56075,426
473,4,3,16,62921,65504,3,62921,3,62921,21,62921,1111,62921,1298,62921,1096,62921,1321,62921,1116,62921,480,62921,483,62921,473,62921,482,62921,482,62921,443,62921,424,62921,422,62921,432,62921,422
474,4,3,16,52297,69969,2,52297,2,52297,25,52297,1119,52297,1084,52297,1137,52297,1093,52297,1111,52297,529,52297,524,52297,525,52297,474,52297,488,52297,468,52297,440,52297,444,52297,436,52297,435
475,4,3,16,61731,61731,3,61731,2,61731,23,61731,1094,61731,1094,61731,1098,61731,1135,61731,1180,61731,450,61731,584,61731,511,61731,442,61731,518,61731,510,61731,606,61731,487,61731,574,61731,489
476,4,3,32,3414487092,3604201680,3,3414487092,2,3414487092,25,3414487092,1097,3414487092,1090,3414487092,1071,3414487092,1080,3414487092,1163,3414487092,496,3414487092,473,3414487092,480,3414487092,485,3414487092,496,3414487092,438,3414487092,425,3414487092,428,3414487092,453,3414487092,425
477,4,3,32,3902338927,5283198374,3,3902338927,2,3902338927,25,3902338927,1074,3902338927,1173,3902338927,1178,3902338927,1157,3902338927,1148,3902338927,475,3902338927,483,3902338927,484,3902338927,480,3902338927,491,3902338927,438,3902338927,470,3902338927,431,3902338927,446,3902338927,475
478,4,3,32,2475117874,2475117874,3,2475117874,2,2482254399,24,2475117874,1180,2475117874,1248,2475117874,1078,2475117874,1113,2475117874,1114,2475117874,502,2475117874,470,2475117874,468,2475117874,483,2475117874,468,2475117874,432,2475117874,431,2475117874,433,2475117874,429,2475117874,442
479,4,3,32,3918935825,3918935825,3,3918935825,2,3918935825,23,3918935825,1112,3918935825,1219,3918935825,1111,3918935825,1076,3918935825,1118,3918935825,503,3918935825,469,3918935825,480,3918935825,539,3918935825,552,3918935825,433,3918935825,434,3918935825,497,3918935825,427,3918935825,467
480,4,3,32,2930407442,2930407442,3,2930407442,2,2930407442,24,2930407442,1076,2930407442,1064,2930407442,1084,2930407442,1090,2930407442,1071,2930407442,482,2930407442,481,2930407442,470,2930407442,479,2930407442,471,2930407442,423,2930407442,424,2930407442,433,2930407442,442,2930407442,541
481,5,3,4,12,12,8,12,5,12,24,12,1252,12,1225,12,1157,12,1172,12,1245,12,485,12,475,12,453,12,434,12,525,12,428,12,418,12,424,12,450,12,420
482,5,3,4,14,19,3,14,3,14,26,14,1201,14,1213,14,1172,14,1182,14,1215,14,442,14,453,14,446,14,453,14,438,14,606,14,468,14,528,14,526,14,461
483,5,3,4,8,8,3,8,3,8,16,8,1174,8,1180,8,1176,8,1168,8,1181,8,446,8,442,8,441,8,458,8,456,8,427,8,424,8,443,8,447,8,423
484,5,3,4,12,16,3,12,3,12,26,12,1152,12,1290,12,1210,12,1237,12,1162,12,468,12,463,12,458,12,465,12,460,12,483,12,526,12,484,12,483,12,487
485,5,3,4,15,17,3,15,3,15,20,15,1176,15,1203,15,1170,15,1156,15,1181,15,507,15,480,15,478,15,479,15,508,15,469,15,447,15,446,15,444,15,452
486,5,3,8,251,251,3,251,3,251,28,251,1236,251,1323,251,1227,251,1258,251,1176,251,465,251,533,251,487,251,476,251,451,251,472,251,472,251,494,251,477,251,471
487,5,3,8,256,256,3,256,2,256,27,256,1205,256,1165,256,1209,256,1153,256,1343,256,461,256,451,256,451,256,480,256,452,256,493,256,481,256,492,256,498,256,625
488,5,3,8,338,390,5,338,3,338,28,338,1190,338,1148,338,1174,338,1147,338,1199,338,494,338,475,338,464,338,467,338,487,338,462,338,464,338,450,338,454,338,455
489,5,3,8,242,264,3,242,3,242,26,242,1166,242,1279,242,1319,242,1306,242,1258,242,511,242,491,242,478,242,479,242,475,242,482,242,438,242,436,242,434,242,438
490,5,3,8,179,243,3,179,3,179,28,179,1215,179,1206,179,1173,179,1172,179,1195,179,444,179,435,179,431,179,427,179,441,179,425,179,432,179,425,179,429,179,422
491,5,3,16,43550,46772,3,43550,3,43550,26,43550,1168,43550,1152,43550,1161,43550,1129,43550,1177,43550,451,43550,470,43550,447,43550,457,43550,487,43550,488,43550,487,43550,485,43550,492,43550,477
492,5,3,16,88279,93174,3,88279,2,88279,27,88279,1166,88279,1157,88279,1206,88279,1147,88279,1235,88279,459,88279,467,88279,473,88279,488,88279,462,88279,576,88279,505,88279,540,88279,513,88279,502
493,5,3,16,64442,64442,3,64442,3,64442,28,64442,1188,64442,1184,64442,1243,64442,1144,64442,1177,64442,486,64442,476,64442,526,64442,454,64442,429,64442,435,64442,422,64442,429,64442,436,64442,431
494,5,3,16,57624,57624,3,57624,3,57624,28,57624,1227,57624,1202,57624,1195,57624,1267,57624,1226,57624,486,57624,479,57624,481,57624,487,57624,476,57624,502,57624,444,57624,432,57624,435,57624,445
495,5,3,16,55915,71275,3,55915,3,55915,28,55915,1207,55915,1194,55915,1162,55915,1162,55915,1157,55915,443,55915,438,55915,431,55915,428,55915,440,55915,436,55915,419,55915,418,55915,417,55915,450
496,5,3,32,3645443158,4004529356,3,3645443158,3,3645443158,28,3645443158,1326,3645443158,1160,3645443158,1533,3645443158,1223,3645443158,1201,3645443158,449,3645443158,452,3645443158,460,3645443158,446,3645443158,471,3645443158,482,3645443158,433,3645443158,442,3645443158,458,3645443158,446
497,5,3,32,3560376609,3841558873,3,3560376609,3,3560376609,28,3560376609,1166,3560376609,1170,3560376609,1166,3560376609,1217,3560376609,1154,3560376609,497,3560376609,481,3560376609,484,3560376609,494,3560376609,494,3560376609,425,3560376609,423,3560376609,425,3560376609,422,3560376609,457
498,5,3,32,5426426193,5426426193,4,5426426193,4,5426426193,31,5426426193,1281,5426426193,1200,5426426193,1201,5426426193,1174,5426426193,1194,5426426193,543,5426426193,455,5426426193,446,5426426193,448,5426426193,480,5426426193,509,5426426193,483,5426426193,490,5426426193,494,5426426193,507
499,5,3,32,4388721866,6248679728,3,4388721866,3,4388721866,28,4388721866,1259,4388721866,1397,4388721866,1139,4388721866,1180,4388721866,1271,4388721866,435,4388721866,436,4388721866,436,4388721866,440,4388721866,538,4388721866,509,4388721866,531,4388721866,551,4388721866,492,4388721866,498
500,5,3,32,3282188772,3282188772,3,3282188772,3,3282188772,28,3282188772,1171,3282188772,1200,3282188772,1160,3282188772,1203,3282188772,1233,3282188772,448,3282188772,430,3282188772,434,3282188772,441,3282188772,433,3282188772,485,3282188772,485,3282188772,481,3282188772,521,3282188772,513
501,6,3,4,15,18,4,15,3,15,29,15,206,15,199,15,195,15,190,15,194,15,479,15,475,15,464,15,474,15,475,15,639,15,473,15,472,15,477,15,475
502,6,3,4,17,18,5,17,5,17,44,17,1235,17,1234,17,1241,17,1226,17,1275,17,503,17,540,17,478,17,516,17,480,17,484,17,487,17,473,17,471,17,485
503,6,3,4,21,22,3,21,3,21,31,21,1270,21,1294,21,1272,21,1419,21,1258,21,466,21,456,21,477,21,465,21,460,21,493,21,479,21,473,21,529,21,476
504,6,3,4,16,17,3,16,3,16,31,16,195,16,305,16,273,16,237,16,247,16,496,16,490,16,492,16,503,16,481,16,490,16,443,16,456,16,448,16,443
505,6,3,4,20,20,3,20,3,20,30,20,1221,20,1248,20,1404,20,1310,20,1392,20,483,20,487,20,494,20,475,20,518,20,473,20,453,20,495,20,512,20,468
506,6,3,8,224,224,3,224,3,224,32,224,1326,224,1233,224,1253,224,1261,224,1210,224,467,224,483,224,483,224,466,224,617,224,490,224,525,224,497,224,495,224,489
507,6,3,8,288,332,3,288,3,288,30,288,1345,288,1351,288,1312,288,1232,288,1252,288,479,288,486,288,588,288,489,288,455,288,496,288,468,288,518,288,470,288,459
508,6,3,8,423,440,3,423,3,424,31,423,1236,423,1258,423,1197,423,1277,423,1333,423,502,423,474,423,485,423,473,423,489,423,500,423,471,423,475,423,556,423,494
509,6,3,8,368,368,4,368,3,368,30,368,1384,368,1229,368,1233,368,1257,368,1315,368,466,368,461,368,459,368,454,368,463,368,492,368,490,368,492,368,482,368,508
510,6,3,8,152,152,4,152,3,152,31,152,1310,152,1327,152,1434,152,1336,152,1257,152,484,152,486,152,483,152,498,152,487,152,468,152,456,152,495,152,451,152,458
511,6,3,16,61641,75915,3,61641,3,61641,31,61641,1311,61641,1304,61641,1252,61641,1273,61641,1239,61641,472,61641,461,61641,444,61641,441,61641,443,61641,439,61641,431,61641,427,61641,446,61641,505
512,6,3,16,65497,71011,4,65497,3,65858,31,65497,1294,65497,1320,65497,1254,65497,1230,65497,1254,65497,487,65497,505,65497,497,65497,557,65497,484,65497,465,65497,468,65497,450,65497,471,65497,466
513,6,3,16,90023,109230,3,90023,3,90023,30,90023,1205,90023,1249,90023,1228,90023,1283,90023,1453,90023,451,90023,449,90023,460,90023,469,90023,464,90023,494,90023,482,90023,549,90023,492,90023,483
514,6,3,16,93058,93259,3,93058,3,93058,31,93058,1243,93058,1266,93058,1229,93058,1211,93058,1207,93058,462,93058,463,93058,475,93058,464,93058,482,93058,482,93058,477,93058,476,93058,487,93058,498
515,6,3,16,61993,75796,3,61993,3,61993,29,61993,1314,61993,1365,61993,1276,61993,1231,61993,1247,61993,466,61993,463,61993,482,61993,468,61993,456,61993,479,61993,475,61993,490,61993,470,61993,474
516,6,3,32,2611767320,2611767320,3,2611767320,3,2611767320,30,2611767320,1210,2611767320,1257,2611767320,1197,2611767320,1226,2611767320,1220,2611767320,490,2611767320,514,2611767320,493,2611767320,487,2611767320,485,2611767320,467,2611767320,456,2611767320,466,2611767320,451,2611767320,454
517,6,3,32,4593533862,4640680814,3,4593533862,3,4593533862,30,4593533862,1292,4593533862,1258,4593533862,1248,4593533862,1257,4593533862,1220,4593533862,562,4593533862,467,4593533862,454,4593533862,484,4593533862,449,4593533862,527,4593533862,531,4593533862,528,4593533862,506,4593533862,512
518,6,3,32,4686667720,4820668055,3,4686667720,3,4686667720,31,4686667720,1321,4686667720,1232,4686667720,1394,4686667720,1363,4686667720,1288,4686667720,478,4686667720,471,4686667720,473,4686667720,463,4686667720,471,4686667720,495,4686667720,462,4686667720,494,4686667720,461,4686667720,473
519,6,3,32,6639486813,7506855008,3,6639486813,4,6668181963,30,6639486813,1231,6639486813,1287,6639486813,1255,6639486813,1263,6639486813,1247,6639486813,474,6639486813,483,6639486813,466,6639486813,470,6639486813,483,6639486813,487,6639486813,480,6639486813,485,6639486813,666,6639486813,601
520,6,3,32,3089304844,3845312725,5,3089304844,4,3089304844,38,3089304844,1383,3089304844,1309,3089304844,1235,3089304844,1252,3089304844,1217,3089304844,516,3089304844,558,3089304844,547,3089304844,484,3089304844,497,3089304844,437,3089304844,440,3089304844,432,3089304844,433,3089304844,428
521,7,3,4,23,24,25,23,4,23,34,23,1325,23,1597,23,1327,23,1312,23,1281,23,491,23,478,23,478,23,474,23,511,23,536,23,525,23,473,23,462,23,471
522,7,3,4,26,27,5,27,4,26,35,26,225,26,382,26,205,26,213,26,260,26,533,26,475,26,512,26,546,26,486,26,462,26,463,26,461,26,458,26,456
523,7,3,4,19,21,3,20,4,19,32,19,215,19,214,19,218,19,204,19,225,19,506,19,544,19,519,19,487,19,554,19,496,19,490,19,506,19,499,19,499
524,7,3,4,21,27,4,21,3,21,32,21,1439,21,1438,21,1268,21,1334,21,1329,21,467,21,469,21,478,21,475,21,488,21,499,21,477,21,512,21,481,21,503
525,7,3,4,19,25,4,19,10,19,27,19,210,19,209,19,223,19,203,19,221,19,465,19,468,19,464,19,462,19,483,19,480,19,496,19,489,19,478,19,488
526,7,3,8,248,370,3,248,3,254,33,248,1370,248,1427,248,1318,248,1298,248,1311,248,465,248,452,248,451,248,457,248,452,248,541,248,526,248,501,248,501,248,528
527,7,3,8,390,421,4,408,3,390,34,390,2216,390,1943,390,1286,390,1304,390,1425,390,490,390,480,390,561,390,510,390,499,390,537,407,468,390,494,390,494,390,525
528,7,3,8,358,364,4,358,3,358,34,358,1339,358,1315,358,1326,358,1339,358,1353,358,468,358,475,358,466,358,488,358,475,358,498,358,488,358,492,358,482,358,495
529,7,3,8,365,477,3,387,3,365,32,365,1316,365,1575,365,1374,365,1638,365,1308,365,500,365,471,365,506,365,463,365,548,365,480,365,473,365,505,365,465,365,481
530,7,3,8,405,447,4,405,3,405,34,405,1332,405,1349,405,1307,405,1305,405,1320,405,475,405,487,405,473,405,481,405,473,405,464,405,473,405,611,405,477,405,478
531,7,3,16,93614,116823,4,97594,3,93614,34,93614,1646,93614,1342,93614,2598,93614,1633,93614,1598,93614,491,93614,475,93614,491,93614,494,93614,458,93614,466,93614,462,93614,463,93614,454,93614,454
532,7,3,16,102512,109803,4,105325,4,102512,33,102512,1419,102512,2865,102512,1711,102512,2390,102512,2640,102512,535,102512,482,102512,476,102512,544,102512,509,102512,530,102512,504,102512,518,102512,519,102512,534
533,7,3,16,79280,81427,4,79280,3,79280,34,79280,1407,79280,1357,79280,1447,79280,1404,79280,1335,79280,472,79280,477,79280,481,79280,472,79280,508,79280,484,79280,480,79280,483,79280,503,79280,475
534,7,3,16,72327,73873,4,72327,3,72327,34,72327,1339,72327,1327,72327,1345,72327,1313,72327,1287,72327,462,72327,464,72327,450,72327,471,72327,458,72327,511,72327,486,72327,580,72327,501,72327,523
535,7,3,16,87149,89919,4,87149,4,87600,33,87149,1378,87149,1319,87149,1369,87149,1363,87149,1301,87149,500,87149,483,87149,476,87149,588,87149,480,87149,495,87149,483,87149,503,87149,501,87149,493
536,7,3,32,5624763520,6490569666,4,5624763520,3,5624763520,53,5624763520,1384,5624763520,1431,5624763520,1386,5624763520,1482,5624763520,1423,5624763520,475,5624763520,470,5624763520,476,5624763520,470,5624763520,467,5624763520,529,5624763520,494,5624763520,484,5624763520,498,5624763520,535
537,7,3,32,3791045950,4804603457,4,3791045950,3,3791045950,43,3791045950,1388,3791045950,1297,3791045950,1317,3791045950,1333,3791045950,1301,3791045950,534,3791045950,545,3791045950,519,3791045950,487,3791045950,472,3791045950,492,3791045950,500,3791045950,498,3791045950,529,3791045950,587
538,7,3,32,4484810802,5252118206,5,4484810802,4,4484810802,34,4484810802,1354,4484810802,1334,4484810802,1372,4484810802,1298,4484810802,1348,4484810802,534,4484810802,464,4484810802,467,4484810802,470,4484810802,531,4484810802,499,4484810802,519,4484810802,519,4484810802,500,4484810802,510
539,7,3,32,3896963126,3896963126,4,3896963126,4,3896963126,33,3896963126,1344,3896963126,1319,3896963126,1819,3896963126,1428,3896963126,1533,3896963126,455,3896963126,443,3896963126,446,3896963126,439,3896963126,460,3896963126,474,3896963126,451,3896963126,466,3896963126,449,3896963126,452
540,7,3,32,6191846568,7041089944,3,6422077751,3,6191846568,33,6191846568,1302,6191846568,1355,6191846568,1314,6191846568,1340,6191846568,1950,6191846568,526,6191846568,479,6191846568,470,6191846568,482,6191846568,463,6191846568,514,6191846568,552,6191846568,502,6191846568,523,6191846568,976
541,8,3,4,23,27,5,25,4,23,37,23,478,23,222,23,219,23,223,23,263,23,483,23,592,23,529,23,720,23,528,23,493,23,487,23,495,23,493,23,492
542,8,3,4,22,23,4,23,4,22,37,22,1409,22,1447,22,1387,22,1452,22,1461,22,518,22,529,22,500,22,507,22,488,22,470,22,889,22,458,22,459,22,501
543,8,3,4,18,22,4,18,4,18,37,18,259,18,224,18,217,18,224,18,268,18,484,18,718,18,482,18,500,18,467,18,523,18,537,18,486,18,483,18,529
544,8,3,4,21,27,5,21,4,21,38,21,260,21,230,21,232,21,229,21,218,21,470,21,477,21,501,21,456,21,472,21,531,21,492,21,511,21,539,21,603
545,8,3,4,24,25,6,25,5,24,44,24,1529,24,1376,24,1451,24,1456,24,1334,24,518,24,503,24,516,24,507,24,484,24,458,24,459,24,466,24,453,24,445
546,8,3,8,316,366,4,327,4,316,37,316,2935,316,1467,316,2040,316,1428,316,1419,316,513,316,479,316,470,316,468,316,485,316,540,316,486,316,482,316,485,316,482
547,8,3,8,352,379,4,363,4,354,38,352,2035,352,1403,352,1402,352,2709,352,2384,352,546,352,507,352,501,352,475,352,471,352,505,352,506,352,532,352,553,361,453
548,8,3,8,490,561,4,508,4,507,37,490,3118,490,3402,490,4064,503,1413,490,3137,490,608,490,671,490,716,490,496,490,516,490,555,490,543,490,524,490,589,490,539
549,8,3,8,214,282,4,214,4,214,39,214,234,214,229,214,231,214,227,214,221,214,465,214,504,214,461,214,477,214,462,214,499,214,517,214,504,214,510,214,498
550,8,3,8,372,459,4,372,4,372,36,372,1496,372,1386,372,1364,372,1478,372,1752,372,477,372,467,372,491,372,466,372,494,372,598,372,537,372,531,372,550,372,576
551,8,3,16,88293,118807,7,91537,5,88293,39,88293,1493,88293,1390,88293,2749,88293,1385,88293,2327,88293,513,88293,717,88293,711,88293,511,88293,623,88293,519,88293,502,88293,547,88293,522,88293,515
552,8,3,16,92792,104686,4,92792,4,92792,38,92792,1437,92792,1388,92792,1763,92792,1374,92792,1370,92792,598,92792,583,92792,474,92792,475,92792,499,92792,514,92792,505,92792,506,92792,500,92792,500
553,8,3,16,76957,80851,4,78010,4,76957,38,76957,1467,76957,2506,76957,1796,76957,2157,76957,2458,76957,487,76957,473,76957,472,76957,467,76957,494,76957,526,76957,542,76957,529,76957,531,76957,512
554,8,3,16,78652,86134,5,78652,4,82759,38,78652,1394,78652,1366,78652,1382,78652,1510,78652,1481,78652,478,78652,490,78652,480,78652,472,78652,483,78652,472,78652,539,78652,463,78652,473,78652,491
555,8,3,16,67870,78918,4,67870,4,67870,38,67870,1396,67870,1380,67870,1447,67870,1393,67870,1375,67870,467,67870,501,67870,466,67870,479,67870,474,67870,515,67870,522,67870,511,67870,509,67870,494
556,8,3,32,7540202400,9526431085,4,7627927143,4,7627927143,37,7540202400,1432,7540202400,2521,7540202400,1437,7540202400,1444,7540202400,3358,7540202400,620,7540202400,524,7540202400,606,7540202400,545,7540202400,473,7627927143,458,7540202400,479,7627927143,470,7540202400,473,7627927143,457
557,8,3,32,3616605905,3616605905,4,3616605905,4,3619509348,37,3616605905,1454,3616605905,1473,3616605905,1401,3616605905,1914,3616605905,1379,3616605905,454,3616605905,468,3616605905,463,3616605905,452,3616605905,444,3616605905,478,3616605905,486,3616605905,446,3616605905,452,3616605905,461
558,8,3,32,6484374953,7756047942,4,6741773678,4,6484374953,38,6484374953,3039,6484374953,1708,6484374953,1350,6484374953,2185,6484374953,3517,6484374953,649,6484374953,492,6484374953,524,6484374953,655,6484374953,466,6484374953,511,6484374953,512,6484374953,506,6484374953,514,6484374953,524
559,8,3,32,5217456827,5798335753,4,5217456827,4,5219853709,38,5217456827,1367,5217456827,1383,5217456827,1369,5217456827,1352,5217456827,1383,5217456827,475,5217456827,467,5217456827,472,5217456827,469,5217456827,466,5217456827,522,5217456827,492,5217456827,504,5217456827,492,5217456827,672
560,8,3,32,7330147088,7959715754,8,7826746546,5,7562055384,47,7330147088,1829,7330147088,1368,7330147088,2256,7330147088,1390,7330147088,2661,7330147088,636,7330147088,520,7330147088,567,7330147088,661,7330147088,649,7330147088,599,7330147088,604,7330147088,595,7330147088,562,7330147088,582
561,9,3,4,26,28,4,27,5,27,39,26,255,26,240,26,243,26,248,26,232,26,551,26,518,26,478,26,547,26,633,26,488,26,457,26,488,26,541,26,468
562,9,3,4,24,25,4,24,4,24,39,24,245,24,245,24,269,24,237,24,236,24,489,24,496,24,488,24,483,24,501,24,506,24,515,24,502,24,494,24,499
563,9,3,4,18,20,4,18,4,18,37,18,250,18,250,18,234,18,241,18,235,18,494,18,505,18,478,18,498,18,478,18,501,18,533,18,566,18,516,18,513
564,9,3,4,30,35,4,30,4,32,37,30,266,30,286,30,253,30,261,30,233,30,488,30,501,30,529,30,581,30,513,30,595,30,519,30,539,30,521,30,574
565,9,3,4,30,31,8,30,5,30,42,30,257,30,234,30,249,30,268,30,248,30,493,30,488,30,502,30,491,30,489,30,519,30,510,30,522,30,560,30,531
566,9,3,8,362,411,4,384,4,363,39,362,1911,362,3841,362,1915,362,1483,362,1865,362,512,362,490,362,506,362,483,362,886,362,575,362,673,362,556,362,565,362,550
567,9,3,8,320,347,4,330,4,336,41,320,2557,320,2577,320,2207,320,3974,320,2543,327,526,327,512,327,582,327,503,327,582,320,614,320,592,320,602,320,601,320,739
568,9,3,8,415,467,8,415,6,425,54,415,1514,415,1451,415,1589,415,1563,415,1525,415,530,415,475,415,532,415,593,415,539,415,578,415,600,415,574,415,580,415,580
569,9,3,8,289,343,5,305,4,295,41,289,2949,289,2480,289,2477,289,3218,289,2862,295,697,291,604,291,677,291,477,295,488,289,490,295,469,295,482,297,512,289,479
570,9,3,8,283,323,4,285,4,283,41,283,1472,283,424,285,1453,283,265,283,253,285,486,285,484,285,495,285,476,285,470,283,488,283,491,283,517,283,509,283,480
571,9,3,16,78773,82518,4,79338,4,79141,39,78773,3481,78773,1843,78773,2828,79141,2162,79141,1781,78773,487,78773,588,78773,591,78773,636,78773,561,78773,501,78773,474,78773,506,78773,484,78773,494
572,9,3,16,90004,117255,4,90004,4,90004,40,90004,1519,90004,1521,90004,1442,90004,1491,90004,1457,90004,473,90004,462,90004,483,90004,489,90004,474,90004,522,90004,513,90004,514,90004,502,90004,519
573,9,3,16,92390,108818,5,92390,4,92390,39,92390,1456,92390,1485,92390,1479,92390,1551,92390,1538,92390,473,92390,483,92390,490,92390,479,92390,472,92390,551,92390,756,92390,547,92390,529,92390,533
574,9,3,16,109348,137431,5,114310,4,109348,40,109862,1705,109384,2488,109348,2538,109384,3236,109348,3832,114310,484,114310,473,114310,543,114310,601,114310,623,109384,598,109348,587,109348,570,109348,624,109348,560
575,9,3,16,64028,88765,4,64028,4,64028,69,64028,1507,64028,1508,64028,1473,64028,1467,64028,1449,64028,474,64028,452,64028,447,64028,463,64028,475,64028,447,64028,452,64028,452,64028,452,64028,895
576,9,3,32,6493552374,7888268760,5,6493552374,5,6507349453,40,6493552374,1604,6493552374,1532,6493552374,1466,6493552374,1448,6493552374,1438,6493552374,480,6493552374,477,6493552374,475,6493552374,471,6493552374,705,6493552374,574,6493552374,538,6493552374,535,6493552374,541,6493552374,521
577,9,3,32,7879725751,8510660827,4,8135347381,4,7985908473,39,7879725751,4925,7879725751,2133,7922666607,1839,7879725751,4218,7879725751,2481,7922666607,601,7922666607,686,7922666607,659,7922666607,634,7922666607,641,7879725751,538,7879725751,539,7879725751,529,7879725751,518,7879725751,530
578,9,3,32,7472555177,7790110087,4,7848120956,4,7472555177,40,7472555177,2614,7472555177,2508,7472555177,3193,7472555177,2473,7472555177,2179,7622245935,577,7622245935,527,7622245935,513,7622245935,498,7622245935,557,7472555177,575,7472555177,554,7472555177,580,7472555177,566,7472555177,551
579,9,3,32,5495678013,7209293335,4,5495678013,4,5495678013,40,5495678013,1482,5495678013,1763,5495678013,1513,5495678013,1454,5495678013,1502,5495678013,476,5495678013,466,5495678013,475,5495678013,473,5495678013,630,5495678013,526,5495678013,521,5495678013,525,5495678013,529,5495678013,516
580,9,3,32,4025590945,5889639620,4,4025590945,4,4124222575,42,4025590945,1488,4025590945,1572,4025590945,2014,4025590945,1560,4025590945,1849,4025590945,481,4025590945,471,4025590945,489,4025590945,481,4025590945,470,4025590945,531,4025590945,542,4025590945,522,4025590945,529,4025590945,550
581,10,3,4,36,43,5,38,5,36,42,36,832,36,298,36,250,36,273,36,258,36,710,36,519,36,546,36,533,36,539,36,511,36,540,36,523,36,543,36,546
582,10,3,4,31,32,5,33,4,33,40,31,492,31,256,31,247,31,264,31,380,31,535,31,519,31,498,31,517,31,569,31,544,31,551,31,573,31,547,31,622
583,10,3,4,23,28,6,23,5,23,43,23,282,23,253,23,246,23,245,23,246,23,514,23,526,23,499,23,485,23,492,23,498,23,486,23,500,23,473,23,484
584,10,3,4,24,27,4,24,4,24,48,24,298,24,289,24,246,24,255,24,252,24,495,24,510,24,491,24,496,24,491,24,539,24,532,24,560,24,529,24,545
585,10,3,4,25,27,5,25,5,25,41,25,285,25,253,25,251,25,268,25,270,25,497,25,631,25,523,25,543,25,559,25,609,25,594,25,545,25,548,25,542
586,10,3,8,362,424,4,389,5,362,43,367,1552,364,2741,367,1645,362,3437,364,2061,364,768,362,614,364,599,362,979,362,701,367,548,364,496,367,537,364,501,364,504
587,10,3,8,565,614,5,585,5,567,43,565,2765,565,3073,565,4705,567,2686,565,2366,565,813,565,537,565,619,567,602,565,509,566,643,566,594,566,586,566,568,566,572
588,10,3,8,551,599,5,555,5,584,43,551,2567,551,2951,551,3485,551,2711,551,3319,551,750,551,759,551,680,551,700,551,816,551,585,551,576,551,593,551,550,551,792
589,10,3,8,328,380,8,328,6,330,54,328,1559,328,1524,328,1624,328,1602,328,1667,328,604,328,489,328,495,328,481,328,480,328,591,328,608,328,592,328,559,328,606
590,10,3,8,382,409,4,408,5,382,44,384,1843,382,2886,382,2506,382,1522,382,2900,382,498,382,549,382,554,382,595,382,558,382,613,382,581,382,596,382,605,382,612
591,10,3,16,105184,124280,5,108458,4,105528,40,105184,2553,105184,1444,105266,2476,105184,1589,105184,4320,105528,699,105528,503,105528,659,105528,634,105528,884,105184,475,105184,452,105184,443,105184,455,105184,458
592,10,3,16,69199,80908,5,70165,4,70369,39,69199,3799,69199,3602,69206,3946,70165,1455,69199,3249,69199,521,69199,619,69199,572,69199,643,69199,678,69199,506,69199,481,69206,434,69199,477,69199,465
593,10,3,16,87189,101553,4,90173,4,87541,39,87189,3257,88050,2322,88052,3266,87189,3368,87541,2459,87189,667,87189,605,87189,470,88449,628,88449,591,87189,562,87189,538,87189,575,87189,555,87189,562
594,10,3,16,131339,142754,5,139632,4,131339,40,131339,1498,134026,1862,131339,2202,131339,2167,131339,3781,131339,561,131339,656,131339,499,131339,584,131339,627,131339,579,131339,551,131339,580,131339,544,131339,539
595,10,3,16,89945,96574,4,89945,4,90009,40,89945,1582,89945,1507,89945,1571,89945,1593,89945,1636,89945,492,89945,450,89945,450,89945,454,89945,473,89945,596,89945,513,89945,501,89945,497,89945,507
596,10,3,32,8995705198,9334117308,5,9505606771,5,9194183457,42,8995705198,4229,8995705198,3492,9006098833,3236,9006098833,3703,9006098833,1897,8995705198,932,8995705198,846,9006098833,614,8995705198,507,8995705198,765,8995705198,567,9167535440,507,8995705198,578,8995705198,565,9032628468,496
597,10,3,32,9074498786,10129609119,5,9087615016,5,9382859765,42,9074498786,2362,9087615016,1594,9087615016,1526,9074498786,2594,9074498786,3371,9074498786,528,9074498786,738,9087615016,480,9074498786,539,9074498786,804,9087615016,549,9087615016,508,9087615016,533,9087615016,534,9074498786,541
598,10,3,32,6244711745,8413378686,5,6439102000,5,6253196443,44,6244711745,3493,6244711745,3306,6244711745,2554,6244711745,1980,6253196443,1521,6298087588,764,6439102000,487,6439102000,488,6439102000,483,6298087588,618,6244711745,509,6244711745,522,6253196443,506,6244711745,530,6244711745,505
599,10,3,32,9099518239,9384908778,4,9895835183,4,9488412381,41,9099518239,3540,9105303863,1584,9105303863,4818,9239046377,1509,9099518239,2628,9105303863,513,9099518239,674,9099518239,557,9099518239,522,9105303863,671,9099518239,634,9099518239,555,9099518239,579,9099518239,568,9099518239,543
600,10,3,32,8768259170,9332933253,5,9051616365,4,8907703402,42,8768259170,5228,8804030561,2982,8768259170,4142,8768259170,3096,8784458084,1528,8768259170,676,8768259170,812,8768259170,853,8768259170,799,8768259170,612,8768259170,549,8768259170,557,8768259170,680,8768259170,572,8768259170,564
601,11,3,4,34,39,5,36,5,34,39,34,268,34,274,34,508,34,1603,34,265,34,583,34,564,34,569,34,522,34,518,34,27,34,24,34,28,34,37,34,32
602,11,3,4,20,22,5,21,5,20,43,20,269,20,262,20,266,20,280,20,265,20,586,20,619,20,567,20,514,20,535,20,472,20,476,20,548,20,535,20,482
603,11,3,4,25,29,5,25,5,25,35,25,300,25,283,25,261,25,260,25,261,25,498,25,499,25,485,25,491,25,607,25,525,25,503,25,581,25,483,25,491
604,11,3,4,31,37,5,31,5,31,57,31,285,31,270,31,261,31,260,31,262,31,490,31,514,31,489,31,487,31,483,31,549,31,524,31,563,31,539,31,553
605,11,3,4,39,39,5,40,5,39,43,39,1603,39,1580,39,1645,39,1680,39,1670,39,541,39,519,39,514,39,516,39,549,39,496,39,535,39,502,39,486,39,506
606,11,3,8,476,569,5,487,5,480,45,477,2352,476,5220,476,6603,476,3495,477,3529,476,744,476,910,477,576,476,546,477,536,476,590,477,554,476,573,476,553,476,573
607,11,3,8,527,587,9,533,7,545,58,527,5016,527,3868,527,4645,527,3085,527,4332,528,842,530,602,528,736,528,959,528,924,527,608,527,607,527,598,527,606,527,600
608,11,3,8,476,537,5,498,5,476,45,480,3071,476,1967,479,2332,476,1202,476,501,486,788,486,581,486,718,486,692,486,501,476,555,476,575,476,638,477,622,476,498
609,11,3,8,365,435,5,385,5,368,47,365,2018,365,1633,366,2724,365,1588,365,1217,366,792,370,540,366,806,366,729,370,705,365,596,365,586,365,650,365,595,365,569
610,11,3,8,544,621,5,576,5,570,45,549,2790,544,1636,547,2328,544,2304,549,4669,544,1165,547,530,546,1023,544,825,547,938,544,567,544,569,544,549,544,587,544,597
611,11,3,16,111729,133975,5,111939,5,112315,47,111729,3383,111939,1632,111939,1568,111939,1581,111939,1558,111939,495,111729,574,111729,721,111729,832,111729,797,111729,514,111729,527,111729,513,111729,510,111729,616
612,11,3,16,126431,142942,8,128329,5,127026,56,126431,3180,127087,3175,126431,3939,126431,1579,126431,4916,126431,575,126431,552,127087,512,126431,689,126806,576,126431,508,127087,523,127087,498,127087,503,127087,480
613,11,3,16,92308,100135,5,93160,5,92963,46,93160,1679,92308,3458,93160,1723,93160,1569,92308,2307,93160,490,92308,871,92308,792,92308,526,92308,729,92308,521,92308,535,92308,515,92308,581,92308,517
614,11,3,16,79917,83616,5,82283,5,79917,46,80183,1999,80348,2360,80796,3196,79917,3711,79917,3618,80844,629,82283,494,80844,612,80844,680,80844,605,79917,537,79917,537,79917,517,79917,530,80478,555
615,11,3,16,133687,155711,5,140219,5,136595,45,134433,1977,133858,3575,133687,3240,133687,2390,133687,3537,133858,808,133687,928,133687,535,133687,487,133858,854,133687,637,133687,635,133687,599,133687,638,133687,591
616,11,3,32,6566225182,7681617417,5,6566225182,5,6566225182,46,6566225182,1570,6566225182,1651,6566225182,1644,6566225182,2023,6566225182,1892,6566225182,488,6566225182,475,6566225182,481,6566225182,472,6566225182,583,6566225182,487,6566225182,489,6566225182,478,6566225182,502,6566225182,495
617,11,3,32,10363209144,11788154948,5,10667589881,5,10592283282,44,10363209144,4278,10448579149,2491,10363209144,6130,10436097070,2565,10363209144,3545,10363209144,764,10374283565,503,10403509684,506,10363209144,601,10363209144,722,10363209144,562,10363209144,543,10363209144,542,10363209144,597,10436097070,565
618,11,3,32,7726564431,9313776832,5,7852912780,5,7852912780,45,7726564431,4300,7726564431,3841,7726564431,3465,7726564431,3663,7726564431,3544,7735309319,694,7726564431,522,7727719643,1082,7735309319,898,7726564431,537,7727719643,582,7735309319,566,7735309319,570,7726564431,572,7735309319,563
619,11,3,32,7746633209,9437292369,5,7764950115,5,7764950115,45,7746633209,2783,7746633209,2713,7746633209,3021,7746633209,1614,7747730251,2688,7764950115,595,7746633209,494,7746633209,612,7764950115,484,7764950115,484,7746633209,573,7746633209,572,7746633209,607,7746633209,600,7746633209,584
620,11,3,32,8037625929,9200992648,5,8184931165,5,8647191300,45,8106519950,3140,8056101152,2006,8044210730,4184,8056101152,2680,8044210730,4281,8056101152,717,8037625929,772,8037625929,939,8037625929,588,8067622717,627,8037625929,545,8056101152,521,8056101152,522,8056101152,513,8037625929,584
621,12,3,4,31,39,5,31,5,31,47,31,285,31,280,31,273,31,275,31,288,31,530,31,503,31,499,31,511,31,500,31,590,31,582,31,601,31,580,31,581
622,12,3,4,21,23,5,21,5,21,45,21,296,21,275,21,318,21,273,21,283,21,502,21,503,21,511,21,512,21,499,21,576,21,551,21,588,21,559,21,544
623,12,3,4,21,23,8,21,8,21,54,21,299,21,282,21,283,21,288,21,277,21,653,21,566,21,529,21,499,21,519,21,477,21,477,21,553,21,557,21,524
624,12,3,4,35,40,5,35,5,36,46,35,318,35,273,35,287,35,309,35,273,35,596,35,549,35,513,35,505,35,497,35,635,35,578,35,626,35,578,35,586
625,12,3,4,36,43,5,36,5,36,46,36,295,36,274,36,274,36,269,36,271,36,619,36,500,36,491,36,503,36,504,36,600,36,548,36,565,36,567,36,569
626,12,3,8,375,439,5,383,5,398,46,379,1655,377,2873,375,3274,377,5960,376,4809,377,810,377,505,377,853,375,700,377,584,376,622,375,208,375,566,375,22,375,23
627,12,3,8,453,514,5,466,5,458,48,455,2523,453,3794,453,4581,453,3643,455,3997,455,490,455,536,455,774,455,912,455,507,454,527,454,570,455,474,455,460,453,504
628,12,3,8,527,556,5,538,5,529,49,529,2195,529,3006,528,3419,528,3281,527,2027,527,581,529,771,527,890,527,950,527,607,527,590,528,585,527,546,527,578,528,560
629,12,3,8,512,610,5,525,5,513,47,517,2087,513,3232,512,5109,513,2845,513,2871,513,1064,517,652,513,495,515,604,513,878,513,602,513,742,513,602,517,572,513,610
630,12,3,8,568,704,5,588,5,570,56,569,2504,568,3211,569,1637,569,5073,568,1680,569,802,569,618,569,877,568,582,569,686,569,660,568,622,569,603,569,584,569,579
631,12,3,16,122111,134799,5,125844,5,124668,48,122111,6094,122111,6103,122208,3215,122111,4785,122208,2424,122208,634,122111,748,122111,505,123073,491,122980,574,122208,649,122111,618,122111,667,122111,680,122111,646
632,12,3,16,165950,174633,5,168682,5,169242,51,166123,4757,166123,4364,166758,1990,166123,6454,166123,3184,166123,608,166441,939,166506,902,166123,618,166244,945,165950,652,166046,629,166244,634,166583,536,165950,695
633,12,3,16,119336,127019,5,121148,5,120723,48,119336,2859,119448,2437,119336,3284,119336,3617,119336,4040,119448,521,119619,715,119619,1082,119336,636,119336,602,119336,601,119336,611,119336,622,119336,600,119336,642
634,12,3,16,124186,155292,8,127640,7,127297,62,124977,4461,125030,4011,124977,1673,124977,3713,124977,3205,124186,755,124186,900,125030,803,125373,552,125030,679,124186,626,124977,605,124977,589,124186,606,124186,632
635,12,3,16,103240,109307,5,104531,5,103850,47,103240,3261,103240,3430,103240,3156,103240,3198,103240,4204,103359,652,103240,643,103240,1131,103240,663,103240,488,103240,605,103240,636,103240,584,103240,620,103240,618
636,12,3,32,9135004824,10811503219,5,9311956364,5,9137362208,48,9135004824,3665,9137985849,4545,9137985849,1807,9137985849,2420,9137985849,2920,9137985849,529,9135004824,904,9135004824,647,9135004824,702,9137985849,992,9135004824,582,9137985849,591,9137985849,589,9135004824,593,9135004824,585
637,12,3,32,9556722112,9794514128,5,10075344170,5,9617707890,48,9561684009,3231,9623161169,2977,9556722112,2870,9622669787,2012,9561684009,4808,9624867156,750,9665934340,800,9642457462,572,9624867156,853,9630503148,741,9556722112,626,9556722112,612,9556722112,641,9556722112,623,9556722112,636
638,12,3,32,6860446980,7440228025,5,6878413662,5,6866533422,48,6866533422,3083,6860446980,4920,6873599407,2857,6866533422,3263,6861278708,3270,6866533422,809,6878413662,499,6866533422,770,6873599407,933,6866533422,1130,6878413662,646,6873599407,524,6860446980,551,6866533422,612,6873599407,613
639,12,3,32,8619088597,10547146858,6,8944940916,6,8987055942,49,8662798805,3883,8671552139,2472,8619088597,4461,8671552139,2816,8662798805,3249,8673497457,521,8673497457,667,8619088597,553,8662798805,614,8619088597,661,8619088597,618,8671552139,541,8671552139,591,8619088597,637,8619088597,585
640,12,3,32,9210420554,9888060765,5,9345551094,5,9350014919,47,9211874703,2476,9211874703,2821,9259856152,2007,9254811702,1716,9211874703,3734,9211874703,698,9211874703,568,9211874703,863,9211874703,664,9225460790,703,9210420554,683,9210420554,709,9210420554,863,9210420554,765,9210420554,702
641,13,3,4,35,37,7,35,6,35,63,35,305,35,307,35,288,35,362,35,310,35,524,35,519,35,502,35,508,35,504,35,609,35,613,35,588,35,585,35,565
642,13,3,4,31,33,6,32,6,31,45,32,1796,31,912,31,542,31,298,31,301,31,518,31,577,31,523,31,539,31,518,31,24,31,21,31,21,31,21,31,25
643,13,3,4,25,27,5,25,6,25,65,25,296,25,299,25,298,25,284,25,295,25,529,25,511,25,514,25,539,25,518,25,555,25,549,25,560,25,600,25,573
644,13,3,4,28,32,6,28,6,28,48,28,296,28,302,28,306,28,298,28,291,28,508,28,507,28,513,28,508,28,504,28,563,28,557,28,554,28,562,28,578
645,13,3,4,43,46,6,43,6,43,51,43,310,43,300,43,290,43,286,43,326,43,530,43,622,43,606,43,512,43,521,43,556,43,509,43,549,43,524,43,483
646,13,3,8,514,570,5,525,6,520,63,517,2189,515,3414,515,3982,514,2580,515,3423,518,830,516,539,515,988,516,1202,516,541,514,645,514,610,514,660,514,606,514,603
647,13,3,8,488,633,6,496,6,490,51,488,966,488,1701,488,930,488,2138,488,1386,488,685,489,703,489,556,489,550,488,836,488,662,488,650,488,658,488,660,489,620
648,13,3,8,489,593,11,496,8,498,78,490,6009,491,5296,489,4643,489,4637,489,3778,492,664,493,520,491,792,493,888,493,725,490,1069,490,594,490,644,489,789,489,610
649,13,3,8,597,615,6,638,6,606,52,605,4293,598,3747,602,5125,605,3605,601,5012,599,887,603,501,602,598,598,603,597,941,597,29,597,25,597,22,597,24,597,23
650,13,3,8,527,603,5,537,6,528,50,532,2596,529,4853,528,3713,528,4759,528,5799,527,1192,528,830,528,507,527,890,529,677,528,636,527,628,528,550,527,583,527,599
651,13,3,16,114675,124687,5,116093,6,114842,52,114675,3970,114679,2387,114675,7901,114675,3822,114675,5932,114787,647,114787,835,115192,930,115343,721,114787,543,114675,671,114711,589,114675,608,114675,622,114675,596
652,13,3,16,131943,159548,5,133156,6,132922,50,132317,4190,132613,3838,132317,2173,132317,5386,132424,4543,132698,926,132397,735,132397,785,132591,907,132215,601,132167,681,131943,625,132317,618,132167,629,132317,586
653,13,3,16,145406,157636,5,152774,6,149503,50,145406,6259,145729,6880,145582,3260,146671,1763,146344,2522,145501,534,145582,785,145502,868,145406,588,145693,990,145502,608,145406,581,145573,564,145406,582,145573,596
654,13,3,16,153076,168831,6,156233,6,154720,50,153557,3864,153382,2086,153339,2182,153348,6615,153630,3785,153339,527,153333,905,153339,693,153339,1207,153224,730,153076,770,153076,642,153224,671,153076,673,153076,688
655,13,3,16,156283,169617,5,158424,6,159254,51,157243,3069,156283,4941,156626,2598,158424,2052,156304,3822,156283,870,156283,517,156283,667,156283,644,156283,571,156283,610,156283,612,156283,609,156283,608,156283,581
656,13,3,32,11072729274,11672420650,6,11383005640,6,11094239816,50,11074532142,3515,11094239816,1980,11074532142,4266,11083439047,1712,11072729274,10161,11072729274,900,11074532142,560,11077811305,1013,11082356958,749,11077811305,906,11072729274,543,11072729274,543,11072729274,552,11072729274,527,11072729274,554
657,13,3,32,11516353148,13433118169,5,11707351217,5,11625631788,54,11545841649,5363,11581241764,3646,11537828694,2473,11545841649,5235,11545841649,3425,11516353148,961,11530121662,682,11516353148,1044,11516353148,607,11537828694,877,11519112505,617,11516353148,656,11516353148,537,11519112505,628,11516353148,512
658,13,3,32,11611848979,12508890500,5,11938165247,5,11715573118,50,11616755536,2208,11650857507,1750,11634249314,2598,11614946759,5449,11611848979,2254,11632051979,943,11614946759,980,11614946759,1064,11611848979,1091,11670242651,1298,11611848979,913,11611848979,716,11611848979,672,11611848979,653,11611848979,723
659,13,3,32,10721813975,11800786579,6,10933679478,6,10804257005,50,10734344021,3301,10734344021,5431,10734344021,6259,10734344021,3340,10734344021,3482,10768458447,770,10761678143,786,10780988493,810,10765783574,958,10768458447,1027,10721813975,653,10734344021,646,10721813975,632,10767843944,589,10721813975,685
660,13,3,32,9177130701,9653975688,5,9344003476,6,9311962418,51,9229835463,3082,9204178379,3642,9190275746,3807,9233128719,5150,9190398876,4593,9229835463,882,9229835463,1210,9261306914,740,9246273764,558,9263755727,980,9177130701,595,9190398876,575,9190275746,623,9177130701,630,9177130701,666
661,14,3,4,40,41,6,42,6,41,52,40,564,40,307,40,312,40,299,40,931,40,1174,40,732,40,569,40,678,40,527,40,55,40,25,40,24,40,22,40,80
662,14,3,4,34,36,6,34,6,34,51,34,313,34,303,34,346,34,318,34,308,34,530,34,531,34,590,34,513,34,520,34,648,34,620,34,647,34,624,34,634
663,14,3,4,40,45,6,40,6,40,52,40,315,40,306,40,308,40,310,40,329,40,545,40,518,40,517,40,518,40,525,40,564,40,1316,40,592,40,661,40,539
664,14,3,4,38,42,5,38,6,38,50,38,391,38,305,38,307,38,307,38,337,38,546,38,514,38,531,38,526,38,516,38,634,38,778,38,509,38,612,38,553
665,14,3,4,46,49,6,48,6,47,52,46,318,46,297,46,305,46,317,46,299,46,618,46,534,46,604,46,537,46,556,46,25,46,23,46,24,46,32,46,23
666,14,3,8,650,711,6,683,6,654,62,652,6007,654,3743,650,2622,650,1763,651,6485,652,818,651,719,651,868,655,1206,652,1082,650,781,650,753,650,752,654,596,650,626
667,14,3,8,657,718,6,664,6,664,54,657,2673,657,2558,658,3665,657,2248,657,3197,658,1151,658,778,658,1100,659,944,659,1003,657,711,658,617,658,651,657,624,657,610
668,14,3,8,429,436,6,434,6,437,52,429,2220,430,2511,429,1379,431,4222,429,1873,431,663,430,975,429,741,430,545,429,987,433,581,429,572,431,508,429,630,430,550
669,14,3,8,602,668,5,614,6,610,53,603,3626,602,1035,602,1805,602,2281,602,575,605,711,603,885,603,718,604,992,606,639,602,683,602,705,602,672,602,692,602,699
670,14,3,8,616,700,6,618,6,617,52,618,1917,618,1813,617,3526,617,3056,617,2617,617,719,617,523,617,527,618,508,617,591,617,610,617,552,617,589,617,585,617,585
671,14,3,16,214892,240411,5,219599,6,219342,53,215034,7353,215047,5163,215254,2612,215304,5775,215410,5637,215241,571,214932,1242,215099,966,215304,800,214932,1011,214892,759,214981,699,214994,720,214932,715,214892,727
672,14,3,16,176192,196152,6,180843,6,178470,51,176998,6870,176450,3335,176329,3113,176918,3644,176998,3113,176998,1062,176254,840,176754,519,176254,854,176433,942,176426,703,176192,770,176307,699,176254,1281,176192,721
673,14,3,16,171308,188241,6,172185,6,173419,53,171308,4442,171524,2060,171308,4501,171721,5000,171673,5212,171308,536,171805,868,171524,888,171804,521,171417,1197,171308,637,171504,784,171504,731,171308,633,171308,602
674,14,3,16,155015,172417,6,157369,6,155913,54,155117,6408,155117,5421,155538,4917,155117,6562,155671,5381,155842,713,155322,768,155909,583,155610,803,155535,970,155015,629,155015,691,155020,822,155015,690,155015,620
675,14,3,16,155745,162520,6,159731,6,156227,53,155846,6617,156023,3965,156739,1787,156023,7586,155846,3070,155745,752,156739,691,156168,788,156378,862,156087,807,155846,640,155745,583,156058,617,155745,706,155745,834
676,14,3,32,9249600325,10512245418,9,9449498259,9,9375672406,67,9269951707,6781,9291547786,2685,9249600325,6556,9264481724,7202,9285003648,1746,9319725588,1091,9263952330,1158,9319725588,788,9319725588,820,9264481724,757,9258461206,631,9258461206,621,9249600325,687,9249600325,638,9258461206,627
677,14,3,32,11692845018,13207613923,6,11903003025,6,11920692742,52,11712633275,3855,11710516016,4322,11701031824,5519,11703332828,6521,11726691557,3450,11765617002,713,11746193778,767,11707422839,954,11708784006,948,11701031824,804,11701813087,642,11701031824,638,11701813087,628,11701031824,684,11703040423,641
678,14,3,32,9300723246,9743177643,6,9507865084,6,9423590908,53,9319636745,4911,9321438578,4352,9300723246,7238,9301688501,6180,9319636745,3483,9300723246,910,9356674254,895,9414605506,699,9300723246,883,9312169727,807,9301688501,673,9300723246,671,9300723246,626,9300723246,632,9300723246,647
679,14,3,32,9290175838,9402715327,6,9428745163,6,9410561560,53,9290175838,8895,9290175838,4301,9290175838,5126,9324396330,2550,9304758147,4885,9315188308,511,9290175838,718,9305828901,692,9305828901,690,9305828901,1093,9305828901,617,9305828901,630,9315188308,634,9290175838,609,9320315829,680
680,14,3,32,11664796889,12451138627,6,11777570712,6,11949163603,53,11696066518,7843,11674390113,5194,11674702210,3909,11674390113,4644,11674702210,5813,11664796889,631,11709775490,855,11708458507,721,11675482434,637,11675482434,541,11674702210,595,11665108986,641,11665108986,630,11674702210,636,11694766363,653
681,15,3,4,37,39,6,38,7,38,55,37,583,37,325,37,1054,37,315,37,987,37,695,37,566,37,720,37,543,37,531,37,26,37,23,37,23,37,48,37,23
682,15,3,4,28,31,6,28,6,29,53,28,360,28,322,28,319,28,328,28,321,28,666,28,552,28,584,28,768,28,604,28,543,28,514,28,505,28,546,28,581
683,15,3,4,37,44,7,37,7,37,55,37,370,37,315,37,328,37,334,37,324,37,525,37,517,37,538,37,520,37,521,37,622,37,617,37,626,37,576,37,570
684,15,3,4,44,46,6,45,6,44,53,44,341,44,610,44,345,44,321,44,313,44,637,44,571,44,550,44,528,44,812,44,627,44,637,44,658,44,631,44,664
685,15,3,4,45,49,6,45,6,45,65,45,342,45,340,45,318,45,312,45,317,45,531,45,541,45,960,45,731,45,562,45,563,45,634,45,552,45,590,45,546
686,15,3,8,817,894,6,838,7,828,63,819,4071,819,6730,820,4117,818,6371,818,5388,820,721,819,872,818,732,819,653,818,1350,817,209,817,474,817,602,817,83,818,696
687,15,3,8,634,673,10,646,7,643,55,635,4845,635,6954,638,2389,635,2168,635,6875,635,1028,635,883,635,982,634,1208,634,1463,634,207,635,717,634,38,634,58,634,549
688,15,3,8,665,752,10,677,8,674,72,667,2335,665,2016,665,2745,667,2333,666,2761,667,962,669,614,665,585,666,1194,665,1315,665,759,665,658,665,663,665,657,665,757
689,15,3,8,730,765,7,738,7,733,56,731,4898,732,3296,730,4499,731,4274,732,4161,731,1719,731,902,734,1238,732,812,731,959,730,682,730,723,731,677,730,702,730,718
690,15,3,8,632,656,6,649,6,645,55,632,4202,632,973,632,2751,632,1171,634,3695,635,853,632,797,632,911,634,746,637,543,632,752,632,716,632,691,632,715,632,710
691,15,3,16,186681,193287,6,188285,6,192296,54,187606,3942,186718,5456,186718,7139,186718,5165,186718,6138,187034,904,187034,1094,188017,512,187319,1081,186776,989,186924,685,186681,699,186820,682,186681,709,186718,667
692,15,3,16,146119,163583,6,149330,7,146854,55,146381,2011,146315,6419,146320,4022,146315,6772,146276,5841,146718,1170,146400,916,146718,904,146475,1213,146441,655,146243,611,146119,676,146119,669,146239,670,146287,731
693,15,3,16,157916,178802,6,159018,7,158527,59,158176,4510,158279,3379,158021,5330,158005,5496,157928,7852,158176,605,159018,518,157938,805,158176,1079,158174,970,158174,684,157938,673,157916,661,157928,650,157928,586
694,15,3,16,167207,171683,6,168055,6,168176,54,167222,12848,167553,2307,167351,1876,167278,4190,167553,2356,167468,609,167552,1167,167217,790,167653,589,167278,914,167278,681,167207,568,167468,591,167278,603,167217,731
695,15,3,16,175615,194354,6,180491,7,177203,54,175987,3721,175888,6964,175995,3217,175657,8308,175729,2682,175615,1223,175615,1373,176041,1041,175721,931,175721,1094,175716,702,175629,639,175812,621,175805,568,175726,586
696,15,3,32,13026113522,14812452592,6,13148212243,6,13246124292,55,13029293159,6344,13029293159,5331,13038512137,2419,13038512137,6327,13033180021,4529,13073780862,967,13029293159,762,13060977935,791,13060977935,646,13051507898,800,13026113522,757,13060977935,655,13029293159,730,13026113522,745,13026113522,627
697,15,3,32,11692534027,12358546366,6,11854880424,6,11949829495,53,11722291188,4650,11702043061,3606,11761365901,2315,11695277250,4535,11709029015,4053,11744858344,559,11701414549,1068,11724700161,1011,11715321369,896,11715321369,693,11693863945,729,11692534027,705,11693863945,782,11696905152,838,11704030826,750
698,15,3,32,9102762474,11020701433,6,9245327787,6,9217186339,55,9138035690,2334,9108690672,2307,9114792301,4489,9138035690,2340,9108176541,4692,9111336337,1128,9131727563,1277,9153855776,1031,9120340511,1126,9111336337,1036,9102762474,710,9102762474,692,9110108594,674,9104185207,668,9103671076,712
699,15,3,32,10090598411,11905991390,6,10446235652,6,10161996731,55,10101691141,7354,10119702135,3410,10100945045,3581,10100945045,7028,10117752755,4625,10115796224,957,10117752755,554,10109187196,870,10120015756,1032,10104411120,810,10109187196,631,10093879089,697,10102432380,608,10127435521,574,10110132567,615
700,15,3,32,11014736599,11867564628,6,11087661051,6,11082534075,54,11015536222,4879,11026788032,5100,11026788032,4912,11021081882,7093,11049546522,3226,11055858819,684,11044433112,1026,11021081882,1094,11046982220,1113,11048332583,817,11018857710,672,11018310970,681,11021175503,669,11015536222,681,11014736599,705
701,16,3,4,44,47,7,46,7,45,57,44,338,44,325,44,585,44,626,44,581,44,585,44,581,44,568,44,697,44,563,44,26,44,27,44,23,44,23,44,23
702,16,3,4,43,44,6,43,7,43,55,43,366,43,339,43,323,43,324,43,323,43,535,43,537,43,546,43,534,43,534,43,682,43,666,43,640,43,698,43,653
703,16,3,4,48,51,6,48,8,48,56,48,368,48,327,48,328,48,334,48,335,48,541,48,526,48,545,48,538,48,523,48,675,48,679,48,696,48,634,48,668
704,16,3,4,49,55,6,49,7,49,56,49,336,49,351,49,327,49,339,49,333,49,550,49,546,49,540,49,537,49,547,49,712,49,621,49,649,49,674,49,616
705,16,3,4,44,47,6,45,7,45,55,44,616,44,342,44,988,44,324,44,364,44,581,44,525,44,735,44,654,44,604,44,40,44,34,44,55,44,37,44,29
706,16,3,8,722,802,6,741,7,742,68,722,1927,722,3271,722,583,722,328,722,632,723,546,723,951,722,1160,722,916,722,1042,722,769,722,728,722,752,722,749,722,752
707,16,3,8,779,816,6,793,6,790,56,783,3274,780,7373,781,6036,780,3342,783,3274,779,1145,781,886,781,1335,780,560,781,1096,779,1083,779,682,779,785,779,953,780,714
708,16,3,8,738,779,13,743,7,753,58,739,5363,739,4341,739,2364,739,2848,738,600,740,879,741,580,739,942,742,570,739,705,738,694,738,751,738,733,738,690,738,738
709,16,3,8,473,507,6,477,6,476,58,474,3343,474,2445,473,2401,473,3768,473,2598,475,1416,475,732,474,976,473,1176,474,834,474,555,475,712,477,525,477,512,477,555
710,16,3,8,592,619,6,596,7,595,57,592,2476,592,3395,592,1874,592,1558,592,2105,592,1155,593,781,593,808,592,1046,592,812,592,732,592,701,592,845,592,755,592,745
711,16,3,16,123289,139834,8,124156,7,124023,58,123352,5470,123398,6971,123609,6096,123421,2881,123380,8169,124035,552,123550,1409,123691,706,123387,772,123691,983,123363,677,123363,684,123616,569,123496,687,123537,583
712,16,3,16,147994,178394,6,150059,7,150219,57,148060,4236,148090,7985,148060,7794,148670,2402,148117,8432,148414,619,148087,681,148640,793,148542,1161,148037,824,148003,701,148026,720,148047,707,148037,719,148028,752
713,16,3,16,169206,184079,6,172666,7,172907,57,169842,2425,169244,6629,169244,4574,169724,6578,169761,3812,169363,1007,169608,939,169437,1206,169206,835,169288,1183,169244,722,169222,748,169206,726,169206,746,169247,762
714,16,3,16,178723,180846,6,182593,7,180659,56,178798,2398,179668,2417,179441,1908,178907,2789,179208,4332,179110,1056,179054,872,179110,1175,178950,627,179281,648,178745,785,178837,714,178798,730,178755,691,178750,737
715,16,3,16,161375,174403,6,161768,7,163756,58,161768,1950,161666,4186,161768,1996,161768,2161,161399,5548,161768,530,161768,550,161768,526,161401,700,161768,567,161375,803,161375,912,161495,752,161467,701,161399,766
716,16,3,32,13679494831,14292571599,6,14295510454,7,13989567781,57,13725330655,2923,13694773291,6747,13714638522,4667,13716435961,5505,13729455251,4274,13698696891,1067,13690128479,848,13714570540,1067,13686611949,1139,13712813683,1348,13682377681,835,13686611949,747,13679494831,761,13689965888,719,13686611949,730
717,16,3,32,11353658758,12026106416,6,11407927568,7,11438121640,59,11359097428,3685,11359054782,3830,11356359770,10289,11359097428,4113,11359097428,4091,11407927568,547,11382335149,850,11359789358,1126,11359097428,1016,11359097428,789,11356402416,675,11353658758,702,11353658758,662,11358217187,649,11353958903,602
718,16,3,32,10464284643,12187273100,6,10716290132,7,10571482852,57,10483295596,3340,10464627361,10219,10477348715,4693,10479086573,2816,10483295596,2408,10464301468,1037,10489091967,552,10473290202,965,10527183262,774,10496422620,1222,10471552344,722,10471552344,656,10471552344,590,10477348715,545,10471552344,592
719,16,3,32,12679287688,13495495920,7,12760506394,7,12752025985,56,12689053171,5949,12696197313,5466,12696197313,4166,12696197313,3749,12696197313,4158,12694147432,750,12732336869,740,12701143057,904,12760506394,661,12732336869,852,12679400072,920,12696883207,655,12694577284,719,12708109295,630,12679400072,722
720,16,3,32,13779010595,14861710873,6,14101553819,7,13820227607,56,13796908260,4152,13786752031,8275,13790680409,8338,13787668460,6400,13792749045,9533,13799515657,855,13799467244,1180,13780650229,781,13799515657,824,13796807373,768,13786752031,996,13779010595,816,13780650229,706,13780485641,774,13779965691,804
721,17,3,4,48,51,7,49,8,48,61,48,387,48,378,48,358,48,364,48,344,48,543,48,533,48,568,48,553,48,585,48,721,48,741,48,723,48,687,48,672
722,17,3,4,55,61,6,56,7,55,57,55,350,55,617,55,339,55,346,55,340,55,628,55,580,55,698,55,554,55,583,55,688,55,600,55,637,55,826,55,745
723,17,3,4,42,50,8,42,8,42,54,42,368,42,349,42,358,42,348,42,339,42,546,42,530,42,532,42,556,42,568,42,564,42,566,42,622,42,597,42,563
724,17,3,4,33,37,6,33,7,33,52,33,356,33,343,33,342,33,364,33,363,33,533,33,532,33,534,33,559,33,556,33,488,33,525,33,511,33,515,33,487
725,17,3,4,52,54,6,53,7,52,68,52,426,52,347,53,2005,52,1533,52,348,52,598,52,583,52,557,52,726,52,588,52,34,52,31,52,26,52,24,52,37
726,17,3,8,746,787,7,761,7,754,59,746,2907,747,3880,747,4949,747,2870,746,4724,748,776,747,1153,750,763,751,650,749,884,746,181,746,297,746,207,747,707,746,131
727,17,3,8,744,859,6,763,7,757,64,745,5209,745,6345,747,2464,746,3454,745,6235,746,795,746,1127,745,952,745,715,748,605,744,295,744,76,744,70,744,461,745,725
728,17,3,8,622,661,13,629,10,627,81,623,3924,622,2990,623,3031,623,2917,622,2964,623,900,623,1285,624,924,624,992,624,659,622,795,623,628,622,756,622,763,622,774
729,17,3,8,729,775,7,731,8,733,61,729,1054,730,4475,729,1164,729,2494,731,2023,730,673,729,542,730,855,731,536,731,528,729,609,729,666,729,813,729,794,729,676
730,17,3,8,702,716,6,711,8,710,59,703,2869,702,3493,703,4838,702,4750,703,2470,703,1019,704,907,702,1023,703,933,702,662,702,757,702,743,702,767,702,803,702,785
731,17,3,16,229131,243380,7,239508,7,230481,60,230549,5786,229427,7879,229644,5844,229917,4375,229644,6196,229205,1193,229327,1283,229191,952,229193,1226,229139,1026,229190,728,229190,792,229139,805,229131,788,229190,799
732,17,3,16,181202,207093,7,183956,7,182383,59,181708,2140,181974,4823,181348,3422,181614,3818,181332,5958,181534,1090,181389,974,181273,1143,181219,1028,181821,894,181216,866,181202,881,181219,930,181216,1022,181202,842
733,17,3,16,181978,203590,10,187138,12,182730,77,182044,3890,182040,8368,182063,6567,182164,3877,182280,7179,182069,1183,182186,1099,182401,1068,182399,1125,182260,1047,182004,762,182023,800,182052,993,181978,774,182045,754
734,17,3,16,175445,185532,6,176279,8,176232,62,175571,6572,175690,3434,175540,6713,175749,6135,175727,8345,176279,553,175449,949,175788,644,175617,824,176001,587,175580,818,175514,749,175534,807,175557,741,175449,782
735,17,3,16,211810,237200,6,215563,7,214335,59,212454,6778,212295,4903,211875,8537,211868,4875,212245,6263,212077,675,211990,705,212125,951,212248,1161,212161,877,211935,832,211830,786,211905,781,211891,793,211929,819
736,17,3,32,10557176432,11922824095,6,10685922551,8,10716646588,60,10559680496,3904,10559050508,4453,10591270956,2976,10561115015,3452,10563535348,8038,10583296942,1163,10595821753,1147,10603965097,775,10595821753,898,10595612747,774,10566898974,691,10565313007,740,10558175306,723,10564404322,695,10565313007,710
737,17,3,32,14200735050,15155921490,7,14560232827,7,14384180177,58,14201799932,5891,14225318137,4835,14215343473,6390,14214296600,6138,14222521283,3405,14224342543,812,14217817064,1033,14217732295,1308,14217817064,1405,14217471305,1109,14206436619,797,14209262638,731,14205562979,708,14200905896,826,14206436619,711
738,17,3,32,15524813537,17739812914,7,15737713950,7,15746219320,61,15530397134,6666,15536014665,5280,15536014665,4920,15546268005,6211,15536014665,5231,15537809781,1225,15532750653,1173,15560226874,1038,15568188726,537,15555430449,734,15524813537,800,15530397134,794,15536138968,765,15525937307,747,15530397134,725
739,17,3,32,8905372661,10270180590,7,9059078008,7,9021560045,61,8910477819,9007,8942127949,4563,8915100183,3418,8917278583,4427,8909479950,2979,8938128503,757,8929919631,728,8923544680,910,8910477819,1032,8932273464,663,8912326093,728,8911053169,787,8909103686,785,8912521758,733,8906594543,683
740,17,3,32,11742583750,13214542796,7,12016472212,8,11790657313,59,11800182049,2958,11774224701,3076,11760518941,7122,11742946634,6333,11795099825,2527,11831441907,765,11751099754,1026,11794592351,852,11822678730,682,11794247690,942,11743549623,785,11758899313,784,11762341722,638,11758009532,675,11768767240,658
741,18,3,4,41,42,7,41,7,41,68,41,372,41,354,41,457,41,361,41,384,41,550,41,558,41,537,41,549,41,553,41,635,41,598,41,709,41,658,41,722
742,18,3,4,41,43,7,41,8,41,53,41,393,41,446,41,359,41,351,41,406,41,565,41,556,41,565,41,614,41,541,41,619,41,565,41,555,41,575,41,608
743,18,3,4,50,53,7,50,8,50,55,50,362,50,363,50,383,50,362,50,353,50,546,50,536,50,548,50,541,50,537,50,612,50,584,50,621,50,597,50,584
744,18,3,4,59,63,7,60,8,60,107,59,367,59,348,59,2150,59,1689,59,688,59,601,59,546,59,542,59,562,59,676,59,28,59,24,59,24,59,24,59,25
745,18,3,4,50,51,7,50,7,50,62,50,356,50,356,50,377,50,352,50,365,50,559,50,548,50,541,50,537,50,548,50,724,50,718,50,736,50,810,50,930
746,18,3,8,774,872,10,777,12,778,84,775,5403,776,3975,774,3987,775,3486,775,4555,774,781,775,661,776,871,775,1059,776,642,774,410,774,210,774,50,776,711,774,127
747,18,3,8,773,855,15,778,8,778,63,773,3993,773,3479,773,2997,774,5000,774,4807,774,1295,778,538,776,744,774,718,775,798,773,798,773,757,773,679,773,814,773,775
748,18,3,8,715,747,7,720,8,717,70,715,2303,716,2981,716,4284,716,3548,715,356,717,540,717,678,715,782,717,878,717,661,715,737,715,719,715,791,715,773,715,719
749,18,3,8,889,960,7,894,8,894,62,889,3074,889,2613,890,4607,889,1057,889,1520,889,871,891,658,889,926,890,1281,889,1027,889,770,889,766,889,749,889,820,889,885
750,18,3,8,851,882,9,853,8,853,63,851,1162,851,1536,851,1150,851,648,851,1561,853,541,852,936,852,842,852,643,853,543,851,846,851,694,851,794,851,783,851,694
751,18,3,16,238276,241747,7,241146,7,239949,60,238348,11968,238806,2516,238537,10740,238479,5308,238378,7339,238594,630,238452,837,238584,891,238276,981,238402,1053,238417,1101,238276,847,238347,862,238382,878,238291,787
752,18,3,16,160833,173047,7,161419,8,161065,63,161419,2135,161119,3085,161028,3151,161028,5423,161238,4495,161405,912,160953,1245,161035,880,161254,572,161419,532,160935,740,161419,608,160870,679,160876,808,160978,583
753,18,3,16,245094,257683,7,247954,8,252727,61,245697,4482,245299,3963,245190,4410,245332,3536,245487,4091,245604,797,245367,854,245558,1011,245575,903,245137,1791,245184,881,245183,806,245094,863,245131,814,245131,810
754,18,3,16,208959,233272,7,210747,8,210314,62,209233,3564,209447,3029,209127,4821,209177,6040,209227,5411,209406,912,208991,904,210113,1140,209199,1121,209610,769,208985,835,209025,814,209020,775,209034,832,208959,827
755,18,3,16,236636,247502,7,242372,8,238331,63,236882,4686,236686,6917,237001,6403,237658,2381,237191,5352,236850,1198,237166,1424,236780,1342,236793,1281,237132,929,236642,792,236747,763,236697,828,236762,803,236720,726
756,18,3,32,11867052630,12870424668,7,11931683193,8,11944959264,62,11881359419,4729,11882011308,3930,11881636461,4292,11878170095,6278,11877221362,5925,11875925844,1078,11884539423,810,11880381144,977,11882211938,828,11913961975,1035,11873824690,828,11874349400,808,11871926465,825,11871089025,1386,11873824690,835
757,18,3,32,12966767065,13980109302,7,13383514032,8,13065613775,63,12975630492,5910,12999798687,4231,12976738519,6145,12973631828,4698,12986491343,5910,12984424054,1166,12976738519,1477,12983610538,1666,12970763606,1513,12969575237,1696,12966920184,793,12967201101,757,12968129073,831,12967252413,902,12969827336,829
758,18,3,32,10769516862,11439730068,7,10798520921,8,10835169566,64,10798520921,2086,10770310884,4830,10798520921,2073,10778535847,7366,10798520921,2300,10788037462,1450,10798520921,560,10770812894,710,10778663482,550,10798520921,536,10770912925,674,10775897254,672,10775464124,677,10769615690,737,10770812894,772
759,18,3,32,13475324096,15486167043,7,13719731751,8,13572315907,62,13486611381,8023,13490468182,6288,13500427668,2009,13486721054,4955,13479873182,6527,13481492323,1426,13487941891,909,13488937591,985,13490932153,1294,13491463882,869,13481049631,837,13477522560,872,13481148785,826,13479005913,790,13483632189,798
760,18,3,32,15042923109,17520035517,7,15451763518,8,15151609223,62,15058198484,5644,15070572293,5377,15080455613,5905,15045238296,6649,15045238296,4532,15056168859,1223,15056041571,752,15061554638,1158,15052019538,1105,15060008845,699,15046407372,810,15048027345,822,15046275741,840,15043765988,834,15044725972,846
761,19,3,4,60,65,7,61,8,60,64,60,375,60,370,60,369,60,356,60,499,60,571,60,565,60,575,60,622,60,596,60,870,60,807,60,786,60,752,60,740
762,19,3,4,47,49,7,47,8,47,66,47,398,47,369,47,375,47,372,47,362,47,559,47,568,47,555,47,536,47,548,47,757,47,715,47,706,47,768,47,719
763,19,3,4,50,53,7,51,8,50,64,50,372,50,654,50,492,50,467,50,400,50,597,50,572,50,555,50,547,50,549,50,654,50,1307,50,889,50,812,50,754
764,19,3,4,56,58,7,56,8,56,66,56,386,56,374,56,379,56,379,56,395,56,554,56,562,56,549,56,553,56,571,56,670,56,652,56,774,56,701,56,695
765,19,3,4,47,49,7,47,8,47,56,47,431,47,385,47,375,47,379,47,377,47,560,47,553,47,540,47,555,47,561,47,602,47,604,47,1146,47,632,47,785
766,19,3,8,806,874,12,819,12,810,89,806,3268,806,3211,806,1633,807,4762,806,4117,807,1099,808,974,807,1148,806,899,809,1121,806,887,806,783,806,823,806,808,806,855
767,19,3,8,806,847,14,828,12,811,83,806,3151,807,3638,806,5070,807,4139,806,3657,807,852,806,1391,807,1183,806,1217,807,1196,806,847,806,752,806,814,806,813,806,857
768,19,3,8,881,921,7,903,8,886,65,881,2128,881,2143,883,2148,881,2615,881,5782,885,599,882,964,881,977,881,583,882,979,881,842,881,767,881,805,881,766,881,832
769,19,3,8,819,840,7,830,8,824,65,819,2644,819,3503,820,6117,819,5119,820,4071,820,652,820,1105,820,707,819,543,820,1130,819,867,819,779,819,819,819,761,819,853
770,19,3,8,639,724,7,641,8,647,66,640,3286,639,3237,639,2615,639,1589,640,4000,641,553,639,776,639,545,640,782,639,790,639,789,639,846,639,772,639,836,639,832
771,19,3,16,244189,272011,7,247685,8,247216,65,244289,10679,244272,7181,244398,2633,244419,9063,244255,5584,244616,961,244495,936,245059,1010,244628,542,244313,1828,244419,683,244250,840,244245,891,244244,874,244289,796
772,19,3,16,242034,255628,7,245882,8,242998,65,242215,4288,242096,6136,242218,6676,242241,9145,242091,3606,242552,1605,242734,602,242425,717,242510,811,242606,910,242034,918,242057,876,242084,893,242100,862,242165,838
773,19,3,16,209105,214904,7,215378,8,210661,66,209186,7058,209340,8074,209115,8395,209759,5161,209275,6012,209470,701,209585,1156,209493,1329,209425,1222,209326,844,209116,883,209110,811,209128,876,209125,875,209141,764
774,19,3,16,204524,221145,7,205628,8,205496,64,204785,4572,204869,2692,204836,3945,204785,6147,204813,3195,204958,1184,204735,1150,204686,1167,204960,764,204688,945,204616,875,204699,791,204583,920,204744,664,204667,795
775,19,3,16,229061,259373,7,232531,8,230676,65,229253,6121,229230,4194,229200,4034,229365,5941,229997,2152,229286,1096,229142,1559,229238,1124,229483,1110,229289,1114,229211,732,229083,873,229108,823,229175,805,229139,1128
776,19,3,32,14442307456,14813598513,9,14529568581,9,14533363552,66,14447342255,6049,14458748980,4149,14449437218,5411,14456950680,5095,14449437218,5491,14467082396,547,14464133904,1307,14462968648,796,14495104523,1195,14454271142,1065,14442307456,927,14444029673,771,14447342255,855,14448084802,816,14444164990,908
777,19,3,32,14560295186,15908399834,7,14672597164,8,14660306404,64,14582251296,4201,14590853568,3062,14571666525,4056,14583187900,6625,14565264229,6050,14574590015,1362,14583798300,1211,14567313128,883,14584133064,718,14591409217,1299,14564929999,899,14562243990,1052,14560532085,959,14561619864,850,14565497663,913
778,19,3,32,15826594466,16860842265,7,15931706664,9,15871765123,74,15848138450,5161,15833417710,5364,15832749957,6886,15883695240,2604,15836596728,8305,15855843313,1104,15855497797,1249,15841360203,1012,15844787569,1344,15845254204,1075,15832147538,871,15831266839,876,15828988879,847,15832256923,825,15831570854,863
779,19,3,32,13819295452,16303600300,7,13943056955,8,13907599870,65,13820181851,5433,13821932379,3676,13826421330,7472,13823701093,6757,13833629458,4726,13837859380,957,13822312874,1536,13823701093,1268,13867406262,702,13832191176,1161,13823893678,818,13824890754,861,13823893678,812,13822957783,819,13822339986,863
780,19,3,32,13532251932,14585392965,7,13590201777,8,13714127149,66,13538602267,9753,13538601243,7890,13546866823,4050,13543118039,6461,13590201777,2199,13553830339,1250,13535905055,563,13546222722,1221,13551505190,1244,13560567684,717,13536645840,869,13536925149,865,13533764122,862,13538002402,885,13543974040,884
781,20,3,4,46,49,8,46,8,46,59,46,440,46,381,46,439,46,377,46,385,46,556,46,705,46,1115,46,752,46,563,46,651,46,673,46,637,46,634,46,624
782,20,3,4,49,52,8,49,9,49,82,49,434,49,404,49,392,49,389,49,387,49,554,49,555,49,556,49,556,49,561,49,716,49,751,49,740,49,991,49,921
783,20,3,4,53,55,9,53,8,53,67,53,409,53,391,53,386,53,379,53,417,53,561,53,558,53,572,53,623,53,711,53,642,53,797,53,686,53,724,53,771
784,20,3,4,53,55,7,53,8,53,67,53,384,53,391,53,374,53,376,53,378,53,562,53,555,53,560,53,570,53,560,53,836,53,728,53,701,53,864,53,1018
785,20,3,4,60,66,10,60,12,60,88,60,465,60,370,60,388,60,411,60,388,60,829,60,597,60,564,60,557,60,707,60,751,60,762,60,789,60,755,60,758
786,20,3,8,850,925,7,862,8,856,68,851,9128,853,4775,851,2719,851,5001,854,2784,851,935,851,1218,852,902,852,671,853,1325,850,498,850,356,850,407,850,128,850,443
787,20,3,8,885,962,7,891,8,897,79,886,4257,886,2234,885,2200,885,3747,885,4809,886,706,887,554,886,922,885,1315,885,1335,885,849,885,882,885,876,885,776,885,807
788,20,3,8,886,982,7,896,8,891,67,886,3206,886,3829,887,3685,886,2715,886,3654,886,1313,888,938,887,1140,887,754,886,1160,886,899,886,926,886,892,886,918,886,770
789,20,3,8,923,968,7,939,8,950,65,925,3958,923,5280,924,5993,923,3743,923,2838,924,1089,923,1186,923,1101,924,1174,924,887,923,951,923,919,923,854,923,824,923,877
790,20,3,8,748,755,8,755,9,753,67,748,4518,749,3460,749,3745,751,2802,749,4173,748,1126,749,654,748,1350,748,1292,748,781,748,60,748,336,748,180,748,261,748,176
791,20,3,16,222460,231892,7,225715,8,224091,74,222629,4221,222511,10227,222484,4652,223457,2711,222553,7268,222885,1066,223026,1404,223040,1423,222715,828,222641,886,222534,1698,222482,889,222474,877,222558,826,222482,918
792,20,3,16,269415,288023,7,270755,8,274009,70,269537,5222,269607,4312,269842,8260,269602,8857,269501,4721,269616,582,269549,1226,269855,1205,269737,744,270755,588,269464,979,269465,917,269433,893,269455,905,269475,966
793,20,3,16,247341,270296,7,250040,8,254649,67,247496,3626,247496,7649,247450,6707,247491,4553,247516,6689,247574,690,247659,1384,247863,1105,247430,1334,247924,888,247342,937,247421,900,247384,882,247371,888,247342,910
794,20,3,16,259629,291590,7,261013,8,263317,66,259880,6392,259764,9681,259746,3766,259821,5142,259770,4151,259916,858,259776,1506,260272,997,260469,598,260078,1016,259661,910,259710,1120,259629,1103,259646,946,259680,948
795,20,3,16,196786,201767,7,198127,8,198305,69,197111,3689,196873,8932,197079,4918,196892,4656,196927,8841,196911,927,197003,1421,196905,1250,196821,1877,197151,950,196821,916,196827,849,196857,878,196889,1465,196820,848
796,20,3,32,15790960276,16361285148,7,16093336970,11,15911824457,79,15799489941,6753,15803079934,3221,15804107168,8220,15798351886,8231,15812031816,4901,15805444396,1075,15807236560,1301,15815282732,600,15867622580,634,15807522200,1152,15791642858,906,15791825371,907,15792954747,951,15800475933,829,15793976415,1141
797,20,3,32,13195716472,14087374648,11,13255622052,11,13290555292,85,13213663330,3712,13199916007,7267,13207086165,7433,13213663330,7580,13211886636,3770,13218535729,1179,13240222450,900,13209307178,582,13223973113,597,13212084000,740,13199717788,903,13198359247,791,13200172680,865,13197036618,906,13198193993,907
798,20,3,32,14470892509,14780409395,7,14542881229,9,14642186765,67,14475235060,9867,14484529049,5711,14486985530,4760,14475647820,5257,14489298946,7169,14487458732,1314,14487661462,998,14483817668,1037,14501528851,1183,14483035781,1010,14475251537,957,14475996190,868,14471204340,938,14471784776,820,14474322450,946
799,20,3,32,15374093494,16055861035,7,15559122307,8,15716141554,67,15379568570,7942,15385201084,5755,15382852075,4977,15382616557,8601,15381736144,7676,15420041136,807,15396552475,670,15383043592,1226,15406891233,571,15424183472,1420,15375352159,914,15375966948,921,15379352820,954,15375352159,897,15377898308,916
800,20,3,32,15156557928,16559355067,8,15289557125,8,15312843880,67,15175847420,5711,15170522438,3696,15167325749,8410,15176879861,7627,15174877569,6623,15191820484,1086,15172156329,1085,15180448396,1533,15168935317,1264,15176396675,958,15159567733,920,15164174528,892,15159792143,906,15159943895,929,15161648282,916
801,25,3,4,72,74,9,72,10,72,78,72,569,72,446,72,446,72,441,72,442,72,605,72,599,72,605,72,596,72,673,72,878,72,926,72,946,72,929,72,1056
802,25,3,4,61,63,11,61,10,61,68,61,454,61,436,61,476,61,436,61,442,61,610,61,586,61,596,61,631,61,590,61,780,61,776,61,741,61,787,61,773
803,25,3,4,64,71,8,64,10,64,76,64,441,64,449,64,432,64,434,64,433,64,633,64,595,64,604,64,587,64,603,64,921,64,919,64,993,64,955,64,948
804,25,3,4,73,75,9,74,10,73,77,73,463,73,428,73,450,73,453,73,436,73,612,73,612,73,674,73,717,73,648,73,945,73,949,73,1005,73,903,73,936
805,25,3,4,49,52,8,49,10,49,78,49,451,49,455,49,436,49,453,49,467,49,601,49,594,49,592,49,589,49,613,49,978,49,955,49,942,49,901,49,869
806,25,3,8,1085,1125,15,1088,14,1093,101,1086,7286,1086,3140,1086,5396,1085,4887,1088,2696,1086,1492,1088,591,1088,582,1088,591,1085,1731,1085,672,1085,28,1085,636,1085,464,1085,117
807,25,3,8,1189,1305,9,1191,10,1196,78,1189,1342,1189,1933,1190,5289,1190,4233,1190,3113,1191,596,1191,600,1191,621,1191,598,1191,599,1189,33,1189,29,1189,31,1189,29,1189,28
808,25,3,8,925,998,8,928,11,931,78,926,7336,926,2493,925,2470,926,6809,926,4302,926,1000,928,596,926,1211,926,1074,926,799,925,489,925,113,926,903,925,297,925,36
809,25,3,8,1100,1141,8,1102,10,1106,93,1100,3662,1101,4787,1100,1976,1100,1929,1101,3191,1102,612,1101,1070,1102,589,1102,593,1100,862,1100,735,1100,403,1100,92,1100,99,1100,77
810,25,3,8,1122,1273,8,1135,10,1129,78,1122,1834,1122,5339,1122,2011,1122,1933,1122,4238,1122,865,1123,610,1125,770,1122,1275,1123,1438,1122,1081,1122,1077,1122,1763,1122,1436,1122,1069
811,25,3,16,289506,298861,9,293768,11,291493,80,289738,6396,289617,10966,289679,8837,289612,8593,289557,12283,289796,1792,289767,893,289822,1352,289712,1469,289721,1669,289538,1180,289575,1109,289517,1097,289516,1097,289540,1139
812,25,3,16,290190,296757,9,292548,10,292240,77,290371,8620,290274,13734,290462,5420,290324,3043,290587,4284,290345,814,290373,622,290246,1097,290317,1325,290953,866,290219,1127,290218,1133,290213,1049,290218,1096,290218,1119
813,25,3,16,253507,268081,9,254499,10,255466,79,253542,8567,253832,5353,253734,3676,253624,14333,253768,4196,253603,1579,253588,768,253823,965,253808,828,253782,963,253517,1150,253510,1204,253541,1131,253539,1107,253544,1129
814,25,3,16,342086,352269,9,345732,10,342829,78,342246,11189,342619,3642,342417,7802,342400,6742,342280,8855,342118,722,342198,1095,342189,1155,342242,879,342304,1043,342117,1241,342134,1384,342092,1200,342092,1226,342094,1163
815,25,3,16,234803,252087,9,236800,10,236511,79,234912,8334,234923,6720,234889,8351,235138,3052,234855,5515,235064,1078,235060,1357,235218,747,235023,1188,234866,1074,234835,1217,234850,1055,234847,1052,234833,1019,234822,1141
816,25,3,32,15363052326,16207760697,9,15383292948,10,15470581044,78,15363488903,11258,15383292948,2527,15365572602,5979,15365300256,8845,15365373479,11152,15368509287,1165,15372658285,827,15373181597,963,15364895131,588,15364895131,581,15364829622,1156,15364333883,1102,15365855717,1112,15363377484,1000,15364425058,1103
817,25,3,32,22192813697,23092256390,9,22296695182,11,22340968192,78,22209985017,4313,22204169145,11766,22201574299,4494,22199379392,5420,22205664845,4850,22204234248,870,22225258176,948,22228750711,801,22195449338,1312,22204587841,1421,22195202612,1165,22195862039,1062,22194456404,1086,22194000491,1197,22200494566,1077
818,25,3,32,20478119066,21483689000,9,20989030338,10,20947106165,78,20485051939,7177,20507686989,2451,20500269238,7929,20494115594,6562,20480984866,6260,20499201554,1140,20498843517,886,20488916582,891,20488591490,1433,20512608970,1617,20481821578,1072,20480109974,1169,20479961741,1163,20479996563,1167,20481056716,1081
819,25,3,32,21068837621,22427210956,9,21125207271,10,21229779980,79,21070632496,7446,21080866714,5190,21071972762,7056,21077059802,4302,21078090527,4396,21125207271,615,21079878201,645,21077216769,1270,21080744896,1301,21087052543,1348,21070651927,1005,21074467034,1042,21069472513,1031,21069999184,1219,21073938902,1133
820,25,3,32,19225505063,20034223170,9,19290542179,10,19344762183,78,19248039378,6140,19232975683,8770,19228472079,7518,19233985072,8393,19229572832,6007,19243756155,865,19237208401,1034,19255428848,1739,19261121559,890,19230909026,1418,19226179781,1245,19227033168,1141,19225835932,1145,19226007906,1214,19226077755,1194
821,4,4,4,15,15,4,15,3,15,15,15,1091,15,1081,15,1230,15,1159,15,1141,15,629,15,628,15,653,15,651,15,621,15,444,15,460,15,443,15,452,15,494
822,4,4,4,11,11,4,11,3,11,15,11,1150,11,1189,11,1149,11,1128,11,1118,11,645,11,632,11,634,11,639,11,619,11,441,11,436,11,448,11,446,11,438
823,4,4,4,14,14,3,14,3,14,5,14,1384,14,1153,14,1094,14,1133,14,1082,14,628,14,646,14,755,14,631,14,763,14,440,14,443,14,445,14,436,14,464
824,4,4,4,13,13,3,13,3,13,5,13,1124,13,1089,13,1090,13,1091,13,1615,13,626,13,622,13,639,13,645,13,641,13,469,13,437,13,436,13,440,13,497
825,4,4,4,14,14,4,14,3,14,5,14,1156,14,1116,14,1113,14,1119,14,1112,14,669,14,622,14,634,14,629,14,648,14,447,14,440,14,435,14,435,14,449
826,4,4,8,200,200,3,200,3,200,4,200,1231,200,1262,200,1316,200,1135,200,1134,200,631,200,656,200,646,200,631,200,711,200,442,200,435,200,439,200,441,200,435
827,4,4,8,206,206,3,206,3,206,20,206,1108,206,1157,206,1136,206,1069,206,1169,206,620,206,629,206,650,206,622,206,640,206,469,206,448,206,446,206,445,206,444
828,4,4,8,255,255,3,255,3,255,25,255,1110,255,1110,255,1098,255,1105,255,1080,255,643,255,643,255,658,255,722,255,650,255,438,255,434,255,451,255,440,255,435
829,4,4,8,191,191,3,191,2,191,19,191,1135,191,1075,191,1103,191,1130,191,1260,191,633,191,639,191,627,191,630,191,672,191,469,191,454,191,438,191,438,191,465
830,4,4,8,223,223,3,223,3,223,25,223,1095,223,1114,223,1090,223,1158,223,1139,223,632,223,643,223,627,223,631,223,642,223,555,223,514,223,435,223,460,223,545
831,4,4,16,63316,63316,3,63316,4,63316,6,63316,1085,63316,1119,63316,1146,63316,1112,63316,1099,63316,752,63316,624,63316,617,63316,631,63316,647,63316,455,63316,438,63316,436,63316,436,63316,438
832,4,4,16,59719,59719,3,59719,3,59719,26,59719,1354,59719,1188,59719,1103,59719,1079,59719,1148,59719,643,59719,627,59719,657,59719,670,59719,647,59719,452,59719,528,59719,447,59719,440,59719,445
833,4,4,16,50117,50117,4,50117,4,50117,7,50117,1163,50117,1070,50117,1169,50117,1118,50117,1081,50117,629,50117,696,50117,674,50117,646,50117,618,50117,480,50117,448,50117,451,50117,511,50117,476
834,4,4,16,51511,51511,3,51511,3,51511,5,51511,1103,51511,1100,51511,1130,51511,1194,51511,1096,51511,620,51511,619,51511,632,51511,618,51511,656,51511,442,51511,434,51511,445,51511,442,51511,450
835,4,4,16,53962,53962,3,53962,3,53962,24,53962,1268,53962,1311,53962,1190,53962,1171,53962,1076,53962,625,53962,633,53962,670,53962,620,53962,625,53962,441,53962,444,53962,437,53962,437,53962,437
836,4,4,32,2389936046,2389936046,3,2389936046,3,2389936046,24,2389936046,1189,2389936046,1106,2389936046,1125,2389936046,1107,2389936046,1147,2389936046,640,2389936046,631,2389936046,639,2389936046,634,2389936046,896,2389936046,479,2389936046,439,2389936046,437,2389936046,439,2389936046,480
837,4,4,32,3604664548,3604664548,4,3604664548,4,3604664548,30,3604664548,1090,3604664548,1096,3604664548,1100,3604664548,1128,3604664548,1130,3604664548,811,3604664548,645,3604664548,635,3604664548,633,3604664548,627,3604664548,452,3604664548,435,3604664548,436,3604664548,443,3604664548,467
838,4,4,32,3559491301,3559491301,3,3559491301,3,3559491301,5,3559491301,1195,3559491301,1133,3559491301,1077,3559491301,1068,3559491301,1107,3559491301,621,3559491301,621,3559491301,646,3559491301,636,3559491301,643,3559491301,437,3559491301,449,3559491301,440,3559491301,451,3559491301,434
839,4,4,32,2946545924,2946545924,3,2946545924,3,2946545924,23,2946545924,1110,2946545924,1146,2946545924,1413,2946545924,1094,2946545924,1096,2946545924,623,2946545924,626,2946545924,636,2946545924,637,2946545924,650,2946545924,442,2946545924,436,2946545924,460,2946545924,451,2946545924,438
840,4,4,32,3401711349,3401711349,3,3401711349,3,3401711349,24,3401711349,1100,3401711349,1066,3401711349,1093,3401711349,1075,3401711349,1098,3401711349,626,3401711349,638,3401711349,639,3401711349,629,3401711349,661,3401711349,441,3401711349,437,3401711349,441,3401711349,444,3401711349,434
841,5,4,4,17,17,3,17,3,17,28,17,1239,17,1168,17,1295,17,1164,17,1229,17,598,17,528,17,538,17,650,17,527,17,601,17,662,17,568,17,523,17,523
842,5,4,4,13,13,4,13,3,13,18,13,1228,13,1250,13,1246,13,1215,13,1255,13,628,13,608,13,585,13,594,13,594,13,536,13,447,13,513,13,440,13,441
843,5,4,4,10,10,5,10,3,10,14,10,1173,10,1182,10,1273,10,1175,10,1245,10,634,10,599,10,587,10,596,10,595,10,459,10,448,10,447,10,462,10,451
844,5,4,4,14,17,3,14,3,14,17,14,1227,14,1317,14,1230,14,1199,14,1202,14,597,14,598,14,656,14,682,14,596,14,460,14,470,14,456,14,458,14,448
845,5,4,4,13,13,3,13,3,13,11,13,1192,13,1205,13,1176,13,1168,13,1271,13,598,13,599,13,604,13,587,13,625,13,484,13,475,13,449,13,455,13,512
846,5,4,8,233,233,7,233,4,233,30,233,1279,233,1156,233,1198,233,1225,233,1220,233,598,233,616,233,659,233,600,233,598,233,480,233,460,233,470,233,468,233,458
847,5,4,8,210,210,3,210,3,210,29,210,1402,210,1331,210,1193,210,1184,210,1188,210,586,210,599,210,588,210,598,210,607,210,473,210,460,210,447,210,467,210,461
848,5,4,8,254,254,3,254,3,254,6,254,1176,254,1188,254,1203,254,1156,254,1161,254,613,254,589,254,587,254,615,254,598,254,563,254,448,254,476,254,460,254,449
849,5,4,8,203,217,3,203,3,203,26,203,1246,203,1186,203,1263,203,1185,203,1180,203,708,203,596,203,607,203,590,203,606,203,449,203,456,203,442,203,457,203,444
850,5,4,8,162,197,3,162,3,162,29,162,1284,162,1210,162,1287,162,1300,162,1284,162,585,162,616,162,579,162,584,162,588,162,472,162,458,162,464,162,499,162,491
851,5,4,16,61947,61947,3,61947,3,61947,28,61947,1230,61947,1253,61947,1174,61947,1227,61947,1277,61947,612,61947,597,61947,628,61947,604,61947,583,61947,457,61947,456,61947,452,61947,472,61947,450
852,5,4,16,44061,44061,3,44061,3,44061,29,44061,1273,44061,1156,44061,1257,44061,1291,44061,1187,44061,619,44061,640,44061,605,44061,690,44061,602,44061,462,44061,466,44061,459,44061,451,44061,461
853,5,4,16,60659,60659,4,60659,3,60659,28,60659,1185,60659,1261,60659,1157,60659,1193,60659,1422,60659,618,60659,618,60659,595,60659,601,60659,603,60659,461,60659,453,60659,448,60659,450,60659,462
854,5,4,16,59947,59947,3,59947,3,59947,29,59947,1197,59947,1199,59947,1182,59947,1197,59947,1195,59947,612,59947,601,59947,588,59947,602,59947,603,59947,457,59947,452,59947,449,59947,461,59947,460
855,5,4,16,60972,60972,3,60972,3,60972,28,60972,1219,60972,1224,60972,1189,60972,1194,60972,1216,60972,591,60972,591,60972,642,60972,617,60972,614,60972,462,60972,448,60972,455,60972,448,60972,451
856,5,4,32,2425791411,2425791411,3,2425791411,3,2425791411,30,2425791411,1203,2425791411,1187,2425791411,1200,2425791411,1162,2425791411,1163,2425791411,593,2425791411,604,2425791411,666,2425791411,761,2425791411,635,2425791411,465,2425791411,472,2425791411,451,2425791411,463,2425791411,449
857,5,4,32,3777349057,3777349057,3,3777349057,3,3777349057,29,3777349057,1201,3777349057,1171,3777349057,1236,3777349057,1272,3777349057,1197,3777349057,600,3777349057,582,3777349057,593,3777349057,610,3777349057,603,3777349057,469,3777349057,452,3777349057,488,3777349057,461,3777349057,451
858,5,4,32,3012877836,3012877836,3,3012877836,3,3019193625,28,3012877836,1734,3012877836,1199,3012877836,1662,3012877836,1212,3012877836,1174,3012877836,624,3012877836,595,3012877836,605,3012877836,586,3012877836,612,3012877836,469,3012877836,482,3012877836,456,3012877836,447,3012877836,540
859,5,4,32,3189432627,3189432627,6,3189432627,5,3189432627,48,3189432627,1239,3189432627,1176,3189432627,1186,3189432627,1153,3189432627,1191,3189432627,743,3189432627,691,3189432627,588,3189432627,608,3189432627,625,3189432627,453,3189432627,451,3189432627,468,3189432627,469,3189432627,454
860,5,4,32,4078851116,4078851116,3,4078851116,3,4078851116,27,4078851116,1197,4078851116,1261,4078851116,1300,4078851116,1171,4078851116,1255,4078851116,680,4078851116,608,4078851116,604,4078851116,604,4078851116,632,4078851116,481,4078851116,452,4078851116,449,4078851116,486,4078851116,443
861,6,4,4,12,14,4,12,4,12,23,12,214,12,229,12,209,12,200,12,218,12,554,12,560,12,548,12,551,12,556,12,474,12,484,12,470,12,518,12,473
862,6,4,4,13,17,3,13,4,13,22,13,1282,13,1316,13,1262,13,1316,13,1318,13,596,13,728,13,614,13,599,13,614,13,478,13,460,13,465,13,468,13,479
863,6,4,4,15,15,4,15,4,15,22,15,1261,15,1254,15,1321,15,1252,15,1263,15,562,15,564,15,562,15,546,15,562,15,479,15,473,15,461,15,463,15,463
864,6,4,4,13,14,4,13,3,13,22,13,1262,13,1274,13,1292,13,1270,13,1363,13,551,13,611,13,550,13,546,13,582,13,488,13,472,13,468,13,461,13,464
865,6,4,4,23,24,4,23,3,23,32,23,1318,23,1335,23,1230,23,1239,23,1306,23,581,23,585,23,598,23,703,23,690,23,497,23,488,23,495,23,488,23,481
866,6,4,8,184,197,3,184,3,184,33,184,1286,184,1349,184,1249,184,1324,184,1790,184,561,184,562,184,576,184,565,184,551,184,472,184,462,184,487,184,472,184,464
867,6,4,8,240,240,4,240,4,241,33,240,1286,240,1358,240,1300,240,1298,240,1351,240,588,240,585,240,560,240,558,240,555,240,477,240,467,240,473,240,471,240,705
868,6,4,8,245,245,4,245,4,245,33,245,1262,245,1315,245,1269,245,1252,245,1259,245,818,245,743,245,557,245,621,245,576,245,464,245,463,245,458,245,453,245,466
869,6,4,8,108,108,4,108,4,108,30,108,1291,108,1299,108,1300,108,1281,108,1427,108,566,108,574,108,558,108,593,108,563,108,476,108,457,108,465,108,458,108,459
870,6,4,8,237,237,4,237,4,237,28,237,1260,237,1311,237,1228,237,1265,237,1276,237,590,237,612,237,602,237,595,237,603,237,474,237,460,237,463,237,496,237,461
871,6,4,16,57264,78814,4,57264,4,57264,32,57264,1556,57264,1307,57264,1271,57264,1284,57264,1255,57264,572,57264,561,57264,564,57264,578,57264,589,57264,472,57264,463,57264,467,57264,470,57264,458
872,6,4,16,55891,55891,3,55891,4,55891,37,55891,1296,55891,1333,55891,1277,55891,1359,55891,1248,55891,552,55891,566,55891,567,55891,559,55891,551,55891,466,55891,475,55891,459,55891,468,55891,460
873,6,4,16,63882,80998,3,63882,4,63882,33,63882,1293,63882,1288,63882,1298,63882,1264,63882,1305,63882,603,63882,591,63882,607,63882,597,63882,602,63882,488,63882,484,63882,472,63882,482,63882,476
874,6,4,16,60324,67800,4,60324,4,60324,31,60324,1277,60324,1522,60324,1249,60324,1265,60324,1239,60324,536,60324,532,60324,544,60324,523,60324,536,60324,577,60324,535,60324,537,60324,536,60324,547
875,6,4,16,66861,91312,4,66861,4,66861,33,66861,1493,66861,1314,66861,1305,66861,1294,66861,1342,66861,530,66861,522,66861,537,66861,576,66861,532,66861,537,66861,539,66861,515,66861,538,66861,514
876,6,4,32,1837548632,1837548632,4,1837548632,3,1837755315,34,1837548632,1278,1837548632,1264,1837548632,1364,1837548632,1277,1837548632,1268,1837548632,570,1837548632,562,1837548632,573,1837548632,563,1837548632,561,1837548632,475,1837548632,472,1837548632,475,1837548632,480,1837548632,474
877,6,4,32,3978956328,3978956328,4,3978956328,4,3978956328,31,3978956328,1339,3978956328,1329,3978956328,1294,3978956328,1282,3978956328,1282,3978956328,551,3978956328,546,3978956328,581,3978956328,558,3978956328,562,3978956328,465,3978956328,454,3978956328,511,3978956328,455,3978956328,453
878,6,4,32,2117922599,2667420639,3,2117922599,4,2117922599,33,2117922599,1313,2117922599,1310,2117922599,1273,2117922599,1250,2117922599,1272,2117922599,595,2117922599,657,2117922599,647,2117922599,654,2117922599,755,2117922599,479,2117922599,470,2117922599,466,2117922599,482,2117922599,466
879,6,4,32,3778718267,3778718267,4,3778718267,3,3778718267,32,3778718267,1260,3778718267,1306,3778718267,1274,3778718267,1317,3778718267,1238,3778718267,608,3778718267,611,3778718267,610,3778718267,592,3778718267,633,3778718267,480,3778718267,465,3778718267,459,3778718267,459,3778718267,460
880,6,4,32,2751577955,2751577955,3,2751577955,4,2751577955,5,2751577955,1309,2751577955,1298,2751577955,1361,2751577955,1269,2751577955,1257,2751577955,607,2751577955,595,2751577955,609,2751577955,606,2751577955,607,2751577955,486,2751577955,460,2751577955,461,2751577955,481,2751577955,463
881,7,4,4,15,18,4,15,4,15,19,15,1346,15,1335,15,1344,15,1322,15,1394,15,553,15,564,15,579,15,554,15,562,15,477,15,469,15,463,15,457,15,459
882,7,4,4,19,20,6,19,7,19,52,19,1367,19,1373,19,1383,19,1322,19,1356,19,772,19,542,19,564,19,535,19,553,19,528,19,513,19,511,19,524,19,511
883,7,4,4,15,16,4,15,4,15,19,15,1348,15,1377,15,1603,15,1364,15,1490,15,560,15,560,15,576,15,557,15,574,15,466,15,459,15,466,15,456,15,476
884,7,4,4,17,20,4,17,4,17,36,17,1358,17,1395,17,1352,17,1339,17,1395,17,558,17,570,17,566,17,559,17,551,17,523,17,528,17,514,17,509,17,510
885,7,4,4,13,19,4,13,4,13,37,13,241,13,284,13,292,13,241,13,225,13,561,13,539,13,575,13,675,13,618,13,542,13,513,13,516,13,502,13,508
886,7,4,8,175,222,4,175,4,175,37,175,1444,175,1430,175,1324,175,1461,175,1529,175,538,175,535,175,544,175,530,175,530,175,568,175,629,175,599,175,613,175,553
887,7,4,8,297,333,4,297,4,297,62,297,1409,297,1429,297,1330,297,1400,297,1374,297,569,297,561,297,542,297,560,297,536,297,524,297,498,297,523,297,516,297,516
888,7,4,8,327,360,8,327,6,327,47,327,1521,327,1330,327,1342,327,1359,327,1369,327,690,327,644,327,542,327,568,327,553,327,492,327,474,327,475,327,499,327,478
889,7,4,8,321,397,4,321,4,321,36,321,1340,321,1362,321,1322,321,1472,321,1423,321,585,321,568,321,546,321,543,321,542,321,529,321,488,321,482,321,515,321,493
890,7,4,8,387,437,4,387,4,387,36,387,1380,387,1431,387,1338,387,1345,387,1311,387,579,387,580,387,559,387,560,387,554,387,480,387,487,387,507,387,472,387,471
891,7,4,16,50580,52220,4,50580,4,50580,51,50580,1425,50580,1377,50580,1367,50580,1343,50580,1401,50580,583,50580,544,50580,542,50580,579,50580,547,50580,531,50580,512,50580,571,50580,529,50580,517
892,7,4,16,53399,54799,4,53399,4,53399,37,53399,1359,53399,1445,53399,1495,53399,1402,53399,1355,53399,614,53399,608,53399,596,53399,629,53399,600,53399,523,53399,478,53399,482,53399,480,53399,518
893,7,4,16,70221,84527,4,70221,4,70221,36,70221,1394,70221,1352,70221,1363,70221,1316,70221,1334,70221,540,70221,569,70221,537,70221,571,70221,533,70221,608,70221,518,70221,525,70221,513,70221,523
894,7,4,16,77486,81398,4,77486,4,77486,36,77486,1407,77486,1381,77486,1322,77486,1455,77486,1406,77486,535,77486,571,77486,634,77486,678,77486,547,77486,520,77486,530,77486,503,77486,503,77486,508
895,7,4,16,61894,66893,4,61894,4,62100,36,61894,1485,61894,1610,61894,1703,61894,1854,61894,1509,61894,545,61894,562,61894,523,61894,526,61894,683,61894,483,61894,478,61894,462,61894,518,61894,474
896,7,4,32,5860428816,6589847491,4,5860428816,4,5886021563,37,5860428816,1383,5860428816,1330,5860428816,1458,5860428816,1458,5860428816,1464,5860428816,563,5860428816,547,5860428816,571,5860428816,551,5860428816,581,5860428816,494,5860428816,477,5860428816,568,5860428816,591,5860428816,505
897,7,4,32,3662956405,3829456337,4,3662956405,4,3663120601,35,3662956405,1355,3662956405,1336,3662956405,1402,3662956405,1399,3662956405,1327,3662956405,601,3662956405,606,3662956405,610,3662956405,600,3662956405,621,3662956405,529,3662956405,488,3662956405,475,3662956405,471,3662956405,471
898,7,4,32,3775719773,4366101399,4,3775719773,4,3775719773,34,3775719773,1347,3775719773,1571,3775719773,1622,3775719773,1359,3775719773,1400,3775719773,574,3775719773,561,3775719773,559,3775719773,604,3775719773,588,3775719773,504,3775719773,483,3775719773,475,3775719773,484,3775719773,478
899,7,4,32,5379092657,5379092657,4,5379092657,4,5379092657,36,5379092657,1561,5379092657,1655,5379092657,1418,5379092657,1374,5379092657,1347,5379092657,583,5379092657,558,5379092657,568,5379092657,552,5379092657,657,5379092657,520,5379092657,503,5379092657,500,5379092657,582,5379092657,630
900,7,4,32,3864616676,5154315214,6,3864616676,4,3864616676,39,3864616676,1478,3864616676,1393,3864616676,1391,3864616676,1339,3864616676,1391,3864616676,555,3864616676,529,3864616676,537,3864616676,519,3864616676,519,3864616676,507,3864616676,481,3864616676,477,3864616676,480,3864616676,485
901,8,4,4,18,24,4,18,4,18,38,18,1423,18,1655,18,1433,18,1408,18,1406,18,574,18,543,18,535,18,557,18,552,18,543,18,546,18,656,18,651,18,532
902,8,4,4,15,15,4,15,4,15,27,15,1430,15,1414,15,1425,15,1482,15,1406,15,538,15,547,15,519,15,514,15,545,15,479,15,566,15,514,15,471,15,466
903,8,4,4,17,22,4,17,5,17,40,17,256,17,235,17,232,17,299,17,241,17,558,17,556,17,541,17,549,17,546,17,506,17,532,17,516,17,511,17,499
904,8,4,4,13,14,4,13,5,13,16,13,1436,13,1411,13,1468,13,1431,13,1424,13,589,13,571,13,563,13,569,13,570,13,467,13,467,13,476,13,460,13,477
905,8,4,4,19,20,4,19,4,19,39,19,1456,19,1395,19,1398,19,1644,19,1415,19,563,19,560,19,581,19,551,19,577,19,548,19,532,19,538,19,539,19,533
906,8,4,8,346,373,4,346,5,346,42,346,1549,346,1481,346,1484,346,1408,346,1421,346,560,346,591,346,554,346,629,346,709,346,538,346,502,346,500,346,531,346,508
907,8,4,8,252,325,4,252,4,252,41,252,1439,252,1437,252,1453,252,1504,252,1559,252,544,252,556,252,570,252,551,252,542,252,505,252,496,252,501,252,498,252,496
908,8,4,8,216,222,5,216,5,216,41,216,1432,216,1430,216,1449,216,1525,216,1418,216,522,216,561,216,533,216,528,216,537,216,529,216,508,216,513,216,539,216,528
909,8,4,8,286,339,4,286,5,286,40,286,1514,286,1404,286,1416,286,1530,286,1441,286,585,286,715,286,571,286,562,286,547,286,517,286,521,286,503,286,525,286,541
910,8,4,8,374,399,5,374,5,374,41,374,1560,374,1474,374,1522,374,1447,374,1424,374,577,374,576,374,602,374,579,374,578,374,507,374,518,374,484,374,488,374,485
911,8,4,16,59255,61750,13,60060,4,59255,40,59255,1450,59255,2504,59255,1473,59255,2360,59255,1428,59255,593,59255,683,60060,536,59255,612,59255,712,59255,517,59255,517,59255,514,59255,536,59255,516
912,8,4,16,92715,97804,4,92715,5,92715,41,92715,1431,92715,1463,92715,1457,92715,1428,92715,1410,92715,574,92715,578,92715,593,92715,573,92715,556,92715,508,92715,490,92715,492,92715,510,92715,520
913,8,4,16,50389,68524,6,50389,6,50389,54,50389,1466,50389,1411,50389,1449,50389,1439,50389,1406,50389,631,50389,604,50389,557,50389,558,50389,615,50389,593,50389,571,50389,569,50389,553,50389,592
914,8,4,16,63439,77902,5,63439,5,63439,40,63439,1455,63439,1575,63439,1534,63439,1499,63439,1441,63439,550,63439,597,63439,561,63439,550,63439,583,63439,502,63439,491,63439,480,63439,493,63439,499
915,8,4,16,93309,110875,5,93309,4,93309,40,93309,1469,93309,1410,93309,1419,93309,1869,93309,1445,93309,609,93309,568,93309,586,93309,581,93309,576,93309,533,93309,500,93309,498,93309,643,93309,506
916,8,4,32,4819592663,5546536632,5,4819592663,4,4819592663,42,4819592663,1446,4819592663,1416,4819592663,1468,4819592663,1428,4819592663,1407,4819592663,552,4819592663,550,4819592663,546,4819592663,556,4819592663,554,4819592663,531,4819592663,512,4819592663,532,4819592663,656,4819592663,513
917,8,4,32,6046461749,7912555388,4,6046461749,4,6046461749,40,6046461749,1415,6046461749,1727,6046461749,1441,6046461749,1418,6046461749,1456,6046461749,572,6046461749,584,6046461749,566,6046461749,574,6046461749,562,6046461749,545,6046461749,497,6046461749,496,6046461749,507,6046461749,499
918,8,4,32,4155902597,5340259352,4,4380932380,5,4155902597,40,4155902597,1707,4339365317,1549,4155902597,1799,4155902597,1450,4155902597,1530,4155902597,567,4155902597,540,4155902597,623,4155902597,550,4155902597,540,4155902597,520,4155902597,524,4155902597,524,4155902597,507,4155902597,548
919,8,4,32,4878308071,6066652620,4,4878308071,5,4878308071,40,4878308071,1455,4878308071,1434,4878308071,1448,4878308071,1486,4878308071,1461,4878308071,552,4878308071,562,4878308071,557,4878308071,543,4878308071,568,4878308071,520,4878308071,522,4878308071,525,4878308071,541,4878308071,519
920,8,4,32,5477470445,6535635832,4,5477470445,5,5482096296,40,5477470445,1495,5477470445,1438,5477470445,1417,5477470445,1423,5477470445,1402,5477470445,579,5477470445,570,5477470445,551,5477470445,556,5477470445,550,5477470445,527,5477470445,531,5477470445,542,5477470445,545,5477470445,520
921,9,4,4,18,24,5,18,5,18,42,18,285,18,257,18,252,18,252,18,248,18,551,18,702,18,635,18,603,18,550,18,545,18,549,18,530,18,661,18,541
922,9,4,4,20,22,5,20,5,20,45,20,1515,20,1461,20,1493,20,1507,20,1537,20,774,20,807,20,579,20,594,20,656,20,502,20,494,20,497,20,491,20,501
923,9,4,4,20,28,5,20,5,20,44,20,279,20,257,20,277,20,267,20,262,20,561,20,558,20,567,20,575,20,553,20,546,20,531,20,546,20,520,20,547
924,9,4,4,22,26,4,22,5,22,43,22,276,22,250,22,258,22,265,22,261,22,568,22,562,22,562,22,562,22,570,22,525,22,509,22,597,22,524,22,525
925,9,4,4,20,24,5,20,5,20,42,20,1498,20,1470,20,1488,20,1539,20,1599,20,555,20,556,20,585,20,575,20,558,20,541,20,546,20,532,20,546,20,541
926,9,4,8,320,387,5,320,5,320,43,320,1523,320,1541,320,1547,320,1483,320,1637,320,554,320,551,320,562,320,626,320,545,320,535,320,539,320,534,320,519,320,541
927,9,4,8,443,500,6,474,5,443,44,443,1523,443,3689,443,1519,443,1841,443,2961,443,579,443,608,443,646,443,614,443,608,443,498,443,497,443,496,443,502,443,511
928,9,4,8,300,317,5,317,5,300,43,300,2129,300,1710,316,2750,300,3308,300,1563,300,822,302,624,300,602,300,1177,300,636,317,554,317,546,317,538,317,540,317,528
929,9,4,8,313,327,5,313,5,313,43,313,1551,313,1555,313,1485,313,1505,313,1573,313,601,313,583,313,571,313,579,313,556,313,560,313,545,313,538,313,549,313,530
930,9,4,8,293,426,10,293,7,293,55,293,1579,293,1682,293,1701,293,2147,293,2161,293,720,293,618,293,593,293,552,293,563,293,649,293,517,293,513,293,522,293,508
931,9,4,16,78442,99531,5,78442,5,78442,41,78442,1441,78442,1437,78442,1412,78442,1862,78442,1496,78442,528,78442,521,78442,538,78442,527,78442,516,78442,551,78442,505,78442,506,78442,500,78442,591
932,9,4,16,74398,93974,6,74398,5,74398,61,74398,1473,74398,1414,74398,1472,74398,1464,74398,1414,74398,530,74398,527,74398,520,74398,519,74398,538,74398,507,74398,512,74398,535,74398,502,74398,585
933,9,4,16,67266,83100,6,67266,5,67266,43,67266,1561,67266,1532,67266,1440,67266,1427,67266,1400,67266,507,67266,562,67266,528,67266,505,67266,501,67266,544,67266,538,67266,530,67266,526,67266,523
934,9,4,16,84201,114799,4,84201,4,84201,41,84201,1704,84201,1445,84201,1416,84201,1480,84201,1409,84201,543,84201,550,84201,566,84201,551,84201,543,84201,517,84201,498,84201,511,84201,493,84201,500
935,9,4,16,79385,84923,5,81888,5,79385,41,79385,2464,79385,1411,79385,2313,79385,1476,79385,3147,79385,563,79385,566,79385,678,79385,671,79385,583,79385,547,79385,535,79385,529,79385,524,79385,533
936,9,4,32,5551056441,7344028298,4,5551056441,5,5551056441,41,5551056441,1405,5551056441,1488,5551056441,1432,5551056441,1422,5551056441,1617,5551056441,529,5551056441,542,5551056441,522,5551056441,516,5551056441,524,5551056441,498,5551056441,500,5551056441,493,5551056441,489,5551056441,498
937,9,4,32,4417810648,4771774730,5,4417810648,5,4417810648,41,4417810648,1427,4417810648,1490,4417810648,1430,4417810648,1448,4417810648,1470,4417810648,517,4417810648,526,4417810648,511,4417810648,518,4417810648,531,4417810648,508,4417810648,518,4417810648,571,4417810648,627,4417810648,511
938,9,4,32,4859538660,5822533569,5,4859538660,5,4859538660,42,4859538660,1542,4859538660,1397,4859538660,1441,4859538660,1450,4859538660,1434,4859538660,546,4859538660,724,4859538660,549,4859538660,670,4859538660,536,4859538660,485,4859538660,480,4859538660,460,4859538660,458,4859538660,624
939,9,4,32,3981437571,4387624483,8,3981437571,6,3991791065,52,3981437571,1713,3981437571,1421,3981437571,1480,3981437571,1442,3981437571,1460,3981437571,604,3981437571,559,3981437571,540,3981437571,533,3981437571,557,3981437571,466,3981437571,466,3981437571,467,3981437571,454,3981437571,462
940,9,4,32,5574322472,5745914892,4,5574322472,5,5578473054,42,5574322472,1407,5574322472,1470,5574322472,1444,5574322472,1389,5574322472,1451,5574322472,530,5574322472,530,5574322472,545,5574322472,530,5574322472,550,5574322472,540,5574322472,529,5574322472,518,5574322472,516,5574322472,517
941,10,4,4,22,23,5,22,5,22,45,22,1492,22,1486,22,1519,22,1471,22,1470,22,557,22,574,22,547,22,570,22,584,22,471,22,464,22,469,22,481,22,497
942,10,4,4,24,28,6,25,5,24,52,24,1619,24,1451,24,1453,24,2586,24,1853,24,688,24,565,24,646,24,558,24,634,24,503,24,491,24,471,24,474,24,484
943,10,4,4,20,21,5,20,5,20,43,20,1488,20,1627,20,1485,20,1527,20,1520,20,550,20,564,20,564,20,568,20,548,20,456,20,541,20,463,20,453,20,454
944,10,4,4,22,23,5,23,5,22,44,22,1475,22,1493,22,1464,22,2947,22,1827,22,598,22,604,22,588,22,566,22,558,22,487,22,482,22,458,22,465,22,447
945,10,4,4,13,14,4,13,5,13,29,13,264,13,265,13,250,13,257,13,253,13,560,13,502,13,517,13,499,13,539,13,465,13,462,13,477,13,472,13,478
946,10,4,8,371,423,5,398,5,381,41,371,2955,371,4484,371,1591,376,2503,376,2874,371,562,371,638,371,543,371,612,371,704,376,508,376,471,376,473,376,514,376,497
947,10,4,8,360,416,5,363,5,360,43,360,2262,363,1533,360,2953,360,2206,363,1593,360,546,360,745,360,570,360,542,360,640,360,508,360,534,360,508,360,525,360,525
948,10,4,8,235,306,5,235,5,236,45,235,1561,235,1568,235,1513,235,1552,235,1497,235,555,235,523,235,533,235,522,235,528,235,518,235,542,235,539,235,517,235,510
949,10,4,8,435,513,5,454,5,436,44,435,3636,438,2565,435,3558,435,3568,435,4330,435,582,435,917,435,1124,435,800,435,1036,435,529,435,522,435,506,435,516,435,502
950,10,4,8,325,441,5,334,5,325,44,325,2273,325,3618,325,2209,325,4022,325,1786,325,548,325,780,325,556,325,559,325,597,325,499,325,523,325,585,325,501,325,485
951,10,4,16,75284,103358,5,75284,5,75284,45,75284,1487,75284,1516,75284,1516,75284,1498,75284,1483,75284,523,75284,528,75284,545,75284,518,75284,510,75284,502,75284,500,75284,496,75284,560,75284,592
952,10,4,16,82374,88288,5,82374,5,82374,45,82374,1547,82374,1543,82374,1498,82374,1555,82374,1514,82374,539,82374,537,82374,562,82374,522,82374,541,82374,511,82374,479,82374,484,82374,474,82374,511
953,10,4,16,77413,77413,5,77413,5,77413,45,77413,1665,77413,1579,77413,1699,77413,1604,77413,1573,77413,536,77413,526,77413,530,77413,529,77413,727,77413,543,77413,549,77413,509,77413,525,77413,514
954,10,4,16,88338,109579,5,88338,5,88338,45,88338,1515,88338,1522,88338,1494,88338,1516,88338,1675,88338,536,88338,524,88338,535,88338,539,88338,552,88338,488,88338,478,88338,513,88338,483,88338,494
955,10,4,16,79303,87719,5,79573,5,79303,43,79303,3371,79303,1959,79303,1840,79303,2531,79303,3090,79303,737,79303,749,79303,634,79303,982,79303,537,79303,514,79573,493,79573,481,79303,468,79573,484
956,10,4,32,5720407287,7433733364,5,5720407287,5,5720407287,44,5720407287,1576,5720407287,1518,5720407287,1513,5720407287,1529,5720407287,1540,5720407287,538,5720407287,527,5720407287,538,5720407287,549,5720407287,543,5720407287,527,5720407287,506,5720407287,660,5720407287,585,5720407287,551
957,10,4,32,5518987141,6082277412,7,5539996615,8,5518987141,60,5518987141,2585,5518987141,2263,5539996615,1578,5518987141,2533,5518987141,3649,5518987141,848,5518987141,691,5539996615,529,5518987141,559,5518987141,542,5539996615,556,5539996615,532,5539996615,541,5539996615,532,5539996615,517
958,10,4,32,5337548419,6335877522,5,5337548419,5,5337548419,46,5337548419,1542,5337548419,1784,5337548419,1936,5337548419,1576,5337548419,1534,5337548419,527,5337548419,533,5337548419,514,5337548419,528,5337548419,542,5337548419,516,5337548419,505,5337548419,512,5337548419,500,5337548419,502
959,10,4,32,5097444148,6220712323,5,5097444148,5,5097444148,44,5097444148,1497,5097444148,1506,5097444148,1558,5097444148,1509,5097444148,1539,5097444148,940,5097444148,860,5097444148,522,5097444148,538,5097444148,528,5097444148,609,5097444148,526,5097444148,543,5097444148,583,5097444148,538
960,10,4,32,5637927538,6876384603,5,5637927538,5,5637927538,44,5637927538,2164,5637927538,1717,5637927538,1589,5637927538,1504,5637927538,1556,5637927538,543,5637927538,536,5637927538,552,5637927538,518,5637927538,531,5637927538,534,5637927538,515,5637927538,525,5637927538,506,5637927538,521
961,11,4,4,23,32,5,24,7,23,49,23,499,23,1580,23,286,23,481,23,265,23,591,23,566,23,591,23,572,23,549,23,497,23,501,23,1070,23,506,23,528
962,11,4,4,25,31,5,25,5,25,48,25,288,25,418,25,364,25,349,25,332,25,571,25,553,25,558,25,547,25,541,25,527,25,469,25,522,25,500,25,481
963,11,4,4,18,21,5,18,5,18,47,18,278,18,277,18,283,18,276,18,263,18,542,18,553,18,547,18,531,18,539,18,483,18,501,18,484,18,477,18,484
964,11,4,4,13,13,5,13,5,13,22,13,1706,13,1653,13,1608,13,1571,13,1625,13,504,13,533,13,510,13,553,13,508,13,450,13,448,13,445,13,455,13,445
965,11,4,4,23,28,5,24,5,24,47,24,1543,24,1650,23,1265,23,1304,24,1570,23,601,23,679,23,586,23,661,23,672,24,502,23,505,23,526,24,479,23,509
966,11,4,8,267,342,5,268,5,267,46,268,1590,268,1562,268,1577,268,1586,268,1692,268,553,268,523,268,522,268,523,268,531,267,563,267,700,268,607,267,629,267,517
967,11,4,8,328,462,5,347,5,329,47,329,4156,328,3068,331,1573,329,2641,331,3847,329,609,329,691,331,690,328,1096,328,976,329,536,328,515,328,525,329,501,331,483
968,11,4,8,346,455,5,360,5,350,47,346,4153,346,3165,346,2001,346,4177,346,3842,355,675,346,848,346,753,346,675,346,677,346,523,346,502,346,486,346,504,346,513
969,11,4,8,271,346,5,273,5,271,46,271,2705,271,3392,272,3070,271,3373,271,2330,271,800,271,762,273,666,271,1070,271,724,273,518,273,534,273,521,273,502,273,510
970,11,4,8,395,472,5,410,5,395,47,395,2323,395,2771,395,3248,395,3759,395,4579,395,601,395,723,395,644,395,680,395,577,395,478,395,477,395,482,397,464,395,487
971,11,4,16,62315,64974,5,62315,5,62315,47,62315,1626,62315,1650,62315,1559,62315,1565,62315,1583,62315,520,62315,513,62315,512,62315,518,62315,511,62315,505,62315,593,62315,498,62315,498,62315,510
972,11,4,16,99600,125728,11,102141,8,101746,60,100989,2046,99600,3740,100989,3473,99600,1760,99600,2435,99600,935,99600,673,99600,646,99600,685,99600,611,100989,507,100989,495,101746,484,100989,517,99600,550
973,11,4,16,98013,106341,5,98585,5,98585,64,98013,2788,98013,1993,98013,3192,98013,2844,98585,1635,98013,632,98013,671,98013,589,98013,538,98013,573,98013,509,98585,453,98585,455,98585,489,98585,461
974,11,4,16,78176,85845,5,78176,5,78176,55,78176,1979,78176,1616,78176,1560,78176,1585,78176,1548,78176,539,78176,563,78176,536,78176,541,78176,537,78176,520,78176,589,78176,516,78176,516,78176,524
975,11,4,16,79734,103534,5,79734,5,79734,49,79734,1638,79734,1624,79734,1587,79734,1638,79734,1592,79734,530,79734,536,79734,527,79734,528,79734,525,79734,563,79734,533,79734,525,79734,530,79734,526
976,11,4,32,7249157712,8098227556,5,7554660857,6,7292686059,45,7253107487,3459,7281223231,2006,7294063369,2649,7292686059,1525,7249157712,4160,7249157712,983,7249157712,834,7249157712,731,7249157712,809,7249157712,664,7292686059,453,7292686059,471,7292686059,583,7292686059,629,7292686059,455
977,11,4,32,6469978549,7929921692,5,6698965745,5,6469978549,53,6469978549,2321,6587174320,3807,6469978549,2329,6469978549,3088,6587174320,5024,6587174320,823,6587174320,756,6587174320,578,6587174320,830,6587174320,577,6587174320,599,6587174320,618,6587174320,574,6587174320,570,6587174320,606
978,11,4,32,6484389417,7058934670,5,6885547078,5,6921580801,46,6555100332,2719,6555100332,3970,6555100332,3083,6498392438,2278,6555100332,2259,6484389417,885,6484389417,960,6484389417,971,6484389417,813,6484389417,1071,6484389417,625,6484389417,588,6484389417,586,6484389417,573,6484389417,601
979,11,4,32,6727486835,7633343853,5,6940345234,5,6898661238,45,6727486835,2686,6778175597,2691,6727486835,4152,6778175597,1969,6856135552,1576,6727486835,556,6727486835,1162,6727486835,834,6727486835,644,6727486835,704,6809066592,466,6809066592,458,6727486835,496,6727486835,473,6778175597,456
980,11,4,32,4614997418,6438889949,5,4715186503,5,4630335018,48,4614997418,3067,4715186503,1570,4715186503,1576,4614997418,2784,4715186503,1565,4630335018,935,4614997418,945,4630335018,1146,4614997418,576,4614997418,948,4614997418,534,4614997418,505,4614997418,557,4614997418,510,4614997418,505
981,12,4,4,23,24,6,23,6,24,48,23,313,23,279,23,277,23,278,23,335,23,558,23,695,23,662,23,565,23,576,23,629,23,653,23,495,23,580,23,526
982,12,4,4,27,32,6,29,6,27,37,27,1256,27,1208,27,1217,27,2018,27,2031,27,676,27,696,27,803,27,574,27,752,27,33,27,30,27,40,27,41,27,88
983,12,4,4,27,29,9,28,9,27,70,27,319,27,315,27,278,27,287,27,1207,27,667,27,645,27,546,27,559,27,667,27,486,27,499,27,502,27,496,27,499
984,12,4,4,26,28,6,26,6,26,48,26,281,26,292,26,276,26,276,26,292,26,573,26,570,26,567,26,577,26,585,26,514,26,500,26,520,26,502,26,513
985,12,4,4,28,33,5,29,5,29,47,28,558,28,1242,29,1662,28,306,28,665,28,799,28,862,28,703,28,781,28,563,28,109,28,22,28,29,28,58,28,50
986,12,4,8,395,467,5,395,6,395,51,395,1635,395,1704,395,1682,395,1718,395,1718,395,530,395,543,395,534,395,530,395,537,395,541,395,541,395,500,395,505,395,506
987,12,4,8,440,558,5,446,6,445,50,446,1727,446,1621,443,2854,446,1626,445,2506,440,870,446,539,443,763,440,658,440,954,440,489,446,545,440,502,440,489,446,498
988,12,4,8,331,461,6,359,6,343,49,331,4469,335,2894,339,5176,331,4353,331,4920,337,940,337,803,331,811,332,790,337,808,340,489,343,490,337,537,340,524,343,468
989,12,4,8,344,423,5,345,6,351,49,345,1622,345,1616,344,3460,345,1603,344,3231,345,555,345,549,345,548,345,555,345,543,344,529,344,583,344,502,344,535,344,543
990,12,4,8,391,501,5,391,6,392,49,391,1750,391,1629,391,1636,391,1708,391,1604,391,554,391,547,391,541,391,537,391,570,391,520,391,489,391,534,391,522,391,498
991,12,4,16,110397,124521,5,111640,6,113709,47,111013,3300,111013,3562,111126,2431,111013,5452,110493,3142,110493,1235,110493,842,110493,689,110493,755,111013,987,111640,483,110493,507,110563,506,110397,586,110780,506
992,12,4,16,68314,91329,7,69473,6,69009,49,69079,2150,68314,5391,69473,1700,69009,3155,68466,3591,69473,555,69473,560,69473,547,69473,547,69473,557,69009,540,69009,547,69473,558,69009,477,69473,553
993,12,4,16,100625,111234,5,100625,6,100625,50,100625,1618,100625,1639,100625,1642,100625,1593,100625,1657,100625,537,100625,542,100625,543,100625,544,100625,532,100625,520,100625,530,100625,611,100625,525,100625,521
994,12,4,16,148057,164566,6,157677,6,148958,49,148057,8240,148057,3582,150686,2242,148057,2811,150118,2093,148057,640,148057,690,148057,1032,148057,777,148057,607,148057,542,148057,530,148057,531,149163,545,149163,543
995,12,4,16,116165,126978,6,116165,6,116165,50,116165,1648,116165,2233,116165,2154,116165,1646,116165,1859,116165,557,116165,579,116165,548,116165,559,116165,555,116165,489,116165,483,116165,478,116165,476,116165,483
996,12,4,32,6541680739,7320694226,5,6764093069,5,6619962677,49,6651572629,3250,6619962677,2084,6581058009,2629,6563190440,5536,6579059841,3940,6764093069,555,6764093069,569,6764093069,561,6764093069,543,6764093069,541,6550750921,515,6581058009,498,6550750921,470,6619962677,481,6552749089,475
997,12,4,32,6921910269,7014688966,5,7014688966,6,6921910269,50,6921910269,3275,6921910269,1727,6921910269,3525,6921910269,3616,6921910269,3665,6921910269,662,6921910269,658,6921910269,573,6921910269,566,6921910269,566,6921910269,511,6921910269,508,6921910269,512,6921910269,501,6921910269,502
998,12,4,32,5100000490,5821615450,5,5110387428,6,5146182043,50,5110387428,1639,5110387428,1663,5110387428,1680,5110387428,1741,5110387428,1630,5110387428,549,5110387428,541,5110387428,547,5110387428,541,5110387428,544,5100000490,571,5110387428,628,5100000490,747,5100000490,614,5100000490,597
999,12,4,32,5531934061,6767537676,6,5848795183,6,5592352897,50,5549147352,2426,5558596550,4052,5531934061,4106,5725076516,1645,5549147352,4717,5618036139,867,5562814685,649,5592352897,1014,5592352897,833,5558596550,897,5531934061,493,5531934061,473,5531934061,493,5531934061,488,5549147352,594
1000,12,4,32,6131137368,7376459450,6,6193100321,6,6131137368,50,6183164525,2374,6131137368,1993,6131137368,3160,6185877215,2023,6131137368,2075,6131137368,869,6131137368,583,6131137368,838,6131137368,899,6131137368,530,6131137368,515,6131137368,518,6131137368,539,6131137368,522,6131137368,503
1001,13,4,4,27,30,5,27,6,28,51,27,302,27,336,27,305,27,289,27,289,27,575,27,558,27,569,27,565,27,551,27,483,27,480,27,511,27,531,27,551
1002,13,4,4,29,36,5,31,6,30,48,29,308,29,307,30,2251,30,2957,30,2516,29,829,29,601,29,806,29,802,29,786,29,234,30,547,29,100,29,165,29,107
1003,13,4,4,29,33,6,29,6,29,61,29,297,29,295,29,309,29,313,29,291,29,565,29,565,29,563,29,560,29,560,29,489,29,471,29,502,29,513,29,488
1004,13,4,4,24,25,6,26,6,25,50,25,1726,24,1733,24,292,24,289,24,934,24,571,24,621,24,617,24,770,24,595,24,494,24,544,24,470,24,464,24,500
1005,13,4,4,34,37,6,34,6,34,52,34,1684,34,1770,34,1844,34,1677,34,1688,34,583,34,573,34,577,34,567,34,588,34,544,34,539,34,542,34,572,34,557
1006,13,4,8,392,437,6,402,6,397,52,392,4108,394,3521,401,1720,397,2168,392,4504,401,822,392,1033,392,796,392,1057,392,742,392,529,402,508,392,518,402,496,402,505
1007,13,4,8,383,542,6,412,7,393,51,388,3650,383,6800,385,6327,388,7772,388,5729,384,1027,384,841,388,602,383,581,385,1030,388,548,388,533,388,522,388,561,388,557
1008,13,4,8,522,674,6,574,7,548,55,528,4512,528,3571,528,6521,530,3164,529,4461,522,951,522,1021,526,824,526,860,526,920,522,555,522,565,522,576,522,548,522,555
1009,13,4,8,316,440,6,322,6,317,56,322,1792,322,1834,316,5979,316,5189,322,1873,316,887,316,732,320,944,316,797,318,695,321,539,316,568,317,557,317,539,316,570
1010,13,4,8,297,382,6,306,7,298,56,297,3118,298,4026,299,3585,297,4370,299,2288,299,957,298,800,303,1141,299,797,298,580,299,550,298,584,298,598,298,632,298,586
1011,13,4,16,113300,144260,6,113300,7,113439,57,113300,1992,113300,1862,113300,1837,113300,1816,113300,2226,113300,577,113300,588,113300,593,113300,583,113300,579,113300,706,113300,606,113300,560,113300,570,113300,585
1012,13,4,16,105604,134481,6,106980,7,105919,55,105604,4793,105837,2284,105604,3535,105604,4516,105919,4036,105919,894,105919,625,105837,1007,105919,678,105983,587,105604,581,105604,555,105604,539,105604,530,105604,551
1013,13,4,16,117081,145481,12,120062,9,119284,70,118522,1827,117081,5492,117203,4836,117203,4476,117081,3985,118155,710,117623,995,117707,727,117623,1267,117623,1326,117081,534,117311,536,117623,616,117433,590,117203,679
1014,13,4,16,127818,138827,7,130673,7,129063,56,127818,4035,127818,2684,127839,5203,127818,5793,127818,5268,127818,908,127818,707,127818,804,127818,1230,127818,766,127818,661,127818,622,127818,640,127818,632,127818,658
1015,13,4,16,129546,160958,6,130815,6,130516,61,129546,3852,130096,3158,130506,1942,129855,4833,129855,6999,129960,751,129874,672,129960,1060,129960,775,129546,752,129546,648,129546,627,129546,626,129546,636,129546,611
1016,13,4,32,5761104194,7140797566,6,5800782014,7,6065773608,57,5800782014,1827,5800782014,1853,5761104194,3902,5761104194,3049,5800782014,1774,5800782014,625,5789840021,936,5800782014,618,5800782014,592,5789840021,794,5761104194,589,5761104194,513,5761104194,518,5761104194,537,5761104194,543
1017,13,4,32,5533550083,6308174700,7,5711471396,10,5664561844,66,5533550083,4019,5543934633,3952,5567959350,4667,5533550083,3499,5533550083,6506,5533550083,666,5543934633,917,5543934633,857,5537369018,645,5543934633,939,5537369018,561,5543934633,595,5543934633,632,5543934633,573,5543934633,572
1018,13,4,32,7930843609,8404923968,6,8625148590,7,7975397590,56,8007623943,2239,8007623943,4770,8116098905,2208,7930843609,5601,8110414464,3203,7930843609,1130,7930843609,902,7930843609,817,8110414464,767,7930843609,1085,7940020767,510,8110414464,660,8110414464,632,8110414464,646,8110414464,640
1019,13,4,32,9714461036,11439864551,6,10583519045,6,9950623058,55,9806195898,7782,9881362675,4470,9885816782,3480,9837117396,3095,9998874351,2336,9714461036,976,9806195898,1356,9806195898,1238,9714461036,1182,9714461036,808,9714461036,615,9714461036,597,9714461036,595,9714461036,614,9714461036,647
1020,13,4,32,6282442298,6863420336,6,6834322218,7,6429365564,53,6325118337,3541,6360710492,7034,6337800888,3189,6319222975,3177,6360710492,3947,6282442298,1285,6304889803,1244,6319222975,641,6360710492,1083,6282442298,894,6337800888,489,6337800888,507,6313454717,532,6337800888,515,6337800888,496
1021,14,4,4,31,34,7,33,7,31,84,31,1551,31,417,31,368,31,359,31,1589,31,649,31,735,31,623,31,605,31,633,31,585,31,576,31,582,31,592,31,678
1022,14,4,4,32,36,10,33,10,32,74,32,359,32,345,32,948,32,334,32,337,32,766,32,665,32,649,32,623,32,770,32,666,32,609,32,617,32,586,32,579
1023,14,4,4,20,27,6,20,6,20,57,20,344,20,339,20,358,20,323,20,329,20,603,20,592,20,691,20,754,20,745,20,532,20,508,20,514,20,598,20,527
1024,14,4,4,26,32,6,27,7,26,44,27,1978,26,985,26,1919,26,1817,26,1497,26,817,26,821,27,606,26,802,26,828,26,43,26,58,26,49,26,24,26,41
1025,14,4,4,28,30,7,29,7,28,44,28,969,29,1883,28,340,28,397,28,1494,28,750,28,717,28,666,28,833,28,636,28,38,28,45,28,24,28,23,28,23
1026,14,4,8,562,634,7,580,7,573,59,566,4850,564,4635,567,5298,564,5466,562,6609,564,1175,562,1180,564,1276,564,1249,562,959,564,642,562,644,562,745,562,669,562,614
1027,14,4,8,439,488,7,461,7,457,65,441,4046,442,4579,440,6094,441,3616,441,5895,440,1017,441,1055,439,644,441,775,443,692,440,623,440,603,439,602,445,618,439,635
1028,14,4,8,486,605,6,496,7,493,58,487,4890,486,9325,486,4108,492,2384,486,5445,489,983,491,682,487,933,486,997,496,604,487,665,487,559,489,608,486,653,486,640
1029,14,4,8,405,462,6,407,7,408,69,406,4764,407,2006,406,2344,407,2069,406,3258,406,892,406,1008,407,593,406,1119,406,1077,407,525,407,523,407,519,407,532,406,536
1030,14,4,8,479,637,6,486,7,494,58,485,2897,479,4542,479,3175,479,5796,486,1913,479,1103,484,956,479,879,484,1057,479,1231,479,566,479,553,479,550,479,602,479,514
1031,14,4,16,122413,133842,6,127938,7,127477,58,122892,3582,122932,2348,122463,8897,122511,4994,122825,4906,122511,626,122463,1026,122511,738,122511,1177,122451,1161,122484,628,122451,597,122892,625,122892,617,122484,624
1032,14,4,16,131855,145145,7,142742,7,132545,68,133099,4063,131855,6229,135324,2604,132545,4629,133099,4561,132052,1609,131855,1188,132052,1350,132052,783,132052,1102,131855,664,131855,587,131855,622,131855,671,131855,669
1033,14,4,16,122688,137548,6,128798,30,124219,58,123213,6417,124103,3686,123163,4119,122961,9113,123163,5840,124010,628,123537,1457,124010,596,124112,734,124010,1516,122688,707,122688,624,122740,646,122688,654,122688,625
1034,14,4,16,103460,130913,7,107826,7,105838,70,104472,5530,104254,4586,104741,3269,104741,5205,104741,2451,104285,637,104446,1036,104285,807,104285,2022,104285,970,103460,575,103460,532,103460,513,103758,635,103460,656
1035,14,4,16,117034,124987,6,120499,7,118688,60,120499,1912,117051,5564,118454,4882,117034,9193,117691,4140,117152,1140,119664,862,117691,708,118356,746,118839,1016,117102,587,117102,559,117102,541,118356,640,117102,566
1036,14,4,32,5129440019,7058410158,6,5193700874,7,5184827823,60,5129440019,6009,5177482602,3711,5129440019,7233,5143198526,2755,5129440019,8639,5143198526,957,5177482602,1290,5155512648,743,5143198526,1024,5143198526,992,5193700874,575,5184827823,582,5193700874,576,5143198526,648,5129440019,590
1037,14,4,32,7937132086,8156123627,7,7939332669,7,8022548782,66,7937132086,4023,7939332669,1907,7937132086,3573,7937132086,2291,7939332669,2024,7939332669,594,7937132086,600,7939332669,598,7939332669,595,7939332669,600,7939332669,534,7937132086,525,7937132086,514,7937132086,492,7937132086,568
1038,14,4,32,7320868593,8367159655,7,7497739357,7,7343331880,67,7343555928,1863,7324430416,5858,7320868593,8349,7342952564,6306,7378146142,3209,7322178488,1376,7343331880,695,7322178488,936,7322178488,606,7342952564,596,7320868593,711,7322178488,683,7322178488,646,7320868593,689,7322178488,680
1039,14,4,32,9672425946,11809029222,6,9955348928,7,9855666577,59,9740688719,3242,9690983561,6958,9690983561,4996,9703620565,4985,9690983561,3702,9752933222,602,9723937248,1182,9690199571,870,9723937248,1156,9723937248,1063,9690983561,624,9690983561,626,9672425946,649,9677275703,631,9672425946,625
1040,14,4,32,7134131027,7611257178,7,7465507892,7,7342852223,57,7206800139,5061,7224278333,2405,7232043873,3217,7202191186,4986,7204533617,5051,7216962403,683,7139153887,1334,7139153887,1425,7139153887,1490,7216962403,614,7139153887,519,7139153887,554,7139153887,570,7139153887,529,7160871285,494
1041,15,4,4,33,40,6,34,7,33,60,34,1931,33,997,33,1043,33,1484,34,1989,33,858,34,614,33,771,33,621,33,873,33,170,33,79,33,38,33,37,33,43
1042,15,4,4,27,30,7,27,7,27,61,27,377,27,340,27,338,27,337,27,342,27,620,27,610,27,618,27,610,27,599,27,645,27,623,27,594,27,568,27,626
1043,15,4,4,28,34,7,28,7,28,58,28,344,28,335,28,357,28,374,28,341,28,603,28,600,28,636,28,606,28,597,28,597,28,576,28,594,28,594,28,611
1044,15,4,4,27,36,7,28,8,27,44,27,1538,27,1096,27,1914,27,1022,28,1973,27,616,28,612,27,908,27,642,27,809,27,28,27,24,28,503,27,32,27,23
1045,15,4,4,42,48,7,45,7,43,58,42,344,43,1965,42,331,42,2017,42,471,42,699,42,696,42,688,42,770,42,696,42,726,42,602,42,542,42,544,42,572
1046,15,4,8,493,512,7,518,7,505,60,494,5549,494,3774,494,5363,494,4339,494,6874,495,1094,496,803,495,884,493,747,495,1031,494,598,493,650,494,675,493,654,493,615
1047,15,4,8,568,609,7,575,7,577,60,571,4222,570,5603,571,3387,571,5296,575,2005,568,1029,568,1268,570,927,568,749,568,1072,568,672,570,617,570,633,568,654,570,674
1048,15,4,8,483,578,7,502,7,487,65,485,3981,489,1981,486,7585,485,5144,486,4386,486,1423,492,937,485,672,492,991,486,743,483,676,483,681,483,654,485,652,483,686
1049,15,4,8,490,530,7,504,8,497,59,493,3364,493,4707,493,5288,491,6519,493,3343,491,960,490,1037,491,953,493,779,493,1008,490,657,492,617,490,685,491,733,490,612
1050,15,4,8,456,516,7,464,8,461,61,457,6079,457,3860,457,7098,460,3815,457,6940,458,1124,458,1097,457,1207,461,596,461,809,460,560,457,519,457,577,458,557,457,542
1051,15,4,16,123756,140171,7,131191,7,124963,61,124675,5982,124182,3981,125015,7589,126317,2818,124105,8961,124105,1423,124613,844,124510,1253,124435,778,124105,963,124105,690,123756,682,124320,669,123756,673,124105,654
1052,15,4,16,131264,143735,7,133056,7,132725,61,132480,2552,131583,4421,132014,6092,133056,1980,132286,3346,132356,1046,132356,897,132328,1105,132091,1124,132281,1233,131617,625,131416,642,132286,643,131617,651,131583,632
1053,15,4,16,117653,133824,10,119969,8,120676,61,117915,7828,117653,4714,117702,6484,117714,7516,117673,7307,117688,1005,119723,719,119650,1166,119217,866,119723,941,117653,658,117673,647,118260,623,117653,634,117653,618
1054,15,4,16,128838,147904,7,130564,7,129517,60,129203,4772,130564,1979,129024,3326,130564,1963,130564,1951,129024,1191,129029,1004,128838,762,129024,1116,129029,1302,128838,677,129029,640,128838,686,129024,767,128838,695
1055,15,4,16,114598,148520,7,117602,7,115853,61,114937,3841,114937,3307,114937,3432,114937,4094,115172,5614,115118,926,115393,1495,115014,1082,115099,1082,115457,1024,114598,648,115014,586,114958,622,115457,558,115014,530
1056,15,4,32,6702602707,7252106174,7,6825338777,7,6731699069,61,6720500582,5232,6741047767,4872,6769842791,4280,6730190710,4918,6825338777,2130,6740696799,1317,6775867570,1056,6740696799,1465,6708344610,1476,6775867570,739,6702602707,641,6748881127,532,6707274685,663,6825338777,542,6702602707,679
1057,15,4,32,6669219497,7815712447,7,6791884970,8,6701520017,60,6711882944,5155,6776796833,4258,6691309948,10235,6705123565,2880,6742903029,3417,6677549555,1083,6705123565,1129,6677549555,1034,6695752863,1275,6693341337,1208,6681158328,648,6681158328,666,6681494580,789,6716050456,645,6677549555,673
1058,15,4,32,6964014929,7870883144,7,7055223440,7,7169491878,61,7055223440,2024,7055223440,1897,7042741189,3761,6984907091,4380,7055223440,1990,6984907091,1176,7055223440,610,6984907091,1108,7055223440,613,7055223440,602,6964014929,651,6979208201,626,6964014929,655,6964334768,609,6979208201,599
1059,15,4,32,7967195210,9186962852,7,8362808474,8,8168718498,60,8011082743,6291,7969586356,7116,7969586356,7283,8003395588,5635,8027012202,3785,8072467189,1017,8027012202,1190,8033054295,743,8003395588,1271,8085657435,623,7968678110,611,7997809306,499,7969586356,569,7969586356,554,7969586356,597
1060,15,4,32,7539416301,8412491349,7,7752707995,7,7575542878,61,7542537495,4627,7542537495,2413,7539416301,5617,7542537495,2346,7539416301,6084,7576551426,1193,7570747324,781,7579415826,622,7625555956,1054,7611390599,882,7548503507,704,7542537495,629,7542537495,587,7542537495,561,7544095047,612
1061,16,4,4,23,30,8,23,8,23,65,23,382,23,358,23,368,23,353,23,369,23,604,23,664,23,628,23,610,23,621,23,553,23,520,23,535,23,548,23,584
1062,16,4,4,30,35,8,30,7,30,48,30,566,30,388,30,362,30,354,30,360,30,623,30,639,30,624,30,618,30,755,30,574,30,606,30,557,30,558,30,596
1063,16,4,4,31,37,7,32,8,32,75,31,2031,32,2005,31,1129,32,2031,32,2256,31,677,31,882,31,679,31,809,31,799,31,29,31,25,31,23,31,24,31,23
1064,16,4,4,40,43,7,42,14,40,63,40,645,40,1802,40,636,40,714,40,693,40,614,40,628,40,743,40,663,40,677,40,580,40,602,40,690,40,576,40,598
1065,16,4,4,22,23,7,22,7,22,61,22,368,22,418,22,356,22,352,22,387,22,622,22,615,22,621,22,614,22,646,22,602,22,584,22,627,22,574,22,616
1066,16,4,8,663,727,7,682,8,667,60,664,5061,665,6254,668,3967,666,5734,665,4130,664,782,663,1140,666,1310,664,1677,663,1229,663,847,664,830,664,773,664,670,664,648
1067,16,4,8,432,506,8,448,8,437,63,435,4468,433,9136,437,4032,434,8632,438,3348,433,1184,433,934,436,929,435,720,436,662,433,617,432,719,433,568,433,599,433,631
1068,16,4,8,402,450,7,413,7,405,63,403,5819,404,3031,404,6272,403,5738,402,5063,404,793,403,712,403,927,403,1336,404,1209,403,607,403,632,402,488,403,570,403,602
1069,16,4,8,531,607,7,550,8,553,62,532,4712,534,3236,532,5819,531,4371,532,3446,531,901,531,944,531,1005,531,1098,532,991,532,631,531,652,531,669,532,587,531,666
1070,16,4,8,477,525,8,485,8,481,63,480,3975,478,7465,478,6334,482,3590,481,2022,479,700,479,1282,477,1218,480,1000,478,819,478,612,477,744,479,632,477,719,478,697
1071,16,4,16,124482,143921,7,130968,9,126979,78,125482,5843,125730,3511,125072,3080,125170,5563,125482,4512,125419,956,124980,1127,124934,1197,125279,1276,125419,782,124827,563,124518,628,125471,535,124482,578,124493,589
1072,16,4,16,99653,132569,8,100113,7,101431,64,100113,2086,100113,2286,100113,2118,100113,2080,99915,5797,100113,610,100113,597,99884,1014,100113,611,100113,616,99669,680,99669,692,100113,661,99823,711,100113,550
1073,16,4,16,133369,165473,7,134126,8,134273,63,133816,4021,134060,2489,134126,2049,134126,1996,134126,2135,134126,758,134126,768,133895,973,134126,612,134126,630,133369,691,133369,652,133814,622,133390,679,134126,567
1074,16,4,16,109247,124247,7,112077,8,111433,63,110633,2127,109457,8325,109435,6395,110042,3564,110335,3526,110543,790,109435,1519,109809,926,110327,697,109435,1123,109247,600,109435,540,109254,573,111433,539,109254,561
1075,16,4,16,142072,167635,7,144300,8,143621,64,143281,2681,142748,5877,143051,2799,142072,5755,142183,4503,142748,1062,142207,1639,144300,607,143171,791,142207,1459,143051,607,142072,644,142330,695,143051,619,143051,625
1076,16,4,32,7921470553,8936204542,7,8092064530,8,8196966618,63,7935306582,5299,7961484363,4696,7929622717,7448,7929622717,8145,8009242719,3491,7942332479,1052,7952333091,789,7979224200,1098,7953106164,1399,7942588158,850,7961484363,628,7921499804,654,7921499804,662,7925318401,664,7929622717,693
1077,16,4,32,9550277538,10597254887,8,10018147603,8,9733211177,63,9787705335,2543,9593723918,4544,9680497276,2708,9603825017,5349,9630068843,3505,9657109681,958,9576181585,1169,9603825017,995,9567829002,1550,9568986370,1089,9550277538,723,9550277538,668,9576181585,678,9567829002,650,9550277538,658
1078,16,4,32,7767919419,8396636043,7,7942022431,8,7857682616,63,7798285348,2075,7806780672,2544,7767919419,4411,7794312672,4879,7790071427,4901,7811873455,1257,7814092790,1082,7811873455,1193,7795589975,1350,7845621279,925,7774544759,670,7772824283,681,7767919419,684,7772824283,667,7775721217,651
1079,16,4,32,7759631979,8847229526,7,7900479792,8,7791048141,70,7793145796,3798,7770327792,6351,7778424847,4373,7782775717,5638,7900479792,2031,7815929039,1106,7759957713,1214,7794284350,1188,7803174571,1145,7761249182,1133,7759957713,717,7760208698,714,7766721688,704,7764309657,692,7765674594,672
1080,16,4,32,9716301928,10105937602,7,10176856132,7,9735567445,65,9751427652,4865,9730192387,5248,9734706623,7300,9741490316,5345,9749519838,5562,9774126627,777,9735567445,1350,9782569531,1004,9741490316,1046,9798964474,1286,9716301928,814,9718133603,706,9724629212,722,9720917356,615,9724629212,653
1081,17,4,4,35,40,8,36,8,35,60,35,1129,35,1110,35,1631,35,1142,35,2159,35,662,35,666,35,849,35,819,35,763,35,28,35,24,35,23,35,25,35,24
1082,17,4,4,33,37,7,33,8,33,64,33,474,33,447,33,424,33,388,33,376,33,620,33,636,33,661,33,614,33,667,33,678,33,623,33,594,33,684,33,655
1083,17,4,4,30,35,7,30,8,31,67,30,403,30,382,30,366,30,366,30,382,30,621,30,623,30,628,30,613,30,622,30,600,30,594,30,578,30,592,30,543
1084,17,4,4,35,40,15,35,8,35,58,35,382,35,383,35,379,35,366,35,504,35,624,35,640,35,628,35,630,35,663,35,635,35,597,35,712,35,691,35,555
1085,17,4,4,39,44,8,41,8,39,68,39,1670,39,2167,39,660,39,416,39,707,39,779,39,765,39,797,39,898,39,734,39,636,39,619,39,832,39,671,39,638
1086,17,4,8,464,501,8,472,8,471,67,468,3768,468,2620,466,8058,467,4739,468,3632,465,1266,468,1248,466,1405,466,1158,469,1396,468,544,466,522,466,576,468,520,466,565
1087,17,4,8,541,703,7,550,8,552,65,545,3925,542,6587,542,4668,545,2189,543,5806,542,1501,541,1370,542,982,546,904,543,1090,541,774,541,638,541,668,541,755,541,652
1088,17,4,8,428,521,8,432,8,441,71,429,4010,432,2357,429,4643,432,2223,429,5032,431,1050,430,945,431,1155,431,610,430,1167,429,714,428,391,430,664,428,125,428,453
1089,17,4,8,686,713,8,726,9,694,71,688,7526,689,4575,690,5197,688,4520,687,6528,692,679,688,1435,688,1238,688,854,687,892,686,691,687,612,687,592,686,688,686,667
1090,17,4,8,556,623,8,564,8,564,76,558,5780,557,2643,558,2546,559,6051,557,5041,559,1458,557,1241,558,1174,558,1453,558,1307,556,650,556,690,557,639,557,621,557,650
1091,17,4,16,136900,162962,7,139024,8,138159,66,137294,4579,137328,8757,137542,6073,137796,4693,137328,8866,137905,1166,137901,1164,138007,1025,138007,1143,139024,605,136906,680,136937,616,137018,706,137114,694,136937,699
1092,17,4,16,140429,175632,7,143067,8,141196,66,140807,9345,141218,4987,141398,2727,141196,3569,142047,3167,141002,1476,140833,1032,140815,1403,140751,1499,140789,918,140543,635,140641,707,141041,647,140807,642,140807,660
1093,17,4,16,118631,136310,14,119554,12,118917,84,119554,2904,119515,4633,119506,3660,119554,2187,119111,4154,119554,801,119331,891,119029,1153,119554,675,119524,985,118631,690,118657,1288,118631,734,118977,686,118794,679
1094,17,4,16,155145,176383,8,159264,8,156141,67,155779,2570,155445,5592,155445,9547,155445,5011,155445,4605,155834,1035,156017,692,155746,1118,155719,940,155279,757,155265,678,155445,745,155956,848,155172,742,155437,685
1095,17,4,16,118330,162959,8,120831,8,119159,67,119069,5981,120831,2121,118621,5877,118703,4076,118661,6307,119054,1326,119231,821,118832,654,119916,1199,118492,1691,118592,700,118330,573,118512,632,118478,670,118330,666
1096,17,4,32,11083057571,12674524147,7,11573314888,8,11255232558,65,11193826619,4674,11110542172,13155,11101862206,7922,11104812302,5116,11127674493,5952,11156363444,1490,11086039908,1617,11104812302,1092,11147584252,1155,11115977455,901,11090435505,650,11089159335,747,11111365847,730,11102119502,696,11089060879,740
1097,17,4,32,8684921534,9659400204,8,9391679853,8,8841723289,67,8738692596,5746,8719405520,4150,8805225159,3655,8701516619,5079,8712521893,7015,8696096346,1141,8696235254,646,8782904142,1275,8693234817,1195,8708878683,974,8684921534,675,8696096346,654,8756142245,630,8698655780,596,8696096346,602
1098,17,4,32,9490525635,11167911012,8,9683412541,9,9546381191,66,9515313888,4635,9502553581,13455,9506685164,3619,9498207845,8867,9530657119,3538,9610913180,1046,9531135373,1407,9608631856,958,9562577772,1573,9561157174,1215,9490525635,700,9506685164,673,9494974581,714,9508436542,681,9500821452,716
1099,17,4,32,8978822229,9698919703,8,9281471284,9,9072453776,74,8991744053,3235,8999416558,7893,9034747310,4131,9008936107,8379,8999416558,5462,9002151051,1260,9086587365,1036,9010235547,1181,9024135386,1151,8996189007,798,8978822229,711,8996189007,650,8984431250,724,8991744053,670,8986669458,696
1100,17,4,32,9926041043,10975506710,8,10036255792,9,10018805887,65,9950291881,10030,9938682676,5506,9940970337,6968,9938682676,5541,9941155572,3256,9936057107,902,9941155572,1686,9947491685,1383,9938682676,922,9947491685,1365,9940970337,680,9944899350,635,9939468436,692,9930494250,760,9930494250,838
1101,18,4,4,27,31,9,27,9,27,54,27,417,27,397,27,398,27,396,27,384,27,657,27,625,27,626,27,616,27,619,27,509,27,600,27,548,27,594,27,563
1102,18,4,4,38,42,8,38,9,38,68,38,493,38,482,38,575,38,408,38,391,38,640,38,629,38,642,38,627,38,627,38,624,38,622,38,605,38,647,38,1070
1103,18,4,4,28,33,8,28,9,28,53,28,408,28,397,28,398,28,386,28,399,28,649,28,747,28,862,28,657,28,670,28,634,28,534,28,618,28,582,28,562
1104,18,4,4,37,45,7,38,8,37,62,37,1687,37,698,37,1156,37,693,37,1158,37,890,37,886,37,946,37,878,37,631,37,29,37,25,37,24,37,25,37,124
1105,18,4,4,34,39,7,34,9,34,67,34,451,34,384,34,458,34,384,34,381,34,689,34,630,34,860,34,643,34,631,34,633,34,804,34,779,34,619,34,638
1106,18,4,8,691,754,8,708,9,700,68,696,6056,692,6365,692,5694,692,5863,691,5750,693,1360,691,1452,692,1107,693,1459,692,1046,692,790,691,706,693,611,691,626,691,685
1107,18,4,8,551,588,8,571,9,559,68,553,6130,560,2363,552,5845,553,5171,554,7643,552,1121,553,899,553,1306,554,944,553,1612,551,545,552,627,552,716,552,644,552,680
1108,18,4,8,607,639,8,622,9,616,68,610,4313,612,3313,609,7430,612,4765,609,5375,608,1471,610,1096,608,1140,611,862,615,716,608,686,608,725,608,699,609,635,608,731
1109,18,4,8,611,679,8,632,9,620,69,614,6431,613,7780,615,4680,615,3308,613,4748,612,1128,613,1365,613,1015,614,854,614,997,612,724,611,761,612,667,611,661,612,645
1110,18,4,8,561,683,8,570,9,568,68,563,4924,563,7875,562,6351,562,7490,562,7256,564,677,563,1263,563,1312,567,916,565,868,561,256,561,571,562,709,562,740,562,762
1111,18,4,16,132710,150894,8,138460,9,136708,70,134115,6829,132919,7415,133027,7578,134071,3210,133431,12080,133546,1420,132821,1514,132981,1137,133675,1335,133237,1060,132873,734,132873,705,133194,692,132839,668,132839,683
1112,18,4,16,141669,158529,8,143105,9,142334,91,142041,7490,142053,6076,142467,4229,141853,6616,142469,6195,143105,666,142467,1252,142183,921,142467,1602,143105,648,141746,718,141723,732,141771,770,141732,698,141710,734
1113,18,4,16,134922,168397,8,137207,8,135910,69,135708,5452,135271,8264,135229,5127,135379,4750,135547,5618,135845,1226,135229,1082,135563,852,135410,904,135402,1519,135068,748,135004,743,135143,776,135547,692,135182,676
1114,18,4,16,99707,115746,8,102464,9,101030,71,100371,4257,99923,2386,100613,4329,100052,4299,99774,7648,100476,1268,100586,972,99833,996,99707,1290,100287,1032,100194,606,99707,626,100194,598,99707,621,99762,660
1115,18,4,16,106878,129903,8,108985,9,107527,70,107070,9901,107079,10189,107073,3181,106972,10307,107087,6846,107073,1513,107943,731,107431,1332,107326,1281,108098,761,106912,720,106912,703,106912,678,107011,703,106912,641
1116,18,4,32,8102247804,10266284557,7,8169119222,9,8153009184,68,8116716872,7312,8136636299,9707,8131350072,6177,8121675584,7238,8106510041,8558,8133794422,1160,8148970433,1337,8119601118,1855,8157284627,1212,8169119222,628,8119601118,608,8145690920,527,8119601118,562,8116716872,631,8145690920,517
1117,18,4,32,12231550527,13978385803,8,12277108047,9,12371974639,68,12262350445,6535,12277108047,2178,12262350445,3148,12264417388,4569,12271315670,3548,12260617055,1096,12277108047,678,12257282906,1000,12277108047,620,12277108047,637,12247050367,778,12239592263,720,12234457933,976,12231550527,718,12247745440,770
1118,18,4,32,9435317544,9992987103,8,9808705057,9,9562381971,69,9444676421,9409,9449253685,8101,9504801060,6165,9460796814,7513,9484036485,4204,9499213378,1042,9497639253,1195,9447276356,1701,9479369605,989,9526219075,781,9449253685,788,9446501629,832,9449253685,789,9445036293,748,9445036293,683
1119,18,4,32,11592647922,12082166078,8,11849650502,9,11664619849,69,11650135783,7944,11631506476,7758,11648680409,9898,11608911794,4249,11610455713,8888,11614537725,982,11671854658,1336,11618689073,1445,11691039365,830,11625768454,1664,11670439909,599,11608911794,659,11645132590,639,11612984766,767,11612255634,676
1120,18,4,32,9803909073,10210205075,7,10208099144,9,9870854751,70,9817620713,3792,9841778939,5449,9813981611,9079,9809222495,8274,9903715017,4246,9837019823,1401,9812448585,1245,9841778939,980,9857947519,631,9811709356,995,9813815846,762,9811709356,696,9811709356,624,9812448585,701,9811709356,701
1121,19,4,4,33,37,8,33,9,33,71,33,423,33,411,33,415,33,395,33,408,33,664,33,631,33,648,33,638,33,649,33,610,33,630,33,638,33,604,33,638
1122,19,4,4,32,34,10,32,9,32,71,32,428,32,401,32,605,32,495,32,444,32,1291,32,938,32,677,32,634,32,636,32,647,32,623,32,654,32,668,32,625
1123,19,4,4,35,40,8,36,9,35,70,35,766,35,401,35,1224,35,408,35,413,35,896,35,689,35,714,35,744,35,667,35,620,35,664,35,649,35,617,35,625
1124,19,4,4,34,40,8,34,9,34,71,34,416,34,413,34,397,34,396,34,439,34,632,34,660,34,629,34,851,34,785,34,662,34,634,34,625,34,682,34,645
1125,19,4,4,40,41,8,40,9,40,70,40,414,40,397,40,394,40,408,40,423,40,638,40,664,40,656,40,647,40,638,40,679,40,653,40,678,40,1176,40,872
1126,19,4,8,521,545,9,533,10,528,72,523,6535,524,7018,523,4879,522,5384,524,3227,522,1588,523,1101,523,1222,522,1449,522,1015,521,720,521,1095,522,853,522,720,521,680
1127,19,4,8,628,769,9,661,9,644,94,635,4508,630,4308,631,7874,631,4535,629,8417,632,798,628,1451,630,665,628,1761,628,1478,628,785,628,732,628,772,628,726,628,773
1128,19,4,8,683,713,9,727,9,703,73,684,7566,686,4796,687,2825,685,12151,686,5458,684,1053,684,1578,685,877,684,1442,686,668,683,769,683,655,684,666,683,717,683,765
1129,19,4,8,685,755,8,699,9,692,70,689,5199,686,7745,685,2284,686,5560,689,3365,688,1113,686,1173,688,1254,686,1659,687,981,685,755,685,810,685,690,685,622,685,708
1130,19,4,8,580,677,8,601,9,582,72,582,5621,581,9081,584,4290,584,5096,584,4418,584,1117,583,1061,582,1305,581,1302,583,1371,581,727,581,701,581,738,581,736,581,726
1131,19,4,16,151812,166767,8,152956,9,152114,73,152217,6594,152217,6757,152324,5462,152217,7644,152217,7472,152524,1249,152626,717,152257,1500,152669,661,152031,1907,151812,767,151905,780,151976,747,151905,706,152099,791
1132,19,4,16,201325,228656,8,205238,9,209087,72,201472,10506,201433,12191,201506,11895,201492,9002,201751,9027,201325,1717,201561,1315,201475,1644,201732,1615,201506,1745,201440,775,201472,799,201440,769,201440,745,201472,763
1133,19,4,16,144302,154940,10,146211,9,147880,70,144786,4969,145313,5987,145156,5974,144993,7005,144875,6792,144947,969,144666,1214,144944,1028,145559,758,144518,1046,144433,721,144639,723,144366,677,144410,732,144366,790
1134,19,4,16,184785,205392,8,194783,9,185961,71,185520,8406,185902,6249,185377,7223,185087,7259,186267,5102,185220,1410,185179,1838,185026,1411,185189,2020,185189,1530,185030,1169,184811,748,185014,771,185087,768,184903,800
1135,19,4,16,151220,188351,8,152660,9,151982,71,151774,3463,152660,2385,151486,8953,151504,5374,151912,3337,151486,1145,152660,640,151605,1292,151725,1501,151721,1217,151312,707,151461,750,151289,651,151312,671,151272,1155
1136,19,4,32,11190213801,12629180208,10,11703441762,10,11264134950,71,11247002407,5676,11195795516,11502,11222698515,8634,11206682176,9218,11238860814,12367,11212070174,1513,11199630183,1680,11264662773,956,11274771732,1728,11231892104,1679,11195795516,674,11202114548,732,11202114548,742,11202114548,704,11202114548,670
1137,19,4,32,10848656311,11323580328,8,11468119220,9,11085943658,72,10939678667,4449,10921664053,4824,10869511979,9729,10887870929,4426,10859468074,9505,10876887658,1145,10867724363,1902,10939753335,852,10932633967,1306,10901605183,849,10870146864,743,10852910830,721,10895396208,699,10862223396,742,10872136527,722
1138,19,4,32,11497432719,12816972440,8,11696692769,9,11553764338,81,11519513752,7495,11522794884,4437,11511976754,10135,11504328109,7534,11503709041,8995,11534071664,668,11528927178,1010,11518885641,1560,11561117330,714,11529772668,1142,11511622424,711,11504141041,877,11497432719,927,11511485609,740,11513331380,693
1139,19,4,32,11752907193,12576374391,9,11987412774,9,11841136962,71,11783090298,8336,11773414564,5435,11794368164,6925,11773414564,6954,11774355757,6305,11797630858,1671,11843531426,1149,11810672505,1359,11816920668,1429,11767342984,1087,11764715955,708,11761642500,779,11758302424,705,11764715955,736,11764715955,701
1140,19,4,32,9621935921,11175936591,8,9957268311,9,9691606778,72,9642722779,11221,9638612304,6016,9636651627,5297,9637700840,5885,9645241327,12033,9633815065,1730,9632962626,1380,9702463630,959,9658812711,1023,9637465093,1331,9632826335,739,9621975191,759,9635920189,725,9628437130,812,9634084392,783
1141,20,4,4,43,52,9,43,9,43,95,43,559,43,473,43,422,43,459,43,523,43,678,43,673,43,638,43,665,43,646,43,785,43,698,43,725,43,690,43,676
1142,20,4,4,35,41,8,35,9,35,81,35,436,35,438,35,447,35,415,35,450,35,653,35,882,35,1002,35,652,35,834,35,668,35,625,35,646,35,705,35,718
1143,20,4,4,53,54,9,53,10,53,73,53,426,53,422,53,405,53,408,53,428,53,652,53,671,53,711,53,664,53,674,53,725,53,700,53,668,53,722,53,697
1144,20,4,4,40,46,9,40,19,40,73,40,451,40,437,40,430,40,436,40,444,40,648,40,1072,40,688,40,678,40,904,40,604,40,615,40,608,40,885,40,653
1145,20,4,4,42,45,9,42,10,43,71,42,424,42,432,42,440,42,428,42,420,42,668,42,736,42,658,42,643,42,651,42,672,42,650,42,691,42,634,42,671
1146,20,4,8,715,805,8,723,10,718,71,720,4533,720,4497,718,4446,719,7083,723,2306,718,1431,717,1342,717,1410,719,1551,719,802,716,760,716,660,716,815,716,631,716,689
1147,20,4,8,571,630,8,580,10,574,81,571,6240,573,7282,572,2811,573,6157,571,3484,571,1480,576,749,572,1272,574,1059,571,1151,571,698,571,720,571,734,572,712,571,697
1148,20,4,8,735,806,9,767,10,744,73,736,7237,737,4125,737,6079,736,7360,737,5030,737,762,737,1409,738,1316,739,1712,738,1044,736,777,735,754,735,764,736,750,735,740
1149,20,4,8,647,682,8,670,10,659,82,648,10534,648,4600,647,6116,652,3368,648,6665,647,1236,648,1071,647,1692,649,1067,651,1181,647,716,647,804,647,779,647,745,647,767
1150,20,4,8,583,658,8,591,10,594,74,584,5590,584,4453,585,4686,587,3413,585,3933,584,1136,584,1491,585,1056,587,922,591,626,583,655,583,783,583,770,583,857,583,879
1151,20,4,16,141219,151728,12,141931,13,142109,94,141931,2445,141491,3406,141415,7616,141415,7062,141931,2370,141755,1252,141643,1076,141522,1681,141391,1477,141931,645,141382,695,141249,815,141423,707,141394,767,141436,875
1152,20,4,16,166220,190613,12,170131,14,168087,93,166590,7557,167252,4664,166404,7602,166490,4465,166433,8732,167507,1513,166615,1178,166589,1243,166457,1263,166412,1825,166373,737,166433,647,166334,806,166457,697,166457,693
1153,20,4,16,171975,195314,9,182297,11,178417,83,172449,6783,173429,4564,172281,6193,175376,2842,172524,4456,172466,1186,172404,1600,172710,1407,173007,1047,172404,970,171999,770,172070,815,172019,756,171999,831,172046,799
1154,20,4,16,166205,183542,8,168775,10,168733,73,166278,6707,166449,4942,167054,10432,166717,9335,166735,6046,166709,1930,166792,1606,167053,1113,167022,1526,166867,674,166735,656,166439,775,166253,792,166320,747,166365,711
1155,20,4,16,157502,183648,9,159784,10,158583,73,157576,8023,157751,10328,157940,7186,157824,8493,157971,6065,157716,1045,157975,942,157578,1795,157677,1069,158132,835,157600,1204,157596,1196,157643,972,157566,828,157527,911
1156,20,4,32,9362076356,10478333769,9,9561601627,10,9431557232,73,9390449517,3465,9413871198,5315,9381159394,3371,9371940443,5989,9384228022,9919,9382356205,1496,9401477227,1210,9423613622,968,9380742946,1190,9422076675,1319,9366620788,806,9366775777,724,9370005511,689,9364519269,743,9365205570,802
1157,20,4,32,10950586179,11241519725,9,11148479761,11,11163565635,73,10961158787,7885,10964909923,9943,10965466053,8664,10974541415,7236,10986161942,3914,10993846020,901,10965803117,1255,10963518092,1191,11002121746,656,10988845683,1338,10960737403,713,10964969675,640,10954157075,696,10953452356,810,10964623164,691
1158,20,4,32,7419054314,8258041291,10,7558831846,12,7469110338,86,7491722667,3571,7426311447,8296,7425213804,8540,7435733226,4671,7423906034,10013,7444708546,1306,7477309233,1401,7456106919,1524,7448153952,985,7432475100,1669,7434189124,738,7439104345,667,7419196187,755,7440223090,722,7433249642,723
1159,20,4,32,14356839890,15075565711,8,14697663958,10,14460259796,82,14421637595,8474,14398898885,8320,14527708874,6133,14374308704,13450,14524950586,2720,14409177110,1672,14382696973,1954,14390623537,1024,14372041396,1747,14393996643,1713,14362493039,797,14361205198,790,14358329490,988,14358017946,787,14358017946,767
1160,20,4,32,11589968659,13025392451,8,11655218608,10,11753965716,74,11595106234,8645,11655218608,2317,11655218608,2850,11619069355,5489,11614292111,4907,11603327572,1262,11655218608,639,11655218608,638,11647294460,1396,11655218608,659,11650323307,642,11598934246,749,11655218608,594,11624343630,606,11593598651,660
1161,5,5,4,15,15,5,15,4,15,14,15,1344,15,1217,15,1202,15,1215,15,1356,15,746,15,727,15,725,15,723,15,733,15,503,15,498,15,494,15,508,15,509
1162,5,5,4,14,14,4,14,3,14,10,14,1310,14,1345,14,1223,14,1261,14,1220,14,740,14,735,14,730,14,731,14,751,14,494,14,490,14,509,14,499,14,499
1163,5,5,4,14,14,4,14,3,14,14,14,1222,14,1196,14,1239,14,1293,14,1303,14,726,14,727,14,744,14,725,14,743,14,494,14,522,14,512,14,583,14,492
1164,5,5,4,15,15,4,15,3,15,18,15,1216,15,1249,15,1279,15,1246,15,1236,15,742,15,729,15,725,15,752,15,749,15,498,15,516,15,502,15,491,15,491
1165,5,5,4,12,12,4,12,3,12,13,12,1353,12,1614,12,1207,12,1222,12,1208,12,756,12,730,12,837,12,768,12,1139,12,504,12,500,12,504,12,490,12,499
1166,5,5,8,253,253,4,253,3,253,25,253,1259,253,1351,253,1228,253,1334,253,1248,253,763,253,734,253,747,253,743,253,724,253,495,253,560,253,506,253,494,253,511
1167,5,5,8,205,205,4,205,3,205,32,205,1292,205,1217,205,1225,205,1234,205,1301,205,746,205,732,205,728,205,748,205,730,205,501,205,512,205,500,205,508,205,491
1168,5,5,8,217,217,3,217,3,217,15,217,1347,217,1261,217,1264,217,1252,217,1195,217,734,217,814,217,804,217,795,217,772,217,502,217,510,217,497,217,489,217,502
1169,5,5,8,228,228,4,228,3,228,32,228,1311,228,1211,228,1401,228,1255,228,1333,228,729,228,781,228,742,228,743,228,741,228,537,228,490,228,490,228,493,228,490
1170,5,5,8,251,251,3,251,4,251,6,251,1237,251,1288,251,1309,251,1232,251,1262,251,738,251,725,251,756,251,732,251,749,251,502,251,503,251,498,251,493,251,554
1171,5,5,16,58111,58111,5,58111,5,58111,7,58111,1268,58111,1227,58111,1234,58111,1231,58111,1241,58111,785,58111,753,58111,769,58111,808,58111,732,58111,511,58111,489,58111,549,58111,493,58111,494
1172,5,5,16,61485,61485,7,61485,4,61485,29,61485,1277,61485,1640,61485,1502,61485,1225,61485,1227,61485,747,61485,734,61485,734,61485,737,61485,732,61485,497,61485,542,61485,502,61485,501,61485,493
1173,5,5,16,55668,55668,4,55668,3,55668,29,55668,1240,55668,1253,55668,1264,55668,1199,55668,1659,55668,930,55668,830,55668,750,55668,761,55668,758,55668,522,55668,500,55668,500,55668,496,55668,710
1174,5,5,16,64279,64279,4,64279,4,64279,29,64279,1294,64279,1522,64279,1254,64279,1247,64279,1230,64279,758,64279,736,64279,768,64279,777,64279,728,64279,504,64279,490,64279,508,64279,492,64279,494
1175,5,5,16,61097,61097,3,61097,3,61097,31,61097,1528,61097,1303,61097,1335,61097,1328,61097,1252,61097,762,61097,735,61097,1145,61097,776,61097,792,61097,643,61097,597,61097,511,61097,498,61097,509
1176,5,5,32,4213136443,4213136443,4,4213136443,3,4213136443,27,4213136443,1221,4213136443,1212,4213136443,1722,4213136443,1383,4213136443,1432,4213136443,731,4213136443,752,4213136443,744,4213136443,770,4213136443,735,4213136443,517,4213136443,498,4213136443,495,4213136443,544,4213136443,493
1177,5,5,32,1803167485,1803167485,4,1803167485,3,1803167485,28,1803167485,1243,1803167485,1290,1803167485,1220,1803167485,1210,1803167485,1222,1803167485,740,1803167485,749,1803167485,737,1803167485,772,1803167485,745,1803167485,491,1803167485,501,1803167485,491,1803167485,1096,1803167485,735
1178,5,5,32,4037887615,4037887615,7,4037887615,4,4037887615,32,4037887615,1263,4037887615,1255,4037887615,1288,4037887615,1224,4037887615,1256,4037887615,741,4037887615,960,4037887615,753,4037887615,756,4037887615,844,4037887615,497,4037887615,504,4037887615,509,4037887615,502,4037887615,518
1179,5,5,32,3697589983,3697589983,4,3697589983,4,3697589983,7,3697589983,1245,3697589983,1500,3697589983,1352,3697589983,1267,3697589983,1454,3697589983,735,3697589983,760,3697589983,744,3697589983,743,3697589983,1186,3697589983,497,3697589983,499,3697589983,494,3697589983,507,3697589983,495
1180,5,5,32,3935791125,3935791125,4,3935791125,3,3935791125,29,3935791125,1265,3935791125,1233,3935791125,1211,3935791125,1701,3935791125,1261,3935791125,742,3935791125,754,3935791125,726,3935791125,745,3935791125,739,3935791125,719,3935791125,495,3935791125,638,3935791125,616,3935791125,633
1181,6,5,4,15,20,5,15,4,15,26,15,1329,15,1347,15,1363,15,1324,15,1316,15,860,15,711,15,693,15,723,15,970,15,519,15,502,15,548,15,502,15,921
1182,6,5,4,13,13,5,13,4,13,12,13,1343,13,1334,13,1328,13,1315,13,1317,13,706,13,744,13,1017,13,729,13,692,13,545,13,502,13,508,13,495,13,493
1183,6,5,4,14,14,4,14,4,14,19,14,1730,14,1372,14,1565,14,1409,14,1318,14,707,14,718,14,696,14,710,14,698,14,523,14,512,14,508,14,514,14,537
1184,6,5,4,14,17,4,14,4,14,19,14,1354,14,1296,14,1328,14,1350,14,1831,14,700,14,700,14,695,14,685,14,702,14,532,14,520,14,719,14,528,14,523
1185,6,5,4,12,12,4,12,4,12,19,12,1358,12,1349,12,1305,12,1305,12,1308,12,693,12,706,12,715,12,705,12,709,12,513,12,508,12,519,12,500,12,551
1186,6,5,8,237,237,4,237,4,237,32,237,1376,237,1361,237,1290,237,1316,237,1307,237,700,237,1146,237,702,237,831,237,927,237,505,237,510,237,498,237,515,237,508
1187,6,5,8,196,237,4,196,4,196,34,196,1299,196,1917,196,1455,196,1621,196,1366,196,707,196,707,196,710,196,707,196,760,196,511,196,508,196,516,196,501,196,512
1188,6,5,8,246,279,4,246,4,246,29,246,1317,246,1403,246,1301,246,1278,246,1381,246,773,246,768,246,708,246,727,246,717,246,602,246,513,246,497,246,535,246,514
1189,6,5,8,232,232,6,232,6,232,44,232,1349,232,1332,232,1361,232,1339,232,1387,232,755,232,698,232,695,232,710,232,696,232,649,232,566,232,502,232,526,232,511
1190,6,5,8,232,232,5,232,4,232,29,232,1339,232,1395,232,1329,232,1293,232,1316,232,698,232,694,232,707,232,731,232,719,232,524,232,514,232,506,232,502,232,505
1191,6,5,16,60489,60489,4,60489,4,60489,33,60489,1325,60489,1357,60489,1401,60489,1366,60489,1470,60489,701,60489,698,60489,682,60489,711,60489,708,60489,529,60489,504,60489,504,60489,502,60489,508
1192,6,5,16,56119,56119,4,56119,4,56119,33,56119,1302,56119,1333,56119,1305,56119,1320,56119,1339,56119,698,56119,701,56119,704,56119,689,56119,685,56119,517,56119,512,56119,519,56119,497,56119,511
1193,6,5,16,60513,60513,4,60513,4,60513,31,60513,1381,60513,1302,60513,1282,60513,1292,60513,1509,60513,709,60513,717,60513,788,60513,731,60513,689,60513,555,60513,520,60513,505,60513,530,60513,501
1194,6,5,16,61295,80114,4,61295,4,61295,33,61295,1305,61295,1747,61295,1494,61295,1546,61295,1285,61295,730,61295,699,61295,709,61295,694,61295,711,61295,535,61295,509,61295,513,61295,502,61295,659
1195,6,5,16,64049,64049,7,64049,5,64049,42,64049,1309,64049,1340,64049,1305,64049,1280,64049,1754,64049,884,64049,731,64049,720,64049,705,64049,708,64049,535,64049,518,64049,511,64049,730,64049,551
1196,6,5,32,3899196080,4374075070,4,3899196080,4,3899196080,33,3899196080,1329,3899196080,1408,3899196080,1309,3899196080,1346,3899196080,1290,3899196080,705,3899196080,708,3899196080,705,3899196080,722,3899196080,799,3899196080,517,3899196080,519,3899196080,542,3899196080,517,3899196080,512
1197,6,5,32,3575821698,3575821698,4,3575821698,4,3575821698,31,3575821698,1558,3575821698,1386,3575821698,1520,3575821698,1427,3575821698,1791,3575821698,703,3575821698,690,3575821698,1141,3575821698,743,3575821698,717,3575821698,515,3575821698,511,3575821698,512,3575821698,520,3575821698,523
1198,6,5,32,3605251473,3605251473,4,3605251473,4,3605251473,33,3605251473,1328,3605251473,1782,3605251473,1443,3605251473,1718,3605251473,1763,3605251473,730,3605251473,695,3605251473,711,3605251473,694,3605251473,708,3605251473,648,3605251473,656,3605251473,511,3605251473,509,3605251473,513
1199,6,5,32,3160304141,3300833394,4,3160304141,4,3160304141,35,3160304141,1339,3160304141,1300,3160304141,1322,3160304141,1280,3160304141,1313,3160304141,722,3160304141,711,3160304141,699,3160304141,702,3160304141,688,3160304141,512,3160304141,516,3160304141,601,3160304141,510,3160304141,511
1200,6,5,32,4110582518,4110582518,4,4110582518,4,4110582518,33,4110582518,1396,4110582518,1334,4110582518,1304,4110582518,1276,4110582518,1355,4110582518,741,4110582518,712,4110582518,695,4110582518,702,4110582518,693,4110582518,514,4110582518,519,4110582518,513,4110582518,506,4110582518,509
1201,7,5,4,15,15,4,15,4,15,26,15,1624,15,1375,15,1389,15,1382,15,1374,15,667,15,677,15,658,15,674,15,666,15,529,15,515,15,515,15,520,15,509
1202,7,5,4,11,11,5,11,4,11,29,11,1386,11,1354,11,1455,11,1463,11,1396,11,668,11,645,11,661,11,648,11,670,11,531,11,530,11,522,11,513,11,523
1203,7,5,4,11,14,4,11,4,11,26,11,235,11,242,11,230,11,225,11,226,11,665,11,659,11,662,11,651,11,649,11,532,11,527,11,551,11,532,11,518
1204,7,5,4,10,10,4,10,4,10,25,10,1449,10,1581,10,1587,10,1652,10,1419,10,611,10,607,10,609,10,621,10,629,10,553,10,519,10,530,10,524,10,523
1205,7,5,4,14,14,4,14,4,14,39,14,1429,14,1438,14,1415,14,1364,14,1483,14,601,14,623,14,623,14,599,14,612,14,722,14,591,14,692,14,599,14,624
1206,7,5,8,219,219,5,219,5,219,37,219,1434,219,1382,219,1422,219,1405,219,1383,219,664,219,666,219,656,219,660,219,651,219,521,219,528,219,538,219,525,219,703
1207,7,5,8,232,260,7,232,6,232,49,232,1668,232,1426,232,1464,232,1383,232,1490,232,713,232,666,232,1086,232,659,232,710,232,529,232,538,232,519,232,548,232,520
1208,7,5,8,242,242,4,242,4,242,26,242,1439,242,1790,242,1596,242,1741,242,1437,242,690,242,664,242,673,242,807,242,690,242,509,242,525,242,502,242,510,242,506
1209,7,5,8,199,199,4,199,4,199,37,199,1491,199,1450,199,1406,199,1468,199,1851,199,671,199,687,199,668,199,681,199,666,199,525,199,520,199,523,199,798,199,527
1210,7,5,8,285,290,4,285,4,285,40,285,1480,285,1402,285,1408,285,1483,285,1437,285,633,285,604,285,604,285,612,285,602,285,595,285,600,285,578,285,604,285,582
1211,7,5,16,48412,48412,4,48412,4,48412,32,48412,1436,48412,1537,48412,1392,48412,1467,48412,1454,48412,726,48412,1134,48412,737,48412,804,48412,934,48412,669,48412,648,48412,534,48412,512,48412,517
1212,7,5,16,58933,58933,4,58933,4,58933,36,58933,1429,58933,1427,58933,1494,58933,1432,58933,1444,58933,690,58933,665,58933,671,58933,667,58933,663,58933,517,58933,513,58933,519,58933,538,58933,511
1213,7,5,16,39846,39846,5,39846,4,39846,40,39846,1462,39846,1384,39846,1406,39846,1363,39846,1392,39846,687,39846,677,39846,648,39846,659,39846,676,39846,515,39846,549,39846,620,39846,526,39846,507
1214,7,5,16,64878,82939,7,64878,5,64878,42,64878,1564,64878,1493,64878,1391,64878,1370,64878,1406,64878,658,64878,706,64878,660,64878,659,64878,672,64878,517,64878,509,64878,516,64878,502,64878,499
1215,7,5,16,64526,70576,4,64526,4,64526,33,64526,1539,64526,1436,64526,1414,64526,1426,64526,1456,64526,674,64526,708,64526,797,64526,660,64526,769,64526,514,64526,510,64526,529,64526,503,64526,504
1216,7,5,32,3503256904,4549920625,4,3503256904,4,3503256904,37,3503256904,1447,3503256904,1393,3503256904,1494,3503256904,1549,3503256904,1391,3503256904,667,3503256904,661,3503256904,663,3503256904,655,3503256904,674,3503256904,555,3503256904,538,3503256904,514,3503256904,518,3503256904,509
1217,7,5,32,3590679449,3590679449,5,3590679449,4,3590679449,7,3590679449,1402,3590679449,1395,3590679449,1383,3590679449,1458,3590679449,1382,3590679449,669,3590679449,651,3590679449,678,3590679449,665,3590679449,657,3590679449,504,3590679449,513,3590679449,602,3590679449,519,3590679449,508
1218,7,5,32,2971079085,2971079085,5,2971079085,5,2974048064,51,2971079085,1429,2971079085,1401,2971079085,1416,2971079085,1461,2971079085,1378,2971079085,714,2971079085,810,2971079085,733,2971079085,725,2971079085,717,2971079085,557,2971079085,525,2971079085,554,2971079085,519,2971079085,525
1219,7,5,32,4126620766,4126620766,4,4126620766,4,4126620766,36,4126620766,1472,4126620766,1505,4126620766,1397,4126620766,1372,4126620766,1404,4126620766,707,4126620766,708,4126620766,707,4126620766,741,4126620766,842,4126620766,546,4126620766,515,4126620766,524,4126620766,514,4126620766,521
1220,7,5,32,4226812025,5741264591,4,4226812025,4,4226812025,39,4226812025,1374,4226812025,1492,4226812025,1402,4226812025,1503,4226812025,1782,4226812025,590,4226812025,624,4226812025,596,4226812025,602,4226812025,598,4226812025,637,4226812025,613,4226812025,626,4226812025,613,4226812025,619
1221,8,5,4,15,15,5,15,5,15,41,15,1581,15,1484,15,1506,15,1472,15,1536,15,646,15,648,15,633,15,654,15,634,15,586,15,568,15,1082,15,597,15,593
1222,8,5,4,14,14,5,14,5,14,24,14,1612,14,1498,14,1691,14,1475,14,1530,14,639,14,889,14,637,14,630,14,622,14,524,14,511,14,514,14,521,14,512
1223,8,5,4,13,13,5,13,5,13,22,13,1684,13,1452,13,1533,13,1456,13,1519,13,690,13,742,13,677,13,1133,13,664,13,534,13,521,13,532,13,518,13,526
1224,8,5,4,15,18,5,15,4,15,29,15,268,15,308,15,243,15,243,15,258,15,668,15,654,15,638,15,662,15,647,15,562,15,547,15,540,15,947,15,535
1225,8,5,4,21,23,5,21,5,21,44,21,1501,21,1452,21,1491,21,1461,21,1451,21,641,21,850,21,624,21,663,21,610,21,589,21,566,21,575,21,569,21,673
1226,8,5,8,258,350,8,258,7,258,55,258,2008,258,1743,258,1507,258,1476,258,1479,258,664,258,626,258,592,258,609,258,642,258,615,258,631,258,594,258,600,258,602
1227,8,5,8,257,337,5,257,5,257,54,257,1583,257,1472,257,1926,257,1783,257,1522,257,637,257,608,257,611,257,733,257,616,257,608,257,631,257,579,257,587,257,580
1228,8,5,8,361,401,5,361,5,361,41,361,1582,361,1632,361,1519,361,1499,361,1907,361,654,361,638,361,652,361,670,361,663,361,585,361,566,361,561,361,779,361,593
1229,8,5,8,197,250,5,197,5,197,40,197,1543,197,1450,197,1563,197,1499,197,1476,197,674,197,675,197,675,197,670,197,684,197,533,197,524,197,528,197,529,197,527
1230,8,5,8,256,256,5,256,5,256,42,256,1496,256,1483,256,1490,256,1495,256,1771,256,624,256,1044,256,676,256,702,256,847,256,621,256,657,256,592,256,622,256,617
1231,8,5,16,77813,77813,5,77813,5,77813,43,77813,1938,77813,1525,77813,1760,77813,1478,77813,1520,77813,609,77813,626,77813,602,77813,611,77813,611,77813,601,77813,595,77813,658,77813,591,77813,595
1232,8,5,16,52056,52056,5,52056,5,52113,43,52056,1502,52056,1506,52056,1492,52056,1638,52056,1595,52056,762,52056,702,52056,720,52056,715,52056,706,52056,534,52056,536,52056,565,52056,539,52056,554
1233,8,5,16,58602,67390,6,58602,5,58942,45,58602,1517,58602,1501,58602,1481,58602,1452,58602,1503,58602,640,58602,630,58602,736,58602,730,58602,633,58602,545,58602,542,58602,993,58602,551,58602,549
1234,8,5,16,67431,82503,5,67431,7,67431,56,67431,1772,67431,1595,67431,1503,67431,1517,67431,1472,67431,746,67431,861,67431,645,67431,609,67431,612,67431,594,67431,594,67431,580,67431,573,67431,586
1235,8,5,16,59371,78128,5,59371,5,59371,43,59371,1725,59371,1565,59371,1808,59371,1513,59371,1470,59371,638,59371,627,59371,647,59371,1080,59371,626,59371,530,59371,526,59371,513,59371,546,59371,524
1236,8,5,32,4402142686,6332683326,5,4402142686,5,4402142686,44,4402142686,1549,4402142686,1899,4402142686,1538,4402142686,1782,4402142686,1534,4402142686,626,4402142686,607,4402142686,622,4402142686,634,4402142686,615,4402142686,616,4402142686,579,4402142686,585,4402142686,578,4402142686,588
1237,8,5,32,5101810780,5450418441,5,5101810780,5,5101810780,43,5101810780,1498,5101810780,1536,5101810780,1581,5101810780,1500,5101810780,1974,5101810780,607,5101810780,610,5101810780,617,5101810780,611,5101810780,626,5101810780,644,5101810780,657,5101810780,860,5101810780,627,5101810780,623
1238,8,5,32,3584154767,4032949609,5,3584154767,5,3584154767,40,3584154767,1733,3584154767,1465,3584154767,1496,3584154767,1474,3584154767,1524,3584154767,712,3584154767,700,3584154767,733,3584154767,711,3584154767,729,3584154767,539,3584154767,534,3584154767,551,3584154767,527,3584154767,964
1239,8,5,32,3976382650,5353757617,6,3976382650,68,3976382650,46,3976382650,1579,3976382650,1454,3976382650,1506,3976382650,1480,3976382650,1472,3976382650,669,3976382650,631,3976382650,726,3976382650,627,3976382650,636,3976382650,566,3976382650,571,3976382650,588,3976382650,536,3976382650,539
1240,8,5,32,4140905976,4848659749,5,4140905976,5,4140905976,44,4140905976,1600,4140905976,1864,4140905976,1475,4140905976,1460,4140905976,1501,4140905976,624,4140905976,641,4140905976,656,4140905976,625,4140905976,722,4140905976,564,4140905976,576,4140905976,537,4140905976,540,4140905976,575
1241,9,5,4,16,19,6,16,5,16,45,16,1639,16,1612,16,1584,16,1640,16,1633,16,626,16,613,16,611,16,634,16,605,16,615,16,598,16,588,16,600,16,591
1242,9,5,4,11,12,5,11,5,11,33,11,274,11,273,11,266,11,264,11,260,11,636,11,627,11,641,11,627,11,635,11,557,11,561,11,547,11,594,11,569
1243,9,5,4,15,16,5,15,5,15,29,15,2093,15,1584,15,1824,15,1612,15,1569,15,620,15,680,15,628,15,639,15,725,15,548,15,539,15,539,15,551,15,540
1244,9,5,4,15,16,5,15,5,15,31,15,284,15,277,15,260,15,260,15,259,15,599,15,618,15,592,15,599,15,599,15,559,15,562,15,541,15,543,15,537
1245,9,5,4,24,26,5,24,5,24,43,24,1626,24,1524,24,1535,24,1537,24,1576,24,671,24,719,24,669,24,767,24,650,24,548,24,550,24,567,24,532,24,542
1246,9,5,8,238,238,5,238,5,238,47,238,1576,238,1561,238,1677,238,1566,238,1598,238,673,238,672,238,685,238,664,238,673,238,583,238,539,238,534,238,540,238,555
1247,9,5,8,367,378,5,367,5,367,46,367,1594,367,1580,367,1577,367,1984,367,1547,367,646,367,639,367,792,367,671,367,658,367,790,367,565,367,554,367,535,367,582
1248,9,5,8,268,291,6,268,5,268,47,268,1764,268,1623,268,1571,268,1542,268,1581,268,631,268,637,268,619,268,626,268,623,268,584,268,576,268,1014,268,573,268,592
1249,9,5,8,290,340,5,290,5,290,57,290,1620,290,1779,290,1685,290,1614,290,1763,290,945,290,643,290,649,290,634,290,658,290,546,290,542,290,556,290,544,290,536
1250,9,5,8,251,321,5,251,5,251,47,251,1610,251,1615,251,1586,251,1540,251,1542,251,608,251,628,251,614,251,611,251,677,251,590,251,555,251,544,251,547,251,557
1251,9,5,16,72135,89921,5,72135,7,72135,47,72135,1570,72135,1577,72135,1649,72135,1552,72135,1536,72135,613,72135,610,72135,629,72135,607,72135,605,72135,594,72135,598,72135,594,72135,606,72135,595
1252,9,5,16,78760,97102,6,79477,5,79100,45,78760,1954,78760,2265,78760,4957,78760,1555,78760,3180,78760,649,78760,854,78760,615,78760,948,78760,705,78760,602,78760,578,78760,581,78760,574,78760,578
1253,9,5,16,65214,67706,5,65214,5,65214,48,65214,1577,65214,1577,65214,1532,65214,1677,65214,1649,65214,623,65214,608,65214,637,65214,608,65214,632,65214,868,65214,677,65214,663,65214,658,65214,658
1254,9,5,16,87156,87758,5,87156,5,87156,47,87156,1631,87156,1578,87156,1602,87156,1590,87156,2114,87156,630,87156,616,87156,649,87156,624,87156,836,87156,598,87156,599,87156,666,87156,598,87156,609
1255,9,5,16,76437,78916,8,76437,6,76437,51,76437,1651,76437,1586,76437,1588,76437,1559,76437,1541,76437,692,76437,645,76437,648,76437,644,76437,632,76437,583,76437,590,76437,597,76437,590,76437,580
1256,9,5,32,3924131306,4484858248,6,3924131306,5,3924131306,43,3924131306,1598,3924131306,1613,3924131306,1761,3924131306,1591,3924131306,1550,3924131306,1209,3924131306,784,3924131306,716,3924131306,901,3924131306,679,3924131306,561,3924131306,546,3924131306,550,3924131306,540,3924131306,546
1257,9,5,32,4115130711,5553980883,5,4115130711,5,4115130711,47,4115130711,1615,4115130711,1819,4115130711,1602,4115130711,1585,4115130711,1610,4115130711,642,4115130711,638,4115130711,628,4115130711,633,4115130711,1144,4115130711,571,4115130711,548,4115130711,555,4115130711,539,4115130711,526
1258,9,5,32,4305049622,4832835348,5,4305049622,5,4321973202,45,4305049622,1552,4305049622,1587,4305049622,2051,4305049622,1826,4305049622,1540,4305049622,646,4305049622,644,4305049622,626,4305049622,652,4305049622,626,4305049622,634,4305049622,580,4305049622,591,4305049622,610,4305049622,577
1259,9,5,32,4595936218,5494453908,5,4595936218,6,4595936218,47,4595936218,1607,4595936218,1605,4595936218,1577,4595936218,1675,4595936218,2029,4595936218,630,4595936218,626,4595936218,648,4595936218,621,4595936218,642,4595936218,605,4595936218,800,4595936218,636,4595936218,595,4595936218,600
1260,9,5,32,4130525731,4130525731,5,4130525731,5,4130525731,43,4130525731,1578,4130525731,1602,4130525731,1628,4130525731,1596,4130525731,1630,4130525731,665,4130525731,687,4130525731,676,4130525731,687,4130525731,669,4130525731,545,4130525731,535,4130525731,520,4130525731,541,4130525731,603
1261,10,5,4,17,20,7,17,6,17,50,17,1792,17,1731,17,1663,17,1733,17,1626,17,691,17,723,17,752,17,651,17,622,17,606,17,581,17,579,17,585,17,622
1262,10,5,4,23,27,6,23,6,23,49,23,1757,23,1670,23,1603,23,1667,23,1669,23,650,23,665,23,651,23,709,23,724,23,561,23,554,23,569,23,547,23,557
1263,10,5,4,15,17,6,15,6,15,25,15,1786,15,2138,15,1906,15,1782,15,1661,15,637,15,664,15,700,15,819,15,638,15,551,15,544,15,531,15,532,15,530
1264,10,5,4,13,20,5,13,5,13,48,13,368,13,279,13,275,13,283,13,322,13,641,13,614,13,620,13,644,13,626,13,612,13,592,13,590,13,596,13,610
1265,10,5,4,16,18,5,16,5,16,48,16,518,16,282,16,276,16,283,16,297,16,623,16,1072,16,635,16,630,16,646,16,574,16,592,16,601,16,593,16,599
1266,10,5,8,269,362,6,276,6,269,51,269,3395,269,3634,269,2823,269,1921,269,2073,270,741,276,617,269,685,269,800,269,673,269,590,270,580,269,606,269,603,269,584
1267,10,5,8,238,309,6,238,6,238,50,238,1643,238,1699,238,1716,238,2185,238,1876,238,678,238,631,238,657,238,647,238,638,238,614,238,592,238,601,238,605,238,582
1268,10,5,8,293,387,5,293,6,293,49,293,1686,293,1619,293,1635,293,1720,293,1691,293,627,293,616,293,622,293,704,293,635,293,1049,293,604,293,577,293,592,293,838
1269,10,5,8,297,357,7,297,6,297,51,297,1820,297,1676,297,1813,297,1670,297,1630,297,620,297,694,297,633,297,631,297,657,297,603,297,590,297,596,297,589,297,577
1270,10,5,8,211,215,6,211,6,211,62,211,1865,211,1766,211,1644,211,1892,211,1695,211,869,211,702,211,758,211,766,211,684,211,552,211,538,211,536,211,536,211,528
1271,10,5,16,74509,96662,6,74509,5,74509,50,74509,1695,74509,1894,74509,1872,74509,1621,74509,1595,74509,657,74509,655,74509,645,74509,642,74509,1042,74509,617,74509,609,74509,591,74509,595,74509,585
1272,10,5,16,60770,60775,5,60770,6,60775,51,60770,1629,60770,2094,60770,2137,60770,1835,60770,1640,60770,649,60770,648,60770,646,60770,629,60770,641,60770,565,60770,579,60770,569,60770,551,60770,544
1273,10,5,16,87096,107440,5,87096,6,87096,51,87096,1657,87096,1677,87096,1626,87096,1661,87096,1809,87096,650,87096,646,87096,652,87096,651,87096,661,87096,580,87096,570,87096,565,87096,578,87096,587
1274,10,5,16,94379,117819,6,94379,6,94379,50,94379,1789,94379,1684,94379,1620,94379,1694,94379,1665,94379,627,94379,642,94379,616,94379,623,94379,631,94379,576,94379,562,94379,562,94379,562,94379,718
1275,10,5,16,104657,109192,9,104657,8,104657,65,104657,1746,104657,1672,104657,1663,104657,1669,104657,1676,104657,710,104657,698,104657,659,104657,678,104657,650,104657,600,104657,573,104657,567,104657,560,104657,567
1276,10,5,32,5618750168,6593476977,5,5618750168,6,5618750168,51,5618750168,1678,5618750168,1700,5618750168,1658,5618750168,1636,5618750168,1894,5618750168,674,5618750168,1225,5618750168,676,5618750168,657,5618750168,648,5618750168,588,5618750168,605,5618750168,590,5618750168,590,5618750168,571
1277,10,5,32,3960794988,5157628767,14,3960794988,6,3960794988,47,3960794988,1980,3960794988,1941,3960794988,1671,3960794988,1700,3960794988,1697,3960794988,607,3960794988,610,3960794988,636,3960794988,783,3960794988,672,3960794988,532,3960794988,537,3960794988,540,3960794988,559,3960794988,522
1278,10,5,32,4209936182,4720335378,5,4209936182,6,4209936182,50,4209936182,1644,4209936182,1879,4209936182,1690,4209936182,1744,4209936182,1677,4209936182,638,4209936182,605,4209936182,623,4209936182,600,4209936182,617,4209936182,641,4209936182,642,4209936182,632,4209936182,636,4209936182,626
1279,10,5,32,4544062268,6436492026,6,4544062268,13,4544062268,52,4544062268,1694,4544062268,1604,4544062268,1649,4544062268,1638,4544062268,1684,4544062268,645,4544062268,659,4544062268,608,4544062268,631,4544062268,612,4544062268,682,4544062268,636,4544062268,626,4544062268,597,4544062268,599
1280,10,5,32,4697622398,5024291160,5,4697622398,5,4697622398,51,4697622398,1664,4697622398,1754,4697622398,1609,4697622398,1657,4697622398,1763,4697622398,639,4697622398,631,4697622398,624,4697622398,611,4697622398,663,4697622398,691,4697622398,572,4697622398,793,4697622398,1085,4697622398,608
1281,11,5,4,23,25,7,23,6,23,54,23,1750,23,1821,23,1728,23,1718,23,1784,23,730,23,889,23,709,23,643,23,684,23,604,23,745,23,699,23,611,23,586
1282,11,5,4,21,26,6,21,6,21,68,21,1775,21,1730,21,1772,21,1740,21,1726,21,704,21,1087,21,649,21,647,21,917,21,599,21,581,21,637,21,644,21,589
1283,11,5,4,23,28,6,23,6,23,52,23,1876,23,1861,23,1731,23,1695,23,1720,23,650,23,665,23,655,23,672,23,643,23,570,23,577,23,574,23,631,23,564
1284,11,5,4,24,25,6,24,6,24,52,24,1720,24,1849,24,1831,24,1776,24,1711,24,688,24,691,24,660,24,685,24,695,24,598,24,576,24,588,24,576,24,580
1285,11,5,4,14,17,6,14,6,14,52,14,300,14,315,14,290,14,289,14,288,14,637,14,653,14,645,14,630,14,649,14,600,14,574,14,598,14,576,14,624
1286,11,5,8,278,331,6,285,6,278,51,278,6622,282,2204,282,3378,284,3010,282,3095,278,688,278,908,278,819,278,879,278,953,278,590,278,597,278,603,278,588,278,586
1287,11,5,8,250,399,6,255,6,250,56,250,3868,255,1796,255,2139,250,3919,250,3099,250,969,250,1124,250,944,250,1491,250,1197,250,725,250,691,250,720,250,680,250,704
1288,11,5,8,346,420,6,346,6,346,53,346,1949,346,1747,346,2050,346,1756,346,1706,346,659,346,640,346,653,346,668,346,635,346,587,346,579,346,603,346,577,346,568
1289,11,5,8,345,394,6,377,6,345,54,345,2521,350,2933,345,4589,345,2946,345,3693,345,782,345,826,345,824,345,920,345,707,345,597,345,577,345,587,345,588,345,580
1290,11,5,8,272,315,6,272,6,272,54,272,1767,272,1677,272,1751,272,1747,272,1733,272,651,272,633,272,637,272,629,272,646,272,613,272,593,272,606,272,591,272,607
1291,11,5,16,61493,64843,6,61493,6,61734,54,61493,1787,61493,1718,61493,1738,61493,1763,61493,1824,61493,610,61493,599,61493,634,61493,602,61493,606,61493,563,61493,576,61493,554,61493,552,61493,543
1292,11,5,16,89392,112182,7,95214,6,89392,56,89392,5786,89392,3910,89392,2195,89392,3807,89392,4236,89392,792,89392,813,89392,785,89392,653,89392,643,89392,611,89392,598,89392,599,89392,603,89392,601
1293,11,5,16,59241,62756,6,59241,6,59241,53,59241,2094,59241,1780,59241,1736,59241,1796,59241,1708,59241,622,59241,620,59241,640,59241,661,59241,1149,59241,633,59241,644,59241,626,59241,631,59241,622
1294,11,5,16,75663,97652,6,75663,6,75663,54,75663,2238,75663,1827,75663,1975,75663,1718,75663,1861,75663,655,75663,644,75663,645,75663,646,75663,673,75663,626,75663,616,75663,591,75663,599,75663,602
1295,11,5,16,96461,125682,12,96461,7,96461,54,96461,1739,96461,1982,96461,2629,96461,2091,96461,1770,96461,641,96461,644,96461,630,96461,663,96461,675,96461,621,96461,612,96461,611,96461,612,96461,592
1296,11,5,32,6008369033,7384235250,6,6008369033,6,6008369033,67,6008369033,1753,6008369033,1821,6008369033,1780,6008369033,2172,6008369033,1968,6008369033,654,6008369033,657,6008369033,864,6008369033,659,6008369033,638,6008369033,620,6008369033,573,6008369033,590,6008369033,601,6008369033,598
1297,11,5,32,4818587613,5163096296,9,4818587613,7,4818587613,56,4818587613,1770,4818587613,1723,4818587613,1715,4818587613,1862,4818587613,1764,4818587613,671,4818587613,631,4818587613,638,4818587613,647,4818587613,622,4818587613,627,4818587613,614,4818587613,600,4818587613,590,4818587613,608
1298,11,5,32,5738210877,7419343123,6,5738210877,6,5756095993,53,5738210877,1775,5738210877,1725,5738210877,1714,5738210877,1897,5738210877,1910,5738210877,660,5738210877,633,5738210877,648,5738210877,637,5738210877,631,5738210877,642,5738210877,617,5738210877,1101,5738210877,639,5738210877,635
1299,11,5,32,5375010607,6317417819,7,5375010607,7,5394114064,56,5375010607,1766,5375010607,1793,5375010607,1781,5375010607,1881,5375010607,1745,5375010607,933,5375010607,655,5375010607,685,5375010607,647,5375010607,632,5375010607,581,5375010607,606,5375010607,587,5375010607,591,5375010607,584
1300,11,5,32,4736096545,6269096689,6,4809158990,6,4736096545,53,4772503139,3396,4736096545,3989,4772503139,3878,4772503139,2550,4772503139,2765,4736096545,1349,4736096545,1041,4736096545,1130,4736096545,894,4736096545,1184,4736096545,631,4736096545,591,4736096545,598,4736096545,570,4736096545,599
1301,12,5,4,21,24,6,21,6,21,45,21,366,21,308,21,308,21,318,21,328,21,685,21,675,21,668,21,664,21,668,21,572,21,575,21,552,21,594,21,576
1302,12,5,4,19,24,6,20,6,20,53,19,2211,19,1154,20,1805,20,1746,19,1447,19,894,20,682,20,666,20,665,19,905,20,609,19,591,19,588,19,585,19,812
1303,12,5,4,23,28,6,23,7,23,56,23,1795,23,2269,23,2219,23,1769,23,1793,23,675,23,659,23,665,23,643,23,656,23,607,23,599,23,678,23,602,23,607
1304,12,5,4,20,23,6,20,7,20,56,20,1881,20,1850,20,1961,20,1902,20,1816,20,667,20,668,20,666,20,632,20,642,20,609,20,587,20,601,20,599,20,616
1305,12,5,4,20,22,7,20,6,20,57,20,1823,20,1823,20,1803,20,1765,20,1905,20,657,20,681,20,674,20,661,20,646,20,594,20,632,20,657,20,591,20,593
1306,12,5,8,316,412,6,316,6,317,59,316,1877,316,1824,316,1833,316,1773,316,1846,316,646,316,670,316,676,316,653,316,640,316,604,316,624,316,685,316,609,316,615
1307,12,5,8,444,509,9,448,11,444,76,444,2655,448,1869,444,3509,448,1846,444,3972,448,724,444,824,444,983,448,723,444,999,444,596,444,655,444,548,444,586,444,570
1308,12,5,8,323,401,6,323,6,323,57,323,1861,323,1765,323,1787,323,1809,323,1813,323,654,323,635,323,640,323,655,323,649,323,629,323,616,323,717,323,626,323,734
1309,12,5,8,436,467,7,436,7,437,75,436,1851,436,1840,436,1814,436,1862,436,1879,436,830,436,731,436,706,436,681,436,676,436,572,436,581,436,584,436,578,436,603
1310,12,5,8,375,424,6,375,7,376,57,375,1981,375,1798,375,1798,375,1838,375,1867,375,802,375,654,375,714,375,644,375,635,375,602,375,598,375,569,375,585,375,568
1311,12,5,16,94187,99244,6,94187,6,94308,66,94187,2063,94187,1819,94187,1824,94187,1857,94187,1853,94187,642,94187,653,94187,639,94187,660,94187,1126,94187,612,94187,569,94187,592,94187,579,94187,596
1312,12,5,16,70423,94141,6,72271,6,70423,62,70423,5959,70423,3081,70423,4850,71028,2361,70423,3507,71028,812,71028,1145,71028,1268,71028,787,71028,1686,71028,807,71193,589,71028,596,71028,573,70423,598
1313,12,5,16,84712,114101,6,84712,6,84712,59,84712,1789,84712,1836,84712,1809,84712,1947,84712,1877,84712,648,84712,641,84712,647,84712,630,84712,649,84712,1076,84712,615,84712,659,84712,844,84712,643
1314,12,5,16,61519,61519,6,61519,6,61519,58,61519,1875,61519,1823,61519,1823,61519,2002,61519,2076,61519,635,61519,648,61519,684,61519,646,61519,649,61519,716,61519,570,61519,541,61519,554,61519,564
1315,12,5,16,112079,121488,10,112079,7,112696,58,112079,1837,112079,1890,112079,1856,112079,1801,112079,1934,112079,660,112079,652,112079,677,112079,657,112079,654,112079,605,112079,582,112079,594,112079,596,112079,598
1316,12,5,32,4486577741,6027694248,6,4714630015,7,4486577741,67,4711257628,2286,4711257628,2618,4486577741,2269,4486577741,3488,4486577741,3011,4486577741,1329,4493863781,1357,4493863781,942,4512150840,1428,4493863781,912,4486577741,1044,4486577741,620,4486577741,603,4486577741,840,4486577741,618
1317,12,5,32,4972077848,5521116850,6,5008416388,7,4978147511,63,4972077848,3640,5008416388,1850,4972077848,3996,4972077848,4324,4972077848,3548,5008416388,651,4972077848,907,4972077848,799,4972077848,1057,4972077848,885,4972077848,637,4972077848,664,4972077848,594,4972077848,602,4972077848,627
1318,12,5,32,7765153781,8755713233,6,8388667868,6,7935405556,56,8118015022,3544,7838239297,3371,7935405556,3109,7765153781,12996,7795485111,6764,7765153781,934,7765153781,1030,7765153781,906,7765153781,1217,7765153781,804,7765153781,644,7765153781,639,7765153781,628,7765153781,656,7765153781,645
1319,12,5,32,5165333231,7681215125,6,5241059327,11,5178418773,59,5165333231,4050,5241059327,1910,5165333231,3989,5165333231,4418,5165333231,3839,5209467780,1197,5165333231,979,5165333231,1069,5165333231,1132,5165333231,1034,5165333231,656,5165333231,610,5165333231,718,5165333231,597,5165333231,604
1320,12,5,32,4525076169,5452236605,7,4604456289,6,4525076169,57,4525076169,2277,4525076169,1765,4525076169,3025,4525076169,2660,4525076169,2665,4525076169,745,4525076169,802,4525076169,1002,4525076169,657,4525076169,820,4525076169,705,4525076169,605,4525076169,602,4525076169,727,4525076169,612
1321,13,5,4,24,30,7,24,7,24,74,24,360,24,333,24,344,24,323,24,336,24,694,24,666,24,647,24,645,24,677,24,596,24,635,24,630,24,616,24,608
1322,13,5,4,15,20,6,15,7,15,39,15,346,15,335,15,325,15,368,15,337,15,621,15,631,15,618,15,691,15,616,15,633,15,617,15,596,15,683,15,634
1323,13,5,4,26,32,10,29,12,26,65,26,3675,26,1946,26,3687,26,3760,26,2327,26,730,26,848,26,671,26,670,26,686,26,827,26,596,26,604,26,596,26,587
1324,13,5,4,20,28,7,21,7,21,69,21,1930,21,1925,21,1897,21,1958,21,2391,20,882,20,915,20,894,20,786,20,886,20,612,21,810,20,627,20,579,20,601
1325,13,5,4,24,28,6,25,7,24,59,24,2374,24,1903,24,2303,24,2024,24,3537,24,697,24,724,24,752,24,804,24,681,24,810,24,585,24,565,24,591,24,564
1326,13,5,8,378,396,7,400,7,385,59,379,4941,381,8945,379,3671,385,3371,381,4908,379,1088,385,1098,379,1133,380,787,385,765,378,731,378,723,378,708,379,664,378,655
1327,13,5,8,275,407,7,285,7,285,60,275,5578,278,4093,280,4409,278,4632,280,4718,275,1129,277,1183,275,1174,277,997,275,1452,275,609,275,640,275,628,275,619,275,625
1328,13,5,8,377,449,6,420,7,378,59,385,4332,380,4207,385,4197,380,7039,378,3389,378,1456,378,1012,378,1177,378,1523,381,814,378,638,378,631,377,605,377,602,377,626
1329,13,5,8,293,345,7,295,7,293,61,293,3443,295,2041,293,3306,294,1887,295,1956,293,643,293,992,293,1072,293,652,293,729,293,956,293,649,293,630,293,619,293,665
1330,13,5,8,345,472,7,345,7,345,62,345,2182,345,1947,345,1971,345,1858,345,1877,345,650,345,649,345,647,345,631,345,1074,345,624,345,639,345,640,345,635,345,647
1331,13,5,16,69713,103605,7,69713,7,70927,60,69713,2150,69713,1915,69713,1853,69713,2256,69713,1934,69713,620,69713,635,69713,639,69713,645,69713,646,69713,632,69713,599,69713,610,69713,609,69713,599
1332,13,5,16,72148,81724,7,72148,7,72148,61,72148,1918,72148,1921,72148,2057,72148,2166,72148,1955,72148,639,72148,628,72148,639,72148,629,72148,664,72148,646,72148,649,72148,629,72148,620,72148,631
1333,13,5,16,74965,109918,7,74965,7,74965,62,74965,1965,74965,1900,74965,2265,74965,2235,74965,2199,74965,645,74965,658,74965,652,74965,623,74965,640,74965,685,74965,686,74965,679,74965,684,74965,674
1334,13,5,16,91099,109459,7,92737,7,92096,60,91340,3632,91099,3988,91099,3636,91340,4129,91099,2711,91099,1023,91099,1273,91099,1278,91099,1030,91099,1371,92096,596,91099,613,91099,631,91099,597,92096,574
1335,13,5,16,95009,116978,6,95009,7,95009,62,95009,1957,95009,1859,95009,1890,95009,1880,95009,1982,95009,1118,95009,679,95009,812,95009,677,95009,625,95009,611,95009,596,95009,595,95009,603,95009,594
1336,13,5,32,6103926564,6714395404,7,6385334258,7,6144834619,60,6103926564,7672,6159247595,5358,6172372356,3356,6268549980,3331,6103926564,5378,6144834619,982,6144834619,887,6144834619,1247,6144834619,803,6144834619,1459,6292288900,602,6292288900,627,6292288900,624,6103926564,590,6292288900,607
1337,13,5,32,5297007245,7761436126,13,5393199203,11,5332899359,80,5393199203,1963,5393199203,2017,5393199203,2043,5297007245,2317,5364152174,3704,5297007245,986,5332899359,1059,5332899359,1215,5297007245,643,5297007245,1015,5297007245,628,5297007245,621,5297007245,620,5297007245,731,5297007245,763
1338,13,5,32,6020505016,8008571163,10,6104880905,10,6020505016,77,6104880905,1961,6021723518,2366,6032980195,3906,6104880905,2013,6021723518,5711,6089024481,1268,6032980195,1649,6032980195,710,6104880905,662,6032980195,864,6020505016,714,6020505016,866,6020505016,1094,6020505016,695,6020505016,685
1339,13,5,32,5525656559,7623928633,6,5525656559,7,5528265195,64,5525656559,2008,5525656559,1925,5525656559,2018,5525656559,1879,5525656559,1898,5525656559,673,5525656559,641,5525656559,654,5525656559,642,5525656559,642,5525656559,649,5525656559,1106,5525656559,658,5525656559,646,5525656559,869
1340,13,5,32,3920268735,4624111409,8,3946281388,7,3942951524,63,3920268735,4280,3946281388,2205,3920268735,6759,3946281388,2142,3920268735,4138,3946281388,650,3946281388,660,3946281388,633,3946281388,642,3946281388,639,3920268735,722,3920268735,685,3920268735,672,3920268735,718,3920268735,712
1341,14,5,4,21,28,7,21,7,21,62,21,356,21,356,21,347,21,360,21,370,21,681,21,681,21,646,21,667,21,656,21,634,21,604,21,1041,21,594,21,598
1342,14,5,4,22,23,7,22,7,22,65,22,361,22,370,22,357,22,339,22,342,22,922,22,700,22,648,22,671,22,665,22,591,22,570,22,594,22,572,22,582
1343,14,5,4,25,29,11,27,13,25,130,26,2850,26,3135,25,1176,25,1619,26,2401,25,669,25,711,25,818,25,688,25,773,25,698,25,718,25,825,25,691,25,699
1344,14,5,4,18,23,7,18,7,18,64,18,400,18,354,18,343,18,354,18,377,18,661,18,680,18,749,18,766,18,654,18,578,18,615,18,646,18,1012,18,623
1345,14,5,4,23,27,7,24,8,23,63,23,1600,23,1543,24,1935,23,1476,24,1987,23,943,23,900,23,851,23,862,23,808,23,592,23,618,23,629,23,605,23,593
1346,14,5,8,367,431,7,386,7,367,64,367,3374,367,3304,367,6267,367,5825,367,6075,367,1444,367,1378,367,926,370,992,367,775,367,614,367,652,367,713,370,609,367,623
1347,14,5,8,332,358,7,332,7,332,73,332,2095,332,2058,332,1958,332,2057,332,1951,332,643,332,640,332,640,332,659,332,646,332,593,332,675,332,593,332,609,332,580
1348,14,5,8,409,484,7,426,7,422,62,412,3130,409,4813,414,3312,409,3402,410,3335,410,650,409,1226,409,953,409,1350,409,1265,409,1100,410,922,409,698,417,598,409,881
1349,14,5,8,345,462,8,358,8,359,64,345,5199,347,6116,358,2244,358,2054,352,3369,352,1027,345,1102,345,678,354,940,345,1088,345,623,345,633,352,609,347,644,345,624
1350,14,5,8,316,399,7,328,7,318,64,316,5516,316,3815,316,3462,328,1967,316,4371,316,1303,316,735,316,1043,321,1186,321,1021,316,753,316,677,316,640,316,771,316,648
1351,14,5,16,105134,136246,7,113382,8,107965,64,106653,2910,107965,2855,105134,9021,107725,3291,108107,3270,105134,1334,105225,1372,105134,1172,105134,1132,105134,1111,105134,597,105134,643,105134,581,105134,599,105134,602
1352,14,5,16,89123,106398,7,92747,7,89123,63,91878,2876,92747,1937,90395,6090,89123,4980,92747,1967,89123,1038,89123,1094,89123,890,89123,929,89195,1166,92431,686,92747,657,92747,595,92747,619,92747,596
1353,14,5,16,94788,110370,10,98007,12,95748,65,96077,4450,95797,5424,95489,5194,95576,5936,96077,5211,95360,1045,95343,1162,95343,1245,95360,1126,95360,1191,94788,711,95576,792,95360,636,95360,638,95576,590
1354,14,5,16,93870,115664,7,95414,7,95431,64,94025,3941,95414,2100,95414,2248,95414,1974,95289,3823,93870,1112,95414,649,93870,942,93870,710,93870,1318,95409,589,95409,631,95414,638,95409,618,93870,634
1355,14,5,16,79033,109575,7,80051,8,79169,65,79033,4234,80051,1979,80051,1954,80051,2108,80051,2097,80051,666,80051,667,80051,649,80051,636,80051,639,79033,699,79033,693,79033,659,79033,665,79033,667
1356,14,5,32,6420116688,7642225627,7,6722557018,7,6420116688,71,6496904961,4642,6468147765,3322,6461158325,4469,6420116688,3403,6420116688,2462,6420116688,915,6496904961,979,6420116688,1063,6420116688,745,6468147765,705,6420116688,754,6420116688,621,6420116688,642,6420116688,757,6420116688,633
1357,14,5,32,7879862869,9720513068,7,8504730583,8,7944706583,62,7944706583,5729,7899584185,8012,7879862869,5330,7899584185,7757,7966306048,3351,7899584185,923,7883944588,1192,7933819252,1509,7899584185,1153,7899584185,1214,7883944588,712,7933819252,741,7879862869,683,7933819252,741,7883944588,707
1358,14,5,32,6475077032,7612326883,7,6475077032,8,6561054687,64,6475077032,2029,6475077032,2025,6475077032,2054,6475077032,2010,6475077032,2008,6475077032,659,6475077032,702,6475077032,785,6475077032,786,6475077032,685,6475077032,611,6475077032,619,6475077032,617,6475077032,608,6475077032,1064
1359,14,5,32,5012930978,5948377045,8,5184620324,8,5012930978,73,5095666856,4446,5095666856,4823,5056699859,7071,5058139539,3397,5041614559,8204,5083201541,1393,5025938129,1244,5083201541,1657,5081772534,869,5025938129,1294,5012930978,602,5012930978,634,5012930978,661,5025938129,603,5025938129,694
1360,14,5,32,4852938657,6278055446,8,5080718169,7,4852938657,88,5080718169,1971,5080718169,1968,5080718169,2044,5080718169,1996,5080718169,1920,4963181302,796,4970703201,808,4880236769,934,5080718169,647,4940978825,885,5080718169,665,5080718169,659,5080718169,668,5080718169,722,5080718169,993
1361,15,5,4,24,29,13,24,13,24,93,24,395,24,380,24,368,24,352,24,386,24,822,24,662,24,724,24,659,24,657,24,598,24,636,24,579,24,615,24,629
1362,15,5,4,25,27,7,25,8,25,64,25,2057,25,2073,25,2032,25,2014,25,2177,25,679,25,686,25,706,25,674,25,674,25,633,25,569,25,601,25,567,25,572
1363,15,5,4,24,31,7,25,8,24,65,24,367,24,2279,24,659,24,374,24,372,24,907,24,852,24,733,24,683,24,737,24,619,24,614,24,1063,24,604,24,596
1364,15,5,4,36,43,7,36,8,37,75,36,382,36,370,36,347,36,358,36,394,36,920,36,773,36,712,36,713,36,734,36,626,36,632,36,637,36,630,36,616
1365,15,5,4,20,25,7,20,8,20,72,20,381,20,365,20,361,20,383,20,375,20,659,20,663,20,807,20,771,20,688,20,596,20,575,20,1072,20,604,20,635
1366,15,5,8,420,516,9,442,8,421,69,420,6632,420,4441,420,7409,420,7219,420,4878,422,1611,422,1354,422,1173,422,1368,422,1294,420,604,422,615,420,606,420,604,421,613
1367,15,5,8,379,418,8,421,8,379,68,379,4477,379,6632,379,3557,379,5562,379,4883,380,1100,379,716,384,1035,379,1108,379,1516,379,711,379,629,379,683,379,674,379,728
1368,15,5,8,368,443,8,368,8,368,68,368,2082,368,2152,368,2034,368,2026,368,2058,368,677,368,683,368,677,368,666,368,787,368,614,368,664,368,680,368,658,368,737
1369,15,5,8,419,497,9,428,9,419,69,419,5499,419,6428,428,2191,423,3494,428,2067,419,1028,422,1252,419,1262,423,1059,426,646,419,615,419,611,419,633,419,614,419,625
1370,15,5,8,326,430,7,334,8,326,67,329,4724,334,2065,326,6259,328,6258,328,5746,326,969,326,1320,328,1068,328,1208,326,866,326,685,326,619,329,661,326,627,326,613
1371,15,5,16,87716,111823,7,91313,7,88204,86,87716,5646,87716,5057,87716,6325,87716,7173,88112,5385,87869,1124,88112,943,88204,1093,87772,956,88254,1031,87869,652,87716,663,87716,719,87869,648,88112,634
1372,15,5,16,84621,92113,7,87436,8,85563,66,85321,8539,85932,5322,85321,5096,85321,3015,85563,8655,85321,1476,85321,1211,85321,1255,86514,665,85321,926,86514,602,86855,564,86855,579,86855,598,86514,582
1373,15,5,16,107064,120330,7,112983,8,109771,67,107363,3883,107237,6678,108235,7144,107237,5338,107237,6861,112983,666,112983,674,112983,667,112983,669,112983,668,107545,642,107617,633,107068,655,109036,699,107068,650
1374,15,5,16,103913,130997,7,105788,8,103913,73,103913,4464,105788,2051,103913,6332,103913,3384,103913,5929,103913,793,103913,947,103913,659,103913,1122,103913,1115,103913,656,103913,644,103913,617,103913,612,103913,602
1375,15,5,16,112683,133540,7,117823,8,113608,68,112820,4403,112683,9707,112949,8601,115564,2538,113411,3436,112820,1188,112949,1315,113560,1073,112949,1407,112820,1200,112949,632,112949,625,112949,609,113560,715,112949,812
1376,15,5,32,6436296676,7586948431,11,6585066821,11,6574434244,84,6546877889,4158,6478647404,4497,6478647404,7778,6546877889,3997,6474093145,7473,6478647404,1079,6478647404,1182,6478647404,1195,6478647404,1574,6478647404,1141,6474093145,608,6474093145,609,6436296676,602,6546877889,590,6546877889,591
1377,15,5,32,7328245309,8179589156,7,7574776407,8,7418078854,66,7379109297,6405,7399582043,4540,7342005148,7231,7328245309,5356,7328245309,6475,7399582043,1167,7328245309,1175,7378694741,884,7328245309,1051,7399582043,1154,7343685973,627,7343685973,596,7336677336,629,7328245309,637,7343685973,598
1378,15,5,32,6482029314,7378965027,12,6931362820,12,6683505816,84,6703964747,4430,6483839281,7568,6675700364,6673,6642552574,6443,6675700364,3580,6554355227,1412,6554355227,1198,6637053230,1043,6554355227,1043,6554355227,908,6675700364,605,6482029314,712,6482029314,647,6675700364,573,6633209532,638
1379,15,5,32,7659203940,8738179501,8,8229958370,8,7753852754,72,7687621186,9542,7703467117,4394,7659203940,8232,7805057371,3682,7721132329,3936,7673676334,1074,7703467117,930,7673676334,1492,7659203940,1132,7659203940,1348,7663941648,750,7665939640,661,7665939640,653,7665939640,601,7663941648,694
1380,15,5,32,6543149846,8119901634,7,6937577494,8,6664069935,65,6543149846,4459,6587379188,7359,6567759488,8029,6587379188,4411,6587379188,6832,6557561008,1024,6567759488,1330,6557561008,1894,6567759488,1394,6587379188,1512,6543149846,722,6587379188,683,6571898851,678,6543149846,736,6557561008,727
1381,16,5,4,23,25,9,23,8,23,69,23,390,23,385,23,378,23,376,23,381,23,669,23,665,23,677,23,678,23,663,23,683,23,669,23,619,23,616,23,667
1382,16,5,4,25,26,8,26,8,26,65,26,2162,26,2317,26,2601,25,1631,26,2101,26,685,26,678,25,1136,26,782,26,723,25,40,25,186,25,50,25,150,25,80
1383,16,5,4,30,35,8,33,8,32,65,32,2720,32,2050,32,2688,31,4110,31,2050,30,984,30,974,30,977,31,708,30,1007,30,192,31,690,30,30,30,226,30,616
1384,16,5,4,30,34,7,32,8,30,67,30,1624,30,644,30,2601,30,1678,30,383,30,742,30,716,30,691,30,717,30,774,30,750,30,672,30,677,30,658,30,670
1385,16,5,4,26,31,8,26,8,27,67,26,379,26,390,26,379,26,370,26,372,26,705,26,686,26,690,26,675,26,761,26,641,26,598,26,554,26,594,26,631
1386,16,5,8,363,444,8,376,8,367,67,367,3850,364,8597,364,3658,370,2387,368,2694,364,1519,363,958,367,1225,373,1211,367,1180,364,696,365,632,365,710,364,650,367,626
1387,16,5,8,415,437,8,427,8,420,69,419,3580,422,5153,420,3151,420,2637,422,4215,416,1148,416,1597,418,1240,419,747,415,1443,418,620,415,607,415,636,416,649,415,702
1388,16,5,8,434,512,8,471,8,443,69,435,7723,434,7683,439,5697,437,6040,439,6381,434,1228,438,1102,436,1387,436,922,434,1337,437,699,442,594,436,635,442,611,442,726
1389,16,5,8,410,510,10,449,10,416,87,410,7748,410,6370,419,7032,411,5704,411,5584,419,1454,411,1465,411,1285,411,1091,416,832,411,676,410,689,411,687,411,744,411,736
1390,16,5,8,410,458,8,438,8,411,82,410,4684,414,3438,410,3665,410,5189,410,5814,417,1229,417,771,417,1020,417,1055,417,942,410,601,410,574,410,600,410,573,410,571
1391,16,5,16,134607,159627,7,146841,8,141928,68,136270,5944,135702,7108,136604,3772,137654,4048,137545,8558,134607,1391,134607,1325,135702,738,134607,1499,135338,1041,134607,713,135186,718,134607,716,134607,714,134607,718
1392,16,5,16,89836,99470,8,91404,8,90186,72,89836,6985,91404,2239,91404,2075,89836,6806,90421,3333,90688,1201,90782,1304,91404,697,91404,667,90688,1161,89932,701,89836,659,89836,828,89836,671,89848,676
1393,16,5,16,82150,115219,8,83291,9,82848,72,83291,2128,83291,2273,83291,2205,83291,2149,82365,5200,83291,767,82470,973,82828,1100,83291,664,83291,680,82150,613,82150,719,82274,706,82150,612,82150,631
1394,16,5,16,101732,133022,8,107264,8,104211,70,104880,3195,102966,6394,103033,4229,103007,6957,103007,4201,102217,1401,101732,1152,101732,1543,101732,1728,101732,1577,101732,629,101732,636,101732,668,101732,611,101732,657
1395,16,5,16,117260,141148,8,119663,8,118122,68,117639,5107,117564,6932,117639,5054,117564,5504,117639,5543,117639,1128,117528,1647,117808,1054,117662,1431,118122,774,117908,619,117908,628,117908,581,117860,591,118952,567
1396,16,5,32,7380909747,8200219108,8,7441163911,9,7380909747,70,7380909747,4078,7394310260,6918,7441163911,2218,7441163911,2115,7415600984,4173,7393201674,1111,7441163911,664,7441163911,695,7411561144,1203,7394310260,935,7380909747,601,7394310260,643,7380909747,624,7380909747,620,7394310260,652
1397,16,5,32,6720853468,7697195891,8,6822610909,8,6793296564,68,6761263841,3684,6802110599,4061,6751727120,6373,6822610909,2092,6822610909,2184,6737104532,1184,6822610909,699,6789639520,1568,6737104532,1186,6800203982,1388,6737104532,679,6720853468,694,6737104532,712,6751727120,649,6799054665,609
1398,16,5,32,8249514291,10602330844,8,8497510007,8,8509544883,69,8339109077,5195,8324171232,5509,8349936309,2120,8322365675,6024,8307529910,5564,8309335467,1543,8309335467,1312,8276902849,1500,8309335467,1009,8307529910,1074,8249514291,765,8249514291,745,8276581917,683,8294200499,700,8257794401,711
1399,16,5,32,5607521450,6686823881,8,5757024385,9,5671752760,70,5640769005,7922,5640769005,7808,5659318695,6030,5654404205,6074,5648445945,4131,5648445945,1564,5713404749,738,5648445945,1237,5654404205,927,5693542490,993,5609797655,721,5642930519,708,5641467836,683,5674668028,686,5642930519,654
1400,16,5,32,8224609780,10402554607,8,8624869503,8,8272291505,67,8224609780,4773,8241874172,6801,8254447649,6665,8310362805,2099,8224609780,9564,8271450231,1178,8279517870,1070,8242809143,802,8224609780,1330,8224609780,1517,8241874172,684,8363621679,595,8241874172,722,8363621679,597,8224609780,650
1401,17,5,4,30,37,9,30,9,30,71,30,451,30,396,30,430,30,440,30,403,30,677,30,686,30,736,30,706,30,707,30,687,30,656,30,677,30,661,30,753
1402,17,5,4,27,29,9,28,9,27,70,27,2262,27,386,28,2242,27,1160,27,1219,27,914,27,1043,27,947,27,684,27,684,27,562,27,630,27,572,27,608,27,586
1403,17,5,4,26,27,8,27,9,26,72,26,730,26,1914,26,447,26,411,26,675,26,761,26,750,26,773,26,873,26,718,26,640,26,696,26,615,26,671,26,700
1404,17,5,4,27,33,8,28,9,27,72,27,405,27,688,27,682,27,386,27,426,27,786,27,679,27,710,27,717,27,773,27,722,27,606,27,608,27,553,27,600
1405,17,5,4,28,33,8,29,9,29,71,29,2213,29,2276,29,2455,29,2152,29,2233,28,1189,29,731,28,1156,29,686,28,932,28,134,29,671,29,654,29,713,28,181
1406,17,5,8,475,590,10,521,12,478,84,492,2999,489,5803,480,5517,482,4049,496,6297,478,1399,487,835,485,1162,489,1058,475,1269,475,709,475,708,475,724,475,714,475,714
1407,17,5,8,488,533,8,525,9,496,73,489,5281,488,6199,499,3219,488,7348,501,6850,492,783,488,1636,488,1373,496,1276,490,1101,488,662,488,708,488,705,488,689,488,721
1408,17,5,8,356,429,8,374,9,366,74,360,3263,358,6775,357,8780,357,10990,357,8427,359,1394,358,927,357,1519,359,1009,361,1032,356,646,357,641,356,665,356,647,357,606
1409,17,5,8,466,548,8,481,9,471,78,471,5870,468,7673,470,6305,468,8770,468,9898,469,1190,470,1274,471,1017,469,1343,470,1187,467,767,468,658,468,706,470,663,478,560
1410,17,5,8,416,493,8,423,11,426,74,422,2822,420,5089,420,7013,423,2225,420,4286,417,1220,421,1051,417,1333,423,668,420,955,423,622,420,632,416,609,416,619,416,602
1411,17,5,16,77157,84116,8,79690,9,78499,76,78537,4342,77302,7096,77302,3230,77233,6883,77302,6255,77371,1245,77371,1184,78260,1278,77371,1323,77371,1376,77157,719,77157,682,77543,605,77543,605,77543,667
1412,17,5,16,112026,146341,8,113124,9,115180,71,113124,2355,113124,2363,113054,4927,113124,2162,113124,2230,112096,1131,113124,680,112096,1625,112886,1303,112886,1315,112096,736,112026,736,112026,649,112026,645,112026,732
1413,17,5,16,117990,133433,8,120749,9,122187,71,120749,2311,119501,3216,119398,10704,119036,5155,118467,5743,118467,1077,119299,1111,118690,1609,118824,1157,118345,1258,118216,799,118490,567,118181,723,118192,870,118490,600
1414,17,5,16,109762,133142,8,111869,8,113754,74,110654,4363,110250,4835,110654,3482,109987,5275,110654,5715,110654,737,109762,1751,110654,1192,109762,1548,110654,1095,111869,613,110654,584,110654,567,110654,600,110654,582
1415,17,5,16,126864,153402,11,133209,13,128332,102,127817,6723,128920,6714,127791,4835,129562,2151,129290,6218,127986,1055,127791,899,128161,1486,128802,1709,127679,1458,126864,699,126864,753,126864,697,126864,702,126864,760
1416,17,5,32,8616162104,9671072206,11,9140232261,13,8827983494,84,8714252386,7889,8691091195,8021,8690049273,7839,8712743237,4406,8684119246,8111,8697907117,1314,8684119246,1653,8672841972,1557,8684119246,1073,8714252386,1463,8684119246,704,8660809664,712,8684119246,695,8714252386,672,8684119246,689
1417,17,5,32,8501043195,9735415980,8,8605841878,9,8670722060,71,8605841878,2198,8581763456,4091,8581763456,3181,8605841878,2244,8605841878,2289,8605841878,695,8605841878,683,8514483154,1597,8552753180,1051,8504231933,1366,8501043195,923,8516883274,751,8535438991,716,8501043195,699,8509097885,709
1418,17,5,32,7971173617,8969888286,9,8659029754,9,8445039927,70,8069707716,4761,8010017965,5728,8010017965,4271,8065696979,7230,8010017965,8884,8027022426,1449,7971173617,1748,7973354770,1545,8033432081,1307,8016638341,1448,7998522394,797,7971173617,866,7973354770,731,8015627197,710,8004504510,758
1419,17,5,32,6485277037,8177467058,9,6789308438,9,6577964074,73,6548667247,5468,6531701226,7185,6557509419,5886,6512008072,7385,6509866849,7714,6513430067,1022,6557509419,783,6489510852,1470,6494053121,1455,6489510852,1393,6542675762,637,6531451381,652,6487621874,721,6542675762,613,6497137873,692
1420,17,5,32,7641197147,9150494920,8,7935587084,9,7662378360,81,7646107239,9083,7722304835,4260,7647258958,7668,7712235304,5604,7746848126,4648,7719282849,685,7738076494,1022,7712235304,982,7719282849,1304,7722304835,743,7647258958,686,7641197147,607,7641197147,640,7647258958,582,7653200656,595
1421,18,5,4,26,29,9,28,9,27,73,26,2919,27,2358,26,1317,27,2807,26,1186,26,731,26,888,26,932,26,780,26,899,26,676,26,644,26,598,26,690,26,640
1422,18,5,4,34,37,9,34,9,34,77,34,416,34,414,34,409,34,424,34,405,34,692,34,706,34,678,34,704,34,693,34,708,34,697,34,909,34,787,34,692
1423,18,5,4,31,36,8,32,9,31,74,31,1306,31,1678,31,1187,31,1183,31,1709,31,711,31,722,31,819,31,828,31,982,31,683,31,672,31,645,31,683,31,648
1424,18,5,4,29,32,9,29,9,29,72,29,433,29,397,29,400,29,436,29,401,29,690,29,693,29,816,29,716,29,703,29,703,29,693,29,697,29,685,29,698
1425,18,5,4,30,34,8,31,9,30,73,31,2247,30,1761,30,1192,30,1256,30,1773,30,960,30,934,30,811,30,732,30,776,30,734,30,712,30,673,30,672,30,674
1426,18,5,8,267,427,9,280,9,275,76,268,7544,268,5701,273,3904,271,3372,277,5021,268,1333,269,1044,272,1120,268,1324,268,790,267,646,267,675,268,613,269,644,267,590
1427,18,5,8,597,704,9,625,10,605,75,601,9059,597,13218,601,3888,612,4362,606,8723,604,1477,601,880,601,1032,599,1405,599,1642,597,783,598,758,599,790,598,768,597,776
1428,18,5,8,480,597,8,492,9,488,75,481,4353,481,3977,482,6026,492,2460,482,6103,481,1408,481,1207,482,1247,482,1008,481,1467,481,646,483,709,481,637,481,697,482,667
1429,18,5,8,471,571,9,492,9,476,76,482,3986,473,4951,473,3807,473,6097,474,8079,474,1182,475,1146,474,1591,472,1629,475,1605,472,612,472,588,471,727,474,594,472,708
1430,18,5,8,427,473,8,444,9,435,82,428,7252,428,8280,435,6732,428,9457,435,3934,432,988,432,1402,428,1565,432,1403,428,1586,428,650,429,682,427,652,428,643,427,685
1431,18,5,16,102004,133297,8,102676,10,103675,76,102676,2235,102676,2437,102676,2275,102053,8000,102676,2255,102054,1134,102537,672,102629,1575,102676,672,102676,688,102124,706,102125,718,102472,610,102472,636,102472,627
1432,18,5,16,130610,167295,8,136150,9,135941,76,136150,2397,131004,11219,131965,4550,130840,11607,131144,5939,130610,1521,131698,1079,131416,1586,130610,2017,131015,1199,130610,784,130610,808,130610,782,130610,726,130610,752
1433,18,5,16,129246,147406,8,131627,10,132032,75,129351,8132,129672,3818,129888,6446,130219,5286,130219,3344,130723,1625,129567,1239,129712,1096,130219,703,129712,1354,129405,741,129484,716,129366,761,129366,721,129934,717
1434,18,5,16,163515,172284,8,178694,9,167956,75,164916,9714,165468,7890,165786,7989,164390,15435,164793,7562,163664,1824,165089,743,164245,1305,163515,1477,164001,1681,163570,720,163515,812,163570,767,163664,709,163570,738
1435,18,5,16,89173,116036,9,89709,10,90797,78,89709,2486,89709,2409,89709,2535,89709,2310,89492,4445,89709,667,89689,1159,89709,663,89709,675,89709,705,89709,654,89709,670,89492,688,89197,702,89709,647
1436,18,5,32,5467618380,7271884935,9,5467618380,10,5467618380,77,5467618380,2382,5467618380,2391,5467618380,2396,5467618380,2818,5467618380,2295,5467618380,671,5467618380,650,5467618380,695,5467618380,669,5467618380,670,5467618380,620,5467618380,611,5467618380,599,5467618380,638,5467618380,616
1437,18,5,32,7995079927,10275045989,8,8345591251,9,8067560992,75,8041636443,8637,8099099895,2889,8064777999,5428,8038853450,8190,8064777999,8406,8030172855,1355,8030280031,1331,8006543515,1237,8055283129,852,8028223835,1532,8023418518,607,8032468064,593,8023418518,774,8023418518,712,8023418518,573
1438,18,5,32,7025078472,9435460147,9,7358636350,9,7199728347,99,7130303610,2360,7082667990,4430,7073311924,7825,7035103533,7963,7035103533,8569,7073311924,1665,7073311924,1180,7094551457,1236,7159319983,1245,7068927145,1407,7070289497,674,7159319983,639,7110690086,621,7184228056,599,7082667990,591
1439,18,5,32,6840911371,8847321886,8,6972938757,9,6922573144,79,6884835265,4925,6842935390,9003,6972938757,2234,6872703640,3857,6858367475,6435,6912053077,1052,6899126773,1200,6922020417,1080,6912836129,1090,6895773226,848,6962418690,721,6912053077,665,6872703640,675,6912053077,657,6873732235,677
1440,18,5,32,8437026115,10311890672,9,8819800516,10,8679802438,75,8452998428,14852,8445496962,11328,8553958450,4622,8489019447,4871,8452998428,7433,8482574888,1078,8456407134,1366,8474802611,1040,8553958450,696,8482574888,1000,8442468535,773,8442468535,765,8442468535,877,8442468535,779,8437026115,751
1441,19,5,4,27,32,9,28,10,27,76,27,420,27,1220,27,1247,27,428,27,801,27,899,27,800,27,700,27,898,27,912,27,669,27,660,27,728,27,784,27,682
1442,19,5,4,36,42,9,36,16,36,78,36,455,36,539,36,447,36,506,36,624,36,715,36,700,36,694,36,696,36,696,36,658,36,750,36,690,36,664,36,666
1443,19,5,4,35,41,8,37,9,35,78,35,3468,36,2299,35,1234,35,2558,35,1299,35,913,35,1019,35,1037,35,917,35,1005,35,667,35,681,35,697,35,632,35,670
1444,19,5,4,23,32,9,23,10,23,76,23,430,23,422,23,456,23,424,23,410,23,690,23,723,23,678,23,705,23,745,23,628,23,604,23,612,23,587,23,609
1445,19,5,4,32,37,8,34,9,32,75,32,1308,32,838,32,424,32,795,32,1186,32,709,32,1001,32,959,32,1091,32,916,32,671,32,683,32,775,32,871,32,674
1446,19,5,8,594,664,9,604,10,604,79,594,8506,594,2992,594,7124,602,3646,594,5547,597,1249,595,1265,594,1642,594,1610,595,1504,594,741,594,815,594,747,594,733,594,704
1447,19,5,8,547,664,9,560,10,557,79,560,2329,550,7131,560,2338,555,3909,550,6709,550,1391,552,1165,551,1201,551,1501,554,1399,550,768,557,698,548,719,550,729,547,537
1448,19,5,8,353,407,9,364,10,357,78,358,4130,357,5247,355,6058,354,6700,358,6153,355,1231,354,1529,356,1451,354,1280,355,1111,354,607,358,583,354,601,355,683,353,723
1449,19,5,8,569,682,8,600,9,577,77,574,4802,572,8881,571,6803,573,4989,575,4013,570,1329,571,1434,574,918,574,1188,569,1667,570,741,571,763,572,712,569,717,569,786
1450,19,5,8,616,686,9,638,9,622,77,617,10005,623,6716,624,8336,621,7325,617,4708,622,1075,616,1157,616,1097,620,1020,625,1453,616,687,616,773,616,734,616,769,617,777
1451,19,5,16,128912,157961,10,135011,10,130725,78,130420,4086,129397,9784,129260,8258,129770,7899,130420,4713,129839,975,130149,1475,130000,1377,130000,1337,129642,1676,129371,778,128928,696,129368,782,129499,740,128975,744
1452,19,5,16,151987,175302,9,156537,10,154125,78,153228,4511,152733,6901,154021,4936,153796,3518,152934,6542,151987,1171,153393,1563,153455,1182,153681,1333,154136,699,151987,719,152825,757,151987,790,152825,737,152653,768
1453,19,5,16,153859,175499,8,166360,10,154972,79,154972,9936,154664,4035,155762,5335,156640,2890,155522,5012,154900,1512,153985,2003,155795,1742,154381,1787,155003,1600,153944,771,154042,734,154105,736,154264,748,154199,729
1454,19,5,16,142924,167129,8,150248,10,146293,76,145463,5011,144303,7254,144823,11872,144924,6656,144595,3560,143976,1349,143329,1735,143773,1300,143890,1490,144068,1493,142981,754,142924,722,144208,663,143089,758,143231,729
1455,19,5,16,128415,157997,9,129758,10,131814,78,128528,10698,129758,2417,129026,3446,129758,2329,128776,5524,128683,1884,129000,1598,128547,1607,128928,1118,128593,1343,128637,756,128520,782,128593,737,128749,714,128776,731
1456,19,5,32,8653666055,9877800330,8,8738289189,10,8702045662,78,8712503252,5183,8712503252,4755,8706163769,6112,8738289189,2371,8738289189,2723,8674201777,1257,8737802939,1006,8676174111,1522,8711818430,1310,8738289189,691,8674201777,780,8684563797,698,8662659366,769,8687824368,741,8675028477,828
1457,19,5,32,6497294757,7236243635,11,6661393555,11,6582202812,81,6497294757,4514,6540013970,3940,6539472796,7748,6556099881,6599,6539328223,8082,6544068310,1602,6539328223,1181,6542812644,1601,6543066432,1225,6539219008,1479,6594524764,630,6506991052,727,6502639126,700,6543063467,681,6506991052,691
1458,19,5,32,8576984241,9573099305,9,8668396290,10,8678463808,87,8609838556,5054,8648128641,3584,8668396290,2416,8648128641,4232,8667642761,5617,8668396290,699,8668396290,707,8640173723,1218,8668396290,757,8668396290,710,8576984241,768,8576984241,750,8640173723,716,8578028687,752,8609838556,728
1459,19,5,32,5718214012,6234987300,9,5800824806,10,5836338743,80,5728794578,8863,5728794578,7325,5747665920,6878,5760004709,2923,5760004709,3356,5795850348,671,5745947292,1743,5764023605,1121,5800824806,773,5723188076,1337,5737017448,634,5782903763,607,5732155086,748,5732155086,729,5771579149,704
1460,19,5,32,8511992551,9032004177,9,8790830171,10,8754484540,79,8571543622,5591,8598764485,6245,8571543622,6978,8571543622,3859,8571543622,7212,8610649186,1499,8535964644,1915,8574736949,1690,8623291083,1543,8567735193,867,8512768631,847,8518456948,754,8542636267,764,8515258998,791,8540219511,762
1461,20,5,4,28,30,10,28,10,28,81,28,440,28,439,28,433,28,427,28,434,28,693,28,696,28,690,28,690,28,695,28,679,28,626,28,665,28,591,28,581
1462,20,5,4,33,38,13,33,10,33,79,33,445,33,427,33,524,33,620,33,601,33,721,33,692,33,712,33,699,33,696,33,732,33,779,33,706,33,673,33,671
1463,20,5,4,32,34,9,32,10,32,82,32,444,32,447,32,452,32,427,32,480,32,732,32,696,32,696,32,700,32,694,32,725,32,719,32,730,32,712,32,729
1464,20,5,4,32,34,9,33,10,32,77,32,442,32,2110,32,474,32,427,32,754,32,871,32,752,32,754,32,1082,32,902,32,691,32,703,32,704,32,661,32,705
1465,20,5,4,41,45,9,41,10,41,80,41,426,41,440,41,426,41,420,41,416,41,726,41,715,41,707,41,739,41,718,41,625,41,739,41,651,41,686,41,722
1466,20,5,8,547,593,9,571,10,551,80,550,9755,550,6833,551,5227,551,7162,549,8142,549,1827,551,1197,551,1334,550,1663,550,1441,548,786,549,749,548,766,548,744,548,729
1467,20,5,8,514,604,9,528,10,517,80,515,5852,515,8383,517,7024,515,6343,520,4155,517,1559,515,1188,521,704,521,683,516,1253,515,749,514,760,514,768,514,723,514,788
1468,20,5,8,470,542,9,470,10,472,83,470,2422,470,2414,470,2492,470,2426,470,2530,470,741,470,681,470,684,470,847,470,719,470,689,470,638,470,598,470,629,470,633
1469,20,5,8,515,658,9,524,10,521,81,517,5499,518,6836,518,4231,518,4640,524,2473,518,1067,517,1707,521,1006,518,1654,517,1536,516,731,516,750,516,770,516,730,516,713
1470,20,5,8,503,546,9,516,10,513,83,506,6093,505,7237,506,4862,506,5054,506,2953,505,1356,506,1164,504,1758,504,1724,507,1288,504,768,504,714,503,779,505,728,504,747
1471,20,5,16,111972,118662,9,115189,11,113607,85,112662,5892,112340,11598,115189,2585,112284,7972,112542,7620,113280,929,113323,1111,112759,1575,112662,1539,112388,1197,112402,729,112171,694,113786,613,112125,737,112614,572
1472,20,5,16,117955,140647,9,122694,10,122441,89,118884,8631,118849,6809,119547,5721,118889,5420,118634,8983,118015,1967,118448,1578,118339,818,119297,904,118874,1391,118640,732,118596,771,118214,781,118105,787,118640,755
1473,20,5,16,150911,157651,9,156506,10,153686,82,151420,9107,151373,10005,151328,8950,151635,6963,151687,5021,152549,745,151843,1475,151623,1760,152692,1389,152549,710,151373,768,151359,740,151324,751,151230,754,151215,765
1474,20,5,16,146679,153134,9,150511,10,148062,79,148254,4179,147735,5680,147331,5768,147166,5191,146796,17168,147666,881,147450,1718,147164,1218,147402,1748,147020,1421,146819,750,146994,847,146837,765,146827,833,146887,816
1475,20,5,16,106993,137122,9,111315,10,109291,82,107288,9804,107571,7534,108337,6354,107288,8990,107288,7731,107404,1506,107348,1277,107316,1436,107352,1390,107602,1027,107466,747,107500,621,107171,670,107352,646,107171,761
1476,20,5,32,6469092808,8228665263,12,6640839799,14,6559947648,85,6492399291,11741,6492399291,12715,6518915006,6930,6518692077,6808,6508438055,4655,6537973350,1257,6508097188,1075,6518915006,695,6531296585,1338,6492920649,1461,6481515569,648,6478003287,706,6476022316,716,6481205288,652,6481515569,737
1477,20,5,32,7705694484,8384960452,9,7780815557,10,7814267501,79,7780815557,2506,7734328992,6210,7738350644,5117,7737566310,8763,7756488245,3543,7752181909,1412,7780815557,689,7780815557,707,7780815557,705,7726961981,1420,7725680611,724,7737792149,747,7709605694,795,7722525984,762,7725680611,745
1478,20,5,32,9018483487,10979732990,9,9760673283,10,9075295948,80,9057281039,9334,9055217377,3594,9057543502,7757,9043499170,10165,9055217377,7477,9042062125,1572,9087004147,1606,9161848415,793,9059081742,1470,9076860522,1325,9035774529,772,9041941284,776,9018483487,801,9055217377,739,9041600603,764
1479,20,5,32,7496598016,9138714479,9,7554106223,10,7542493567,82,7554106223,2518,7496675176,3144,7496675176,9759,7527835609,3605,7554106223,2439,7542558000,1239,7550558509,677,7554106223,700,7554106223,695,7554106223,683,7510362734,623,7510362734,644,7508431963,714,7510522086,690,7510362734,683
1480,20,5,32,9953788680,10962183940,10,10305169570,10,10163878970,81,10026379518,10314,10047101723,5991,10008089135,7728,9956936767,11645,10047101723,6596,9997367689,1948,10004589413,1591,10024847585,1141,10069383523,870,9977638999,1658,9957784579,826,9961907458,838,9963615087,782,9954147882,848,9968154390,790
1481,8,8,4,15,15,7,15,6,15,25,15,1572,15,1604,15,1742,15,1550,15,1545,15,1148,15,1011,15,1012,15,1007,15,1003,15,586,15,595,15,580,15,615,15,581
1482,8,8,4,12,12,6,12,5,12,9,12,1563,12,1556,12,1571,12,1625,12,1543,12,1017,12,1010,12,1136,12,1019,12,1103,12,583,12,585,12,586,12,596,12,578
1483,8,8,4,12,12,7,12,5,12,15,12,1592,12,1670,12,1555,12,1616,12,1605,12,1011,12,1002,12,1014,12,1021,12,1174,12,600,12,583,12,588,12,597,12,577
1484,8,8,4,15,15,6,15,5,15,26,15,1559,15,1715,15,1864,15,1542,15,1562,15,1010,15,1021,15,1019,15,1009,15,999,15,594,15,592,15,592,15,595,15,574
1485,8,8,4,15,15,5,15,5,15,26,15,1584,15,1542,15,1690,15,1967,15,1562,15,1013,15,1014,15,1026,15,1012,15,1011,15,592,15,593,15,584,15,582,15,581
1486,8,8,8,245,245,6,245,5,245,34,245,1571,245,1523,245,1511,245,1718,245,1530,245,1004,245,1042,245,1005,245,1011,245,1005,245,650,245,686,245,617,245,586,245,576
1487,8,8,8,228,228,5,228,6,228,41,228,1583,228,1551,228,1578,228,1551,228,1520,228,1155,228,1040,228,1020,228,1000,228,1010,228,601,228,605,228,597,228,743,228,610
1488,8,8,8,225,225,6,225,6,225,41,225,1608,225,1552,225,1552,225,1591,225,1557,225,1014,225,1033,225,1007,225,1014,225,1002,225,587,225,599,225,593,225,690,225,686
1489,8,8,8,247,247,7,247,6,247,33,247,1584,247,1559,247,1544,247,1682,247,1555,247,1197,247,1121,247,1044,247,1007,247,1045,247,601,247,584,247,582,247,583,247,585
1490,8,8,8,208,208,5,208,8,208,21,208,1562,208,1669,208,1587,208,1574,208,1604,208,1227,208,1035,208,1080,208,1026,208,1040,208,590,208,589,208,594,208,580,208,591
1491,8,8,16,64620,64620,6,64620,5,64672,44,64620,1584,64620,1571,64620,1532,64620,1569,64620,1542,64620,1051,64620,1010,64620,1146,64620,1032,64620,1186,64620,583,64620,581,64620,577,64620,588,64620,578
1492,8,8,16,61996,61996,5,61996,5,61996,51,61996,1577,61996,1653,61996,1567,61996,1632,61996,1566,61996,1034,61996,1032,61996,1010,61996,1006,61996,1157,61996,598,61996,580,61996,581,61996,582,61996,582
1493,8,8,16,53157,53157,5,53157,5,53157,9,53157,1748,53157,1596,53157,1616,53157,1598,53157,1547,53157,1020,53157,1025,53157,996,53157,1241,53157,1242,53157,589,53157,591,53157,587,53157,584,53157,592
1494,8,8,16,44443,44443,6,44443,5,44443,43,44443,1647,44443,1690,44443,1635,44443,1584,44443,1571,44443,1026,44443,1008,44443,1017,44443,1023,44443,1336,44443,585,44443,589,44443,593,44443,603,44443,579
1495,8,8,16,63962,63962,5,63962,5,63962,9,63962,1605,63962,1577,63962,1507,63962,1643,63962,1580,63962,1017,63962,1016,63962,1023,63962,1006,63962,1039,63962,584,63962,595,63962,595,63962,580,63962,590
1496,8,8,32,3720610611,3720610611,6,3720610611,5,3724826391,43,3720610611,2503,3720610611,3347,3720610611,1594,3720610611,1586,3720610611,1653,3720610611,998,3720610611,1007,3720610611,1021,3720610611,998,3720610611,1012,3720610611,593,3720610611,581,3720610611,595,3720610611,583,3720610611,580
1497,8,8,32,4122654450,4122654450,5,4122654450,5,4122654450,46,4122654450,1519,4122654450,1617,4122654450,1513,4122654450,1588,4122654450,1579,4122654450,1020,4122654450,1007,4122654450,1008,4122654450,1031,4122654450,1013,4122654450,633,4122654450,596,4122654450,660,4122654450,598,4122654450,609
1498,8,8,32,3999874637,3999874637,8,3999874637,6,3999874637,45,3999874637,1546,3999874637,1610,3999874637,1683,3999874637,1557,3999874637,1542,3999874637,1019,3999874637,1005,3999874637,1020,3999874637,1061,3999874637,1016,3999874637,601,3999874637,697,3999874637,588,3999874637,608,3999874637,578
1499,8,8,32,4172221657,4172221657,6,4172221657,5,4172221657,47,4172221657,1898,4172221657,1566,4172221657,1525,4172221657,1620,4172221657,1523,4172221657,1082,4172221657,1014,4172221657,999,4172221657,1017,4172221657,1009,4172221657,593,4172221657,591,4172221657,587,4172221657,586,4172221657,691
1500,8,8,32,3761203037,3761203037,6,3761203037,5,3761203037,45,3761203037,1731,3761203037,1823,3761203037,1522,3761203037,1616,3761203037,1593,3761203037,1013,3761203037,1046,3761203037,1102,3761203037,1013,3761203037,1018,3761203037,594,3761203037,589,3761203037,608,3761203037,580,3761203037,585
1501,9,8,4,13,13,6,13,6,13,23,13,1709,13,1683,13,1662,13,1700,13,1601,13,981,13,989,13,1115,13,1003,13,998,13,595,13,598,13,600,13,590,13,587
1502,9,8,4,15,15,6,15,6,15,22,15,1647,15,1690,15,1781,15,1595,15,1639,15,989,15,989,15,992,15,992,15,1064,15,634,15,598,15,595,15,589,15,604
1503,9,8,4,14,14,6,14,6,14,28,14,1708,14,1752,14,1720,14,1640,14,1616,14,985,14,1008,14,975,14,980,14,968,14,594,14,586,14,598,14,598,14,582
1504,9,8,4,14,14,6,14,5,14,27,14,1639,14,1783,14,1778,14,1689,14,1637,14,1016,14,967,14,984,14,973,14,988,14,605,14,604,14,593,14,593,14,584
1505,9,8,4,15,15,6,15,6,15,22,15,1617,15,1774,15,1883,15,1778,15,1687,15,1016,15,1008,15,992,15,983,15,995,15,608,15,597,15,602,15,587,15,607
1506,9,8,8,229,277,6,229,6,229,37,229,1608,229,1689,229,1638,229,2092,229,1655,229,999,229,981,229,985,229,1007,229,978,229,633,229,592,229,596,229,617,229,590
1507,9,8,8,194,194,6,194,6,194,49,194,1656,194,1647,194,1689,194,1959,194,1866,194,984,194,1001,194,982,194,981,194,997,194,606,194,644,194,609,194,594,194,591
1508,9,8,8,236,251,6,236,6,236,52,236,1634,236,1612,236,1765,236,1612,236,1628,236,980,236,988,236,968,236,975,236,985,236,664,236,602,236,638,236,599,236,604
1509,9,8,8,252,254,6,252,6,252,50,252,1642,252,1637,252,1640,252,1613,252,1674,252,989,252,1016,252,985,252,991,252,970,252,623,252,593,252,602,252,611,252,604
1510,9,8,8,209,209,6,209,6,209,8,209,1694,209,1618,209,1705,209,1629,209,1778,209,1092,209,1019,209,990,209,975,209,971,209,614,209,589,209,594,209,597,209,609
1511,9,8,16,62757,62757,5,62757,6,62757,49,62757,1715,62757,1647,62757,1783,62757,1693,62757,1646,62757,1016,62757,992,62757,974,62757,986,62757,999,62757,745,62757,787,62757,747,62757,624,62757,610
1512,9,8,16,65512,65512,6,65512,6,65512,52,65512,1658,65512,1762,65512,1607,65512,1667,65512,1751,65512,979,65512,1099,65512,978,65512,1002,65512,1046,65512,697,65512,612,65512,621,65512,597,65512,593
1513,9,8,16,61649,61649,6,61649,13,61649,54,61649,1716,61649,1633,61649,1627,61649,1655,61649,1608,61649,989,61649,986,61649,1015,61649,1099,61649,992,61649,620,61649,594,61649,623,61649,605,61649,593
1514,9,8,16,64429,71076,6,64429,6,64429,49,64429,1944,64429,1901,64429,1647,64429,1609,64429,1640,64429,988,64429,997,64429,973,64429,989,64429,991,64429,619,64429,603,64429,631,64429,600,64429,585
1515,9,8,16,45388,49522,6,45388,6,45388,47,45388,1778,45388,1980,45388,1828,45388,1609,45388,1707,45388,1000,45388,993,45388,1003,45388,981,45388,992,45388,600,45388,591,45388,771,45388,593,45388,590
1516,9,8,32,4198617695,4737546053,6,4198617695,6,4198617695,47,4198617695,1655,4198617695,1805,4198617695,1766,4198617695,1702,4198617695,1638,4198617695,1004,4198617695,984,4198617695,1019,4198617695,982,4198617695,995,4198617695,616,4198617695,597,4198617695,597,4198617695,668,4198617695,609
1517,9,8,32,3380043996,3467386441,6,3380043996,6,3380043996,12,3380043996,1678,3380043996,1727,3380043996,1759,3380043996,1679,3380043996,1684,3380043996,982,3380043996,985,3380043996,986,3380043996,1003,3380043996,976,3380043996,605,3380043996,614,3380043996,595,3380043996,715,3380043996,630
1518,9,8,32,3174128676,3174128676,6,3174128676,6,3181290999,52,3174128676,1651,3174128676,1717,3174128676,1593,3174128676,1678,3174128676,1610,3174128676,965,3174128676,991,3174128676,1005,3174128676,996,3174128676,976,3174128676,603,3174128676,601,3174128676,631,3174128676,588,3174128676,604
1519,9,8,32,3971815023,3971815023,6,3971815023,6,3971815023,48,3971815023,1710,3971815023,1651,3971815023,1616,3971815023,1631,3971815023,1589,3971815023,1001,3971815023,981,3971815023,1006,3971815023,990,3971815023,991,3971815023,610,3971815023,599,3971815023,692,3971815023,616,3971815023,595
1520,9,8,32,2686779087,2686779087,6,2686779087,6,2686779087,49,2686779087,1709,2686779087,1743,2686779087,1627,2686779087,1619,2686779087,1717,2686779087,989,2686779087,991,2686779087,974,2686779087,992,2686779087,978,2686779087,633,2686779087,591,2686779087,598,2686779087,599,2686779087,625
1521,10,8,4,15,15,12,15,11,15,15,15,1824,15,1741,15,1719,15,1661,15,1790,15,1126,15,1104,15,986,15,985,15,981,15,607,15,614,15,595,15,594,15,614
1522,10,8,4,12,15,7,12,6,12,30,12,1798,12,1760,12,1705,12,1677,12,1803,12,975,12,1052,12,960,12,953,12,974,12,623,12,606,12,602,12,597,12,609
1523,10,8,4,13,13,6,13,6,13,10,13,1832,13,1712,13,1748,13,1707,13,1716,13,1009,13,1057,13,1027,13,1023,13,984,13,603,13,598,13,651,13,605,13,600
1524,10,8,4,13,13,6,13,6,13,30,13,1835,13,1931,13,1701,13,1829,13,1777,13,956,13,1022,13,1026,13,956,13,1080,13,664,13,597,13,602,13,601,13,593
1525,10,8,4,14,17,6,14,6,14,29,14,1873,14,1691,14,1723,14,1699,14,1728,14,939,14,1051,14,945,14,988,14,982,14,600,14,612,14,600,14,595,14,602
1526,10,8,8,240,277,6,240,6,240,52,240,1749,240,1869,240,1776,240,1690,240,1763,240,998,240,999,240,955,240,965,240,1007,240,608,240,609,240,615,240,602,240,646
1527,10,8,8,244,244,7,244,7,244,53,244,1809,244,2046,244,1911,244,1752,244,1697,244,963,244,988,244,1002,244,1008,244,983,244,610,244,607,244,640,244,598,244,609
1528,10,8,8,153,153,7,153,6,153,56,153,1754,153,1874,153,1842,153,1722,153,1718,153,964,153,947,153,1089,153,974,153,948,153,636,153,607,153,614,153,609,153,604
1529,10,8,8,255,255,6,255,6,255,53,255,1769,255,1720,255,1879,255,1837,255,1721,255,969,255,969,255,995,255,946,255,942,255,620,255,608,255,599,255,608,255,607
1530,10,8,8,204,204,7,204,6,204,39,204,1843,204,1809,204,1753,204,1906,204,1890,204,964,204,959,204,984,204,951,204,969,204,611,204,606,204,597,204,638,204,596
1531,10,8,16,64714,64714,6,64714,6,64740,52,64714,1738,64714,1798,64714,1721,64714,1878,64714,1701,64714,966,64714,999,64714,994,64714,997,64714,960,64714,700,64714,621,64714,604,64714,596,64714,618
1532,10,8,16,63497,63497,6,63497,6,63638,54,63497,1758,63497,1697,63497,1748,63497,1691,63497,1820,63497,990,63497,1088,63497,949,63497,958,63497,941,63497,647,63497,639,63497,696,63497,612,63497,618
1533,10,8,16,58153,64037,6,58153,7,58153,54,58153,1759,58153,1717,58153,1729,58153,1743,58153,1730,58153,999,58153,986,58153,1020,58153,965,58153,961,58153,687,58153,639,58153,677,58153,764,58153,739
1534,10,8,16,65070,77586,7,65070,7,65070,56,65070,1704,65070,1750,65070,1740,65070,1689,65070,1708,65070,973,65070,952,65070,1010,65070,1018,65070,955,65070,627,65070,614,65070,743,65070,628,65070,700
1535,10,8,16,61383,61383,7,61383,11,61505,56,61383,1790,61383,1752,61383,1740,61383,1696,61383,1730,61383,1081,61383,995,61383,1036,61383,988,61383,989,61383,615,61383,619,61383,620,61383,614,61383,767
1536,10,8,32,4179150295,4179150295,7,4179150295,7,4181770890,53,4179150295,1729,4179150295,1690,4179150295,1760,4179150295,1704,4179150295,1721,4179150295,1081,4179150295,1059,4179150295,997,4179150295,974,4179150295,977,4179150295,626,4179150295,592,4179150295,628,4179150295,597,4179150295,598
1537,10,8,32,4059479497,4059479497,6,4059479497,6,4059479497,53,4059479497,1731,4059479497,1736,4059479497,1730,4059479497,1697,4059479497,1752,4059479497,1108,4059479497,974,4059479497,973,4059479497,1039,4059479497,949,4059479497,631,4059479497,622,4059479497,611,4059479497,607,4059479497,640
1538,10,8,32,4130826415,4130826415,11,4130826415,9,4130826415,65,4130826415,1784,4130826415,1831,4130826415,1726,4130826415,1691,4130826415,1752,4130826415,1086,4130826415,1023,4130826415,967,4130826415,982,4130826415,955,4130826415,632,4130826415,596,4130826415,620,4130826415,602,4130826415,613
1539,10,8,32,3779608204,3900759210,6,3779608204,6,3779608204,53,3779608204,1830,3779608204,1738,3779608204,1714,3779608204,1806,3779608204,1759,3779608204,994,3779608204,1068,3779608204,1005,3779608204,1132,3779608204,974,3779608204,644,3779608204,623,3779608204,603,3779608204,612,3779608204,599
1540,10,8,32,4252960009,4252960009,6,4252960009,6,4252960009,51,4252960009,1836,4252960009,1760,4252960009,1799,4252960009,1756,4252960009,1779,4252960009,999,4252960009,1238,4252960009,1165,4252960009,1075,4252960009,1078,4252960009,614,4252960009,618,4252960009,612,4252960009,608,4252960009,607
1541,11,8,4,15,22,7,15,7,15,39,15,1899,15,1897,15,1819,15,1904,15,1806,15,916,15,938,15,923,15,927,15,924,15,622,15,613,15,625,15,618,15,606
1542,11,8,4,18,22,6,18,7,18,57,18,1975,18,2025,18,1911,18,1878,18,1816,18,860,18,878,18,863,18,861,18,824,18,716,18,712,18,712,18,698,18,675
1543,11,8,4,15,15,6,15,7,15,32,15,1892,15,1931,15,2004,15,1827,15,1773,15,956,15,932,15,940,15,930,15,918,15,613,15,613,15,637,15,606,15,628
1544,11,8,4,12,17,7,12,7,12,41,12,1882,12,1961,12,1856,12,1944,12,1768,12,964,12,919,12,918,12,922,12,941,12,626,12,621,12,627,12,621,12,624
1545,11,8,4,15,15,7,15,7,15,31,15,1873,15,1783,15,1932,15,1943,15,1790,15,928,15,929,15,939,15,921,15,934,15,636,15,625,15,610,15,619,15,602
1546,11,8,8,245,245,7,245,7,245,63,245,1897,245,1863,245,1974,245,1789,245,1898,245,973,245,1084,245,1054,245,970,245,963,245,622,245,625,245,605,245,608,245,634
1547,11,8,8,236,288,7,236,7,236,57,236,1894,236,1873,236,1815,236,1890,236,1958,236,976,236,994,236,954,236,971,236,933,236,640,236,626,236,624,236,630,236,620
1548,11,8,8,236,306,6,236,7,236,58,236,1916,236,1870,236,1861,236,1896,236,1963,236,1075,236,1071,236,962,236,954,236,944,236,641,236,625,236,638,236,622,236,629
1549,11,8,8,242,262,6,242,7,242,59,242,1814,242,1828,242,1798,242,1811,242,2366,242,969,242,918,242,905,242,917,242,969,242,864,242,654,242,659,242,633,242,687
1550,11,8,8,240,240,7,240,7,240,57,240,1913,240,1845,240,1892,240,2329,240,1860,240,976,240,963,240,1029,240,974,240,957,240,843,240,626,240,671,240,615,240,625
1551,11,8,16,55722,78512,7,55722,7,55722,57,55722,1857,55722,1878,55722,1788,55722,1873,55722,2421,55722,935,55722,957,55722,934,55722,926,55722,950,55722,853,55722,708,55722,630,55722,610,55722,633
1552,11,8,16,60212,60212,7,60212,7,60212,58,60212,1853,60212,1837,60212,1839,60212,1800,60212,2075,60212,990,60212,1153,60212,931,60212,925,60212,930,60212,719,60212,714,60212,647,60212,614,60212,608
1553,11,8,16,47773,47773,7,47773,7,47887,58,47773,1825,47773,1897,47773,1808,47773,1772,47773,2104,47773,991,47773,999,47773,953,47773,962,47773,986,47773,780,47773,610,47773,621,47773,603,47773,648
1554,11,8,16,66694,70523,8,66694,7,66694,60,66694,1785,66694,1916,66694,1812,66694,1825,66694,1943,66694,822,66694,823,66694,829,66694,825,66694,838,66694,802,66694,775,66694,735,66694,740,66694,779
1555,11,8,16,72198,76015,8,72198,7,72198,60,72198,1843,72198,1805,72198,1793,72198,1832,72198,1807,72198,827,72198,860,72198,833,72198,824,72198,836,72198,702,72198,714,72198,827,72198,697,72198,739
1556,11,8,32,3879159402,4202142305,8,3879159402,7,3879159402,58,3879159402,1912,3879159402,1858,3879159402,1912,3879159402,1929,3879159402,1877,3879159402,1039,3879159402,976,3879159402,953,3879159402,990,3879159402,962,3879159402,633,3879159402,611,3879159402,698,3879159402,694,3879159402,614
1557,11,8,32,4198892297,4899156540,10,4198892297,11,4212104602,61,4198892297,1833,4198892297,1825,4198892297,1848,4198892297,1983,4198892297,1958,4198892297,1028,4198892297,966,4198892297,987,4198892297,983,4198892297,952,4198892297,659,4198892297,611,4198892297,610,4198892297,714,4198892297,631
1558,11,8,32,3165571622,3165571622,7,3165571622,7,3165571622,56,3165571622,1841,3165571622,1844,3165571622,1855,3165571622,2024,3165571622,1819,3165571622,995,3165571622,1069,3165571622,961,3165571622,998,3165571622,987,3165571622,607,3165571622,614,3165571622,606,3165571622,635,3165571622,715
1559,11,8,32,4218635070,4218635070,7,4218635070,7,4220397974,57,4218635070,1898,4218635070,1815,4218635070,1792,4218635070,2071,4218635070,1975,4218635070,1008,4218635070,1002,4218635070,1098,4218635070,987,4218635070,989,4218635070,636,4218635070,631,4218635070,632,4218635070,622,4218635070,638
1560,11,8,32,3889961144,4425098818,9,3889961144,9,3889961144,67,3889961144,1976,3889961144,1890,3889961144,1845,3889961144,1820,3889961144,1823,3889961144,1017,3889961144,916,3889961144,1016,3889961144,930,3889961144,975,3889961144,621,3889961144,632,3889961144,615,3889961144,619,3889961144,629
1561,12,8,4,15,20,7,15,8,15,41,15,2033,15,1901,15,2138,15,1961,15,2189,15,1003,15,959,15,965,15,1015,15,909,15,641,15,630,15,626,15,622,15,621
1562,12,8,4,15,20,7,15,7,15,62,15,1937,15,1927,15,2033,15,2058,15,1848,15,842,15,861,15,967,15,841,15,881,15,728,15,689,15,725,15,732,15,694
1563,12,8,4,18,23,7,18,7,18,67,18,1896,18,1969,18,1867,18,1903,18,1848,18,841,18,991,18,842,18,899,18,919,18,700,18,694,18,682,18,697,18,679
1564,12,8,4,16,20,7,16,8,16,61,16,2003,16,1859,16,1900,16,1888,16,1925,16,863,16,892,16,979,16,861,16,837,16,672,16,675,16,689,16,671,16,696
1565,12,8,4,15,15,7,15,7,15,34,15,2031,15,1952,15,1896,15,1903,15,1847,15,1005,15,954,15,1059,15,1030,15,1009,15,647,15,630,15,620,15,639,15,615
1566,12,8,8,281,339,7,281,7,281,62,281,1952,281,1982,281,1996,281,1891,281,1934,281,839,281,853,281,849,281,984,281,835,281,729,281,756,281,723,281,705,281,711
1567,12,8,8,300,346,8,300,8,300,62,300,2048,300,2074,300,1867,300,1874,300,1965,300,858,300,869,300,846,300,864,300,1029,300,724,300,689,300,705,300,690,300,667
1568,12,8,8,246,265,7,246,7,246,61,246,2305,246,1932,246,1943,246,1932,246,1880,246,959,246,963,246,963,246,970,246,1086,246,635,246,632,246,651,246,620,246,633
1569,12,8,8,245,245,8,245,7,245,52,245,2202,245,1942,245,1876,245,1933,245,1935,245,939,245,936,245,939,245,942,245,1406,245,641,245,622,245,636,245,612,245,623
1570,12,8,8,240,341,7,240,8,240,63,240,2051,240,1907,240,2023,240,1839,240,1938,240,896,240,910,240,893,240,877,240,1082,240,694,240,659,240,674,240,692,240,707
1571,12,8,16,64072,64072,7,64072,7,64072,62,64072,1965,64072,2035,64072,1856,64072,1903,64072,2018,64072,976,64072,963,64072,963,64072,1037,64072,1102,64072,640,64072,630,64072,617,64072,624,64072,632
1572,12,8,16,64522,78131,8,64522,7,64522,61,64522,2051,64522,2157,64522,1891,64522,1867,64522,1886,64522,941,64522,940,64522,1107,64522,1070,64522,1192,64522,639,64522,634,64522,641,64522,632,64522,632
1573,12,8,16,65195,65195,7,65195,7,65195,67,65195,2025,65195,2109,65195,1996,65195,1858,65195,1853,65195,934,65195,936,65195,935,65195,942,65195,1066,65195,640,65195,638,65195,630,65195,619,65195,649
1574,12,8,16,67699,92843,7,67699,7,67699,61,67699,1990,67699,1990,67699,1996,67699,1866,67699,1959,67699,861,67699,860,67699,862,67699,882,67699,858,67699,679,67699,689,67699,674,67699,714,67699,685
1575,12,8,16,63591,63591,7,63591,7,63591,59,63591,1995,63591,2101,63591,1940,63591,1882,63591,2025,63591,909,63591,928,63591,911,63591,910,63591,918,63591,630,63591,626,63591,617,63591,772,63591,812
1576,12,8,32,4074602296,4647399857,11,4074602296,10,4074602296,70,4074602296,2049,4074602296,2033,4074602296,1976,4074602296,1953,4074602296,1913,4074602296,1153,4074602296,931,4074602296,933,4074602296,937,4074602296,909,4074602296,630,4074602296,754,4074602296,641,4074602296,634,4074602296,622
1577,12,8,32,3384646461,3384646461,7,3384646461,8,3384646461,61,3384646461,1887,3384646461,2061,3384646461,1880,3384646461,1881,3384646461,2122,3384646461,929,3384646461,921,3384646461,926,3384646461,938,3384646461,927,3384646461,677,3384646461,624,3384646461,613,3384646461,611,3384646461,616
1578,12,8,32,3594893725,3594893725,7,3594893725,7,3594921307,57,3594893725,2031,3594893725,1994,3594893725,1892,3594893725,1870,3594893725,1984,3594893725,900,3594893725,911,3594893725,916,3594893725,907,3594893725,902,3594893725,630,3594893725,615,3594893725,608,3594893725,609,3594893725,648
1579,12,8,32,3954368142,4649021899,14,3954368142,8,3954368142,64,3954368142,1933,3954368142,2525,3954368142,2303,3954368142,1935,3954368142,1996,3954368142,910,3954368142,880,3954368142,908,3954368142,936,3954368142,903,3954368142,707,3954368142,638,3954368142,686,3954368142,648,3954368142,643
1580,12,8,32,4268180018,5554628028,7,4268180018,7,4268180018,61,4268180018,1918,4268180018,2470,4268180018,2169,4268180018,2439,4268180018,1972,4268180018,910,4268180018,903,4268180018,905,4268180018,891,4268180018,901,4268180018,631,4268180018,631,4268180018,623,4268180018,624,4268180018,619
1581,13,8,4,14,16,8,14,8,14,36,14,1967,14,2140,14,1986,14,1942,14,1966,14,896,14,884,14,898,14,906,14,893,14,638,14,643,14,655,14,622,14,621
1582,13,8,4,16,17,7,16,8,16,67,16,2054,16,2562,16,2002,16,2014,16,1955,16,875,16,856,16,875,16,871,16,895,16,721,16,726,16,701,16,680,16,702
1583,13,8,4,15,19,8,15,8,15,43,15,1987,15,2130,15,2148,15,1992,15,2106,15,896,15,919,15,892,15,907,15,914,15,641,15,624,15,630,15,643,15,632
1584,13,8,4,14,14,7,14,7,14,35,14,2050,14,2220,14,1991,14,2012,14,2023,14,916,14,903,14,896,14,962,14,901,14,654,14,650,14,628,14,622,14,632
1585,13,8,4,15,24,7,15,8,15,45,15,366,15,359,15,354,15,352,15,352,15,895,15,862,15,878,15,864,15,863,15,658,15,729,15,726,15,690,15,791
1586,13,8,8,229,290,9,229,9,229,69,229,1980,229,2190,229,1933,229,2044,229,1998,229,845,229,827,229,826,229,846,229,840,229,760,229,823,229,855,229,925,229,746
1587,13,8,8,243,254,8,243,8,243,67,243,2077,243,1993,243,2011,243,1972,243,2273,243,970,243,946,243,943,243,927,243,960,243,685,243,696,243,683,243,731,243,626
1588,13,8,8,270,365,8,270,9,270,69,270,2005,270,2074,270,1982,270,2073,270,1933,270,861,270,867,270,917,270,853,270,863,270,792,270,697,270,715,270,744,270,695
1589,13,8,8,250,282,8,250,8,250,67,250,1990,250,2048,250,2036,250,2013,250,2031,250,933,250,977,250,939,250,963,250,918,250,695,250,660,250,634,250,667,250,745
1590,13,8,8,318,389,8,318,8,318,68,318,1961,318,1960,318,2238,318,2040,318,2004,318,886,318,904,318,873,318,882,318,885,318,673,318,682,318,775,318,672,318,671
1591,13,8,16,65114,88219,8,65114,8,65346,77,65114,2009,65114,2009,65114,2014,65114,1949,65114,2128,65114,872,65114,874,65114,881,65114,879,65114,870,65114,724,65114,654,65114,755,65114,641,65114,645
1592,13,8,16,65401,91694,8,65401,8,65401,69,65401,1987,65401,1946,65401,1999,65401,2012,65401,2018,65401,873,65401,882,65401,867,65401,873,65401,879,65401,662,65401,648,65401,697,65401,769,65401,636
1593,13,8,16,78532,95975,7,79248,8,78838,68,78568,3387,78532,3799,78532,2963,78532,4427,78532,5484,79248,854,79248,878,79248,863,79248,892,79248,868,79248,762,79248,836,79248,676,79248,709,79248,665
1594,13,8,16,61200,75716,7,61200,8,61499,66,61200,1964,61200,2102,61200,1951,61200,2098,61200,2014,61200,926,61200,944,61200,931,61200,944,61200,941,61200,644,61200,657,61200,641,61200,627,61200,632
1595,13,8,16,61667,86040,7,61667,8,61667,66,61667,2034,61667,2090,61667,1995,61667,2226,61667,2375,61667,873,61667,832,61667,830,61667,851,61667,832,61667,752,61667,729,61667,752,61667,726,61667,722
1596,13,8,32,3567924316,4177718025,7,3567924316,8,3567924316,67,3567924316,2191,3567924316,2052,3567924316,2254,3567924316,2078,3567924316,1978,3567924316,893,3567924316,910,3567924316,915,3567924316,903,3567924316,900,3567924316,635,3567924316,625,3567924316,639,3567924316,634,3567924316,655
1597,13,8,32,4510172912,5673613294,8,4510172912,8,4510172912,66,4510172912,1975,4510172912,2104,4510172912,2046,4510172912,1961,4510172912,1916,4510172912,873,4510172912,840,4510172912,849,4510172912,860,4510172912,855,4510172912,696,4510172912,710,4510172912,688,4510172912,691,4510172912,688
1598,13,8,32,4269476000,5088349440,7,4269476000,8,4275393995,78,4269476000,2119,4269476000,2256,4269476000,2020,4269476000,1961,4269476000,2042,4269476000,930,4269476000,940,4269476000,929,4269476000,896,4269476000,927,4269476000,653,4269476000,631,4269476000,629,4269476000,665,4269476000,632
1599,13,8,32,4248582925,4517107900,7,4248582925,8,4248582925,62,4248582925,2334,4248582925,2060,4248582925,2017,4248582925,1959,4248582925,2080,4248582925,916,4248582925,937,4248582925,922,4248582925,950,4248582925,926,4248582925,667,4248582925,631,4248582925,637,4248582925,628,4248582925,621
1600,13,8,32,3209234930,3365967392,7,3209234930,8,3215606321,67,3209234930,2060,3209234930,2130,3209234930,2009,3209234930,1948,3209234930,2012,3209234930,901,3209234930,851,3209234930,872,3209234930,852,3209234930,854,3209234930,695,3209234930,689,3209234930,694,3209234930,714,3209234930,671
1601,14,8,4,14,15,8,14,8,14,46,14,2133,14,2290,14,2076,14,2132,14,2059,14,881,14,871,14,892,14,910,14,946,14,639,14,641,14,637,14,647,14,636
1602,14,8,4,15,20,8,15,8,15,69,15,2068,15,2158,15,2050,15,2093,15,2030,15,868,15,872,15,844,15,860,15,853,15,704,15,712,15,688,15,710,15,704
1603,14,8,4,17,23,8,17,8,17,69,17,2137,17,2182,17,2052,17,2021,17,2031,17,881,17,885,17,886,17,869,17,885,17,690,17,682,17,697,17,683,17,682
1604,14,8,4,18,22,8,18,9,18,68,18,2106,18,2038,18,2025,18,2003,18,2068,18,922,18,873,18,872,18,884,18,859,18,679,18,675,18,663,18,676,18,763
1605,14,8,4,12,17,10,12,9,12,48,12,392,12,404,12,860,12,371,12,414,12,909,12,917,12,861,12,864,12,908,12,692,12,881,12,682,12,664,12,628
1606,14,8,8,237,299,8,237,8,237,71,237,2502,237,2159,237,2074,237,2069,237,2215,237,857,237,900,237,881,237,856,237,846,237,647,237,623,237,630,237,636,237,688
1607,14,8,8,299,322,8,299,8,299,71,299,2044,299,2055,299,2015,299,2039,299,2118,299,854,299,862,299,849,299,838,299,896,299,689,299,706,299,699,299,676,299,693
1608,14,8,8,299,337,8,299,9,300,69,299,2033,299,2028,299,2166,299,2131,299,2156,299,878,299,876,299,896,299,961,299,864,299,721,299,701,299,691,299,733,299,682
1609,14,8,8,255,321,8,255,8,255,72,255,2083,255,2061,255,2006,255,2097,255,2071,255,854,255,844,255,851,255,890,255,847,255,799,255,730,255,730,255,712,255,721
1610,14,8,8,247,303,8,247,8,247,71,247,2110,247,2084,247,2093,247,2087,247,2577,247,906,247,841,247,853,247,843,247,847,247,670,247,678,247,653,247,625,247,674
1611,14,8,16,70292,98942,10,70292,9,70292,74,70292,2273,70292,2135,70292,2135,70292,2596,70292,2319,70292,876,70292,998,70292,1008,70292,879,70292,875,70292,718,70292,770,70292,751,70292,697,70292,682
1612,14,8,16,59772,87542,8,59772,8,59772,72,59772,2035,59772,2052,59772,2070,59772,2205,59772,2131,59772,864,59772,849,59772,855,59772,863,59772,857,59772,724,59772,728,59772,710,59772,700,59772,745
1613,14,8,16,61627,76425,8,61627,8,62009,71,61627,2037,61627,2019,61627,2010,61627,2197,61627,2050,61627,857,61627,860,61627,906,61627,876,61627,887,61627,702,61627,647,61627,667,61627,666,61627,662
1614,14,8,16,74214,101282,8,74214,8,74498,70,74214,2142,74214,2037,74214,2002,74214,2255,74214,2198,74214,888,74214,859,74214,867,74214,862,74214,858,74214,682,74214,685,74214,663,74214,716,74214,671
1615,14,8,16,58341,81867,8,58848,8,58443,70,58341,3143,58341,3197,58341,3517,58341,2541,58341,2518,58341,1045,58341,1331,58341,1194,58341,983,58341,1069,58341,713,58341,657,58341,671,58341,693,58341,681
1616,14,8,32,3738602939,3965028089,8,3738602939,8,3738602939,68,3738602939,2238,3738602939,2059,3738602939,2042,3738602939,2118,3738602939,2037,3738602939,917,3738602939,901,3738602939,914,3738602939,920,3738602939,930,3738602939,636,3738602939,640,3738602939,636,3738602939,624,3738602939,629
1617,14,8,32,4650705088,5195871365,8,4650705088,8,4654336809,69,4650705088,2245,4650705088,2076,4650705088,2065,4650705088,2091,4650705088,2089,4650705088,887,4650705088,841,4650705088,1039,4650705088,857,4650705088,897,4650705088,734,4650705088,715,4650705088,716,4650705088,723,4650705088,706
1618,14,8,32,4294302056,4391447210,8,4294302056,8,4296135298,69,4294302056,2223,4294302056,2064,4294302056,2140,4294302056,2025,4294302056,2083,4294302056,1106,4294302056,1056,4294302056,953,4294302056,972,4294302056,954,4294302056,649,4294302056,635,4294302056,716,4294302056,674,4294302056,644
1619,14,8,32,4583025400,6494795954,8,5044205635,9,4583025400,71,4761404657,4577,4659505356,3597,4583025400,7296,4780718699,4888,4583025400,6827,5044205635,875,5044205635,892,5044205635,867,5044205635,881,5044205635,856,5044205635,697,5044205635,695,5044205635,717,5044205635,735,5044205635,687
1620,14,8,32,4259147611,4648253666,13,4259147611,12,4271027783,87,4259147611,2312,4259147611,2181,4259147611,2055,4259147611,2068,4259147611,2125,4259147611,1076,4259147611,896,4259147611,914,4259147611,1069,4259147611,958,4259147611,635,4259147611,633,4259147611,650,4259147611,631,4259147611,653
1621,15,8,4,21,27,8,21,9,21,74,21,2201,21,2130,21,2141,21,2379,21,2299,21,904,21,883,21,891,21,895,21,884,21,664,21,632,21,643,21,637,21,642
1622,15,8,4,13,15,8,13,9,13,48,13,2211,13,2129,13,2361,13,2456,13,2154,13,910,13,915,13,889,13,934,13,1037,13,660,13,661,13,634,13,658,13,642
1623,15,8,4,21,25,9,21,9,21,74,21,2188,21,2272,21,2200,21,2235,21,2136,21,865,21,897,21,1311,21,880,21,1076,21,685,21,665,21,662,21,650,21,652
1624,15,8,4,19,25,8,19,9,19,73,19,2235,19,2422,19,2280,19,2170,19,2108,19,881,19,910,19,1017,19,922,19,892,19,687,19,669,19,685,19,649,19,1090
1625,15,8,4,19,22,9,19,9,19,73,19,2495,19,2151,19,2175,19,2139,19,2171,19,913,19,1110,19,878,19,952,19,999,19,709,19,696,19,730,19,691,19,784
1626,15,8,8,335,390,10,335,9,336,79,335,2285,335,2128,335,2139,335,2174,335,2180,335,890,335,900,335,902,335,890,335,888,335,666,335,671,335,654,335,788,335,649
1627,15,8,8,219,269,8,219,9,220,76,219,2232,219,2137,219,2153,219,2249,219,2184,219,916,219,902,219,903,219,926,219,883,219,675,219,688,219,724,219,659,219,658
1628,15,8,8,244,274,8,244,9,245,75,244,2169,244,2294,244,2135,244,2187,244,2416,244,949,244,949,244,935,244,932,244,953,244,756,244,714,244,659,244,645,244,652
1629,15,8,8,233,283,8,233,9,233,76,233,2297,233,2109,233,2323,233,2277,233,2373,233,898,233,868,233,856,233,858,233,850,233,739,233,665,233,640,233,652,233,633
1630,15,8,8,236,306,8,236,8,236,74,236,2177,236,2120,236,2176,236,2315,236,2294,236,921,236,944,236,907,236,950,236,932,236,653,236,654,236,659,236,635,236,660
1631,15,8,16,87697,106536,9,87697,9,87752,77,87697,2143,87697,2136,87697,2150,87697,2299,87697,2319,87697,919,87697,894,87697,933,87697,906,87697,918,87697,688,87697,695,87697,674,87697,679,87697,660
1632,15,8,16,55785,78151,9,55785,9,55785,75,55785,2156,55785,2351,55785,2164,55785,2809,55785,2197,55785,860,55785,843,55785,847,55785,853,55785,847,55785,751,55785,704,55785,702,55785,692,55785,700
1633,15,8,16,74856,99232,8,74856,9,74856,75,74856,2365,74856,2166,74856,2150,74856,2307,74856,2186,74856,874,74856,857,74856,858,74856,893,74856,1012,74856,733,74856,695,74856,718,74856,720,74856,704
1634,15,8,16,75763,81140,8,76765,9,75763,84,76381,3750,76765,2172,76145,9161,76381,3651,75763,3667,76765,874,76765,876,76765,854,76765,875,76765,883,76765,681,76765,732,76765,710,76765,674,76765,656
1635,15,8,16,64370,80545,8,68237,9,64467,76,64370,6844,64370,3722,64370,4498,64370,6069,64370,5167,68237,873,64370,1168,64370,1332,64370,1427,68237,1071,66351,713,64370,1151,64370,721,64370,712,64370,911
1636,15,8,32,6127168648,7859121515,9,6127168648,9,6127168648,76,6127168648,2166,6127168648,2178,6127168648,2199,6127168648,2108,6127168648,2222,6127168648,1128,6127168648,887,6127168648,881,6127168648,1135,6127168648,1036,6127168648,789,6127168648,780,6127168648,708,6127168648,680,6127168648,683
1637,15,8,32,3693354539,5116518367,9,3693354539,9,3693354539,73,3693354539,2216,3693354539,2246,3693354539,2152,3693354539,2124,3693354539,2247,3693354539,884,3693354539,907,3693354539,859,3693354539,858,3693354539,890,3693354539,648,3693354539,639,3693354539,658,3693354539,646,3693354539,635
1638,15,8,32,4086716768,5713516997,8,4086716768,9,4086716768,71,4086716768,2146,4086716768,2155,4086716768,2136,4086716768,2249,4086716768,2339,4086716768,898,4086716768,896,4086716768,898,4086716768,888,4086716768,881,4086716768,658,4086716768,629,4086716768,632,4086716768,634,4086716768,675
1639,15,8,32,4245122706,5729128136,8,4245122706,9,4245122706,73,4245122706,2154,4245122706,2258,4245122706,2217,4245122706,2396,4245122706,2261,4245122706,915,4245122706,934,4245122706,897,4245122706,910,4245122706,909,4245122706,652,4245122706,652,4245122706,630,4245122706,643,4245122706,651
1640,15,8,32,3974444042,3974444042,8,3974444042,9,3974444042,71,3974444042,2229,3974444042,2152,3974444042,2162,3974444042,2620,3974444042,2175,3974444042,923,3974444042,901,3974444042,878,3974444042,901,3974444042,925,3974444042,660,3974444042,650,3974444042,635,3974444042,628,3974444042,643
1641,16,8,4,19,22,9,19,10,19,77,19,2209,19,2149,19,2541,19,2501,19,2203,19,901,19,924,19,915,19,902,19,909,19,677,19,663,19,659,19,656,19,656
1642,16,8,4,21,27,9,21,9,21,77,21,2261,21,2538,21,3069,21,2338,21,2242,21,895,21,898,21,895,21,874,21,879,21,661,21,669,21,676,21,663,21,647
1643,16,8,4,20,24,9,20,13,20,77,20,2294,20,2380,20,2604,20,2234,20,2282,20,884,20,908,20,882,20,1017,20,872,20,727,20,705,20,682,20,662,20,708
1644,16,8,4,20,26,9,20,10,20,78,20,2914,20,2978,20,2324,20,2293,20,2287,20,946,20,901,20,875,20,869,20,896,20,778,20,666,20,693,20,717,20,695
1645,16,8,4,17,22,9,17,9,17,79,17,448,17,753,17,412,17,437,17,430,17,901,17,891,17,880,17,1338,17,920,17,676,17,699,17,671,17,665,17,644
1646,16,8,8,250,323,9,250,9,250,78,250,2283,250,2295,250,2210,250,2344,250,2390,250,868,250,926,250,992,250,1001,250,928,250,683,250,703,250,670,250,684,250,661
1647,16,8,8,286,375,9,286,10,286,78,286,2225,286,2193,286,2253,286,2243,286,2245,286,1062,286,936,286,1000,286,974,286,870,286,724,286,770,286,721,286,712,286,781
1648,16,8,8,242,259,12,242,12,242,109,242,2203,242,2207,242,2377,242,2274,242,2249,242,895,242,868,242,873,242,847,242,856,242,694,242,668,242,694,242,676,242,664
1649,16,8,8,253,364,9,253,9,253,77,253,2377,253,2360,253,2275,253,2234,253,2256,253,862,253,862,253,864,253,863,253,855,253,710,253,703,253,685,253,711,253,696
1650,16,8,8,241,383,9,241,10,241,79,241,2354,241,2384,241,2320,241,2228,241,2260,241,884,241,863,241,863,241,873,241,854,241,762,241,764,241,746,241,785,241,744
1651,16,8,16,63050,100352,9,67646,9,63393,78,63050,6930,65417,3310,65417,5971,65417,5411,65994,3772,63050,1326,64830,1418,63050,1454,63050,1291,65417,1095,63050,731,63725,725,65417,707,63050,750,63050,711
1652,16,8,16,77515,92962,9,77515,10,77515,77,77515,2354,77515,2254,77515,2208,77515,2225,77515,2219,77515,871,77515,902,77515,859,77515,888,77515,888,77515,705,77515,686,77515,677,77515,682,77515,682
1653,16,8,16,78304,104704,9,78304,10,78510,85,78304,2365,78304,2379,78304,2236,78304,2274,78304,2160,78304,870,78304,870,78304,865,78304,859,78304,905,78304,709,78304,690,78304,691,78304,689,78304,688
1654,16,8,16,84903,103596,9,84903,10,84903,75,84903,2264,84903,2232,84903,2661,84903,2268,84903,2214,84903,883,84903,881,84903,877,84903,1034,84903,946,84903,754,84903,684,84903,686,84903,690,84903,672
1655,16,8,16,75966,91271,9,75966,9,75966,78,75966,2271,75966,2238,75966,2190,75966,2228,75966,2246,75966,1149,75966,884,75966,884,75966,980,75966,913,75966,715,75966,681,75966,660,75966,681,75966,655
1656,16,8,32,5422963111,6445561128,8,5422963111,10,5422963111,81,5422963111,2288,5422963111,2232,5422963111,2200,5422963111,2272,5422963111,2359,5422963111,895,5422963111,1017,5422963111,885,5422963111,921,5422963111,879,5422963111,697,5422963111,697,5422963111,690,5422963111,693,5422963111,684
1657,16,8,32,4079251357,4902051369,9,4079251357,10,4103518399,78,4079251357,2396,4079251357,2358,4079251357,2331,4079251357,2799,4079251357,2257,4079251357,1036,4079251357,931,4079251357,910,4079251357,909,4079251357,913,4079251357,725,4079251357,659,4079251357,762,4079251357,641,4079251357,643
1658,16,8,32,5885351291,6766045174,9,5885351291,9,5885351291,80,5885351291,2422,5885351291,2299,5885351291,2608,5885351291,2259,5885351291,2229,5885351291,907,5885351291,913,5885351291,894,5885351291,888,5885351291,902,5885351291,817,5885351291,665,5885351291,668,5885351291,674,5885351291,662
1659,16,8,32,4722904676,5324672870,9,4722904676,10,4722904676,79,4722904676,2290,4722904676,2419,4722904676,2285,4722904676,2668,4722904676,2714,4722904676,873,4722904676,880,4722904676,863,4722904676,854,4722904676,862,4722904676,735,4722904676,731,4722904676,727,4722904676,702,4722904676,732
1660,16,8,32,4080492913,4868278481,12,4080492913,11,4080492913,83,4080492913,2314,4080492913,2345,4080492913,2676,4080492913,2451,4080492913,2210,4080492913,902,4080492913,859,4080492913,864,4080492913,1018,4080492913,908,4080492913,698,4080492913,691,4080492913,686,4080492913,681,4080492913,674
1661,17,8,4,24,26,9,24,10,24,168,24,2327,24,2810,24,2697,24,2348,24,2336,24,919,24,969,24,927,24,926,24,924,24,730,24,639,24,662,24,672,24,692
1662,17,8,4,18,23,10,18,10,18,81,18,2739,18,2719,18,2528,18,2319,18,2397,18,898,18,875,18,897,18,895,18,889,18,709,18,691,18,681,18,672,18,684
1663,17,8,4,15,24,9,16,10,15,53,16,2603,16,2748,16,2315,16,2343,16,2393,16,888,15,1180,16,881,16,881,16,1294,15,206,15,233,16,707,15,96,15,196
1664,17,8,4,19,22,9,20,10,19,81,19,1294,19,2046,19,1612,20,2288,19,2330,19,895,19,1248,19,1681,19,1144,19,1506,19,741,19,711,19,706,19,671,19,692
1665,17,8,4,19,19,9,19,10,19,81,19,2344,19,2456,19,2263,19,2306,19,2286,19,891,19,892,19,887,19,895,19,914,19,708,19,668,19,692,19,685,19,734
1666,17,8,8,237,356,9,238,10,237,82,238,2386,238,2319,237,4891,238,2451,237,3506,237,1474,238,967,237,1566,238,840,238,880,237,732,237,709,237,713,237,724,237,707
1667,17,8,8,284,337,10,284,10,284,83,284,2350,284,2389,284,2404,284,2561,284,2465,284,878,284,872,284,884,284,880,284,880,284,710,284,686,284,680,284,700,284,689
1668,17,8,8,298,429,9,302,9,298,81,302,2499,302,2509,298,3333,298,4948,298,2858,298,1239,298,1578,298,1430,298,1500,298,1499,298,739,298,732,298,745,298,794,298,739
1669,17,8,8,391,480,9,391,10,392,83,391,2305,391,2359,391,2420,391,2346,391,2314,391,924,391,930,391,916,391,944,391,933,391,666,391,655,391,669,391,653,391,668
1670,17,8,8,375,424,9,375,10,375,96,375,2330,375,2328,375,2368,375,2287,375,2434,375,912,375,913,375,905,375,915,375,905,375,692,375,694,375,713,375,684,375,789
1671,17,8,16,81276,101505,11,81276,11,81276,83,81276,2401,81276,2514,81276,2442,81276,2267,81276,2392,81276,876,81276,883,81276,900,81276,890,81276,900,81276,777,81276,745,81276,730,81276,762,81276,702
1672,17,8,16,72887,108335,9,72887,10,72887,84,72887,2313,72887,2809,72887,2548,72887,2276,72887,2936,72887,899,72887,856,72887,869,72887,878,72887,855,72887,716,72887,691,72887,705,72887,677,72887,658
1673,17,8,16,75477,93298,9,75477,10,75477,84,75477,3513,75477,3387,75477,3527,75477,3392,75477,3437,75477,890,75477,895,75477,942,75477,1185,75477,1414,75477,1050,75477,1027,75477,1018,75477,1048,75477,1065
1674,17,8,16,60091,72477,14,60091,16,60091,125,60091,3596,60091,3335,60091,3523,60091,3578,60091,3559,60091,1366,60091,1351,60091,1309,60091,1314,60091,1376,60091,929,60091,925,60091,794,60091,663,60091,635
1675,17,8,16,84921,96649,9,84921,10,84921,84,84921,2358,84921,2339,84921,2434,84921,2343,84921,2282,84921,899,84921,900,84921,880,84921,905,84921,902,84921,1054,84921,1064,84921,1012,84921,1005,84921,1012
1676,17,8,32,5453287009,6682010427,13,5453287009,15,5462038323,141,5453287009,3108,5453287009,2389,5453287009,2638,5453287009,2414,5453287009,2693,5453287009,1391,5453287009,1426,5453287009,1420,5453287009,1119,5453287009,869,5453287009,757,5453287009,686,5453287009,690,5453287009,708,5453287009,692
1677,17,8,32,5779301157,6364178578,9,5779301157,10,5783778623,83,5779301157,2475,5779301157,2483,5779301157,2349,5779301157,2382,5779301157,2565,5779301157,906,5779301157,930,5779301157,1373,5779301157,913,5779301157,1179,5779301157,721,5779301157,699,5779301157,692,5779301157,1361,5779301157,712
1678,17,8,32,4230606635,5240300448,15,4230606635,30,4236917665,88,4230606635,3432,4230606635,3511,4230606635,3384,4230606635,3013,4230606635,2627,4230606635,1110,4230606635,1528,4230606635,1448,4230606635,1372,4230606635,1463,4230606635,675,4230606635,660,4230606635,654,4230606635,664,4230606635,655
1679,17,8,32,4606649635,5942092495,9,4606649635,10,4606649635,83,4606649635,2370,4606649635,2974,4606649635,2687,4606649635,2360,4606649635,2291,4606649635,929,4606649635,955,4606649635,886,4606649635,893,4606649635,902,4606649635,734,4606649635,715,4606649635,711,4606649635,718,4606649635,725
1680,17,8,32,4847114258,6813914722,9,4847114258,10,4847114258,83,4847114258,2551,4847114258,2584,4847114258,2356,4847114258,2281,4847114258,2347,4847114258,858,4847114258,862,4847114258,848,4847114258,876,4847114258,862,4847114258,727,4847114258,716,4847114258,737,4847114258,728,4847114258,720
1681,18,8,4,22,30,10,23,10,22,84,22,1959,22,1254,22,2365,22,1385,22,755,22,955,22,915,22,958,22,992,22,896,22,693,22,684,22,720,22,693,22,695
1682,18,8,4,22,30,10,24,10,22,84,22,3238,22,3479,23,2443,23,3491,22,1882,22,1223,22,1091,22,963,22,1126,22,1308,22,686,22,676,22,681,22,677,22,698
1683,18,8,4,18,22,9,19,10,18,98,18,806,18,2417,19,2414,19,2557,19,2441,18,884,18,1185,18,1411,18,990,18,1206,18,787,18,727,18,683,18,1172,18,705
1684,18,8,4,17,22,10,17,11,17,86,17,2529,17,2371,17,2469,17,2441,17,2856,17,904,17,1100,17,944,17,918,17,917,17,686,17,699,17,655,17,880,17,666
1685,18,8,4,20,25,9,20,10,20,85,20,2441,20,2417,20,2429,20,2944,20,2642,20,879,20,888,20,896,20,876,20,877,20,752,20,709,20,708,20,713,20,713
1686,18,8,8,353,422,9,361,10,354,85,353,5730,353,4955,361,2456,353,7416,353,5791,353,1323,353,1748,355,913,353,1480,353,1075,353,706,353,669,353,676,353,700,353,666
1687,18,8,8,288,351,10,288,11,288,87,288,2459,288,2448,288,2616,288,2440,288,2382,288,946,288,877,288,887,288,877,288,880,288,816,288,703,288,732,288,719,288,738
1688,18,8,8,303,354,10,329,11,304,86,305,4138,304,5305,306,5694,312,2473,310,5102,303,1365,303,1306,303,1549,303,1213,303,1441,303,727,305,699,303,774,303,700,306,719
1689,18,8,8,340,410,9,340,11,341,94,340,2452,340,2383,340,2422,340,2371,340,2565,340,921,340,915,340,897,340,905,340,889,340,704,340,709,340,663,340,666,340,692
1690,18,8,8,355,433,10,355,10,355,88,355,2411,355,2457,355,2471,355,2572,355,2406,355,891,355,913,355,917,355,904,355,885,355,732,355,688,355,726,355,688,355,700
1691,18,8,16,87939,106362,10,97362,10,87939,86,88285,6910,90620,5825,90358,7455,90085,8395,90298,5666,87939,1803,87939,1430,90358,1697,90358,1455,90358,1617,87939,877,87939,721,87939,706,87939,769,87939,727
1692,18,8,16,68753,88028,10,72152,11,69041,85,72152,2545,69717,5785,69355,12278,70022,6814,69355,6172,68753,1721,68753,1507,68957,1400,68957,1504,68753,1485,68957,732,68753,690,68753,706,68957,712,68753,682
1693,18,8,16,75780,82240,10,75780,10,76012,85,75780,2471,75780,2453,75780,2478,75780,2412,75780,2353,75780,861,75780,879,75780,877,75780,894,75780,873,75780,728,75780,731,75780,712,75780,715,75780,834
1694,18,8,16,90687,104046,15,90687,15,90687,109,90687,2849,90687,2705,90687,2415,90687,2427,90687,2463,90687,1044,90687,876,90687,1099,90687,886,90687,882,90687,712,90687,695,90687,729,90687,697,90687,698
1695,18,8,16,96169,126675,9,96169,11,96169,97,96169,2597,96169,2500,96169,2406,96169,2423,96169,2433,96169,915,96169,901,96169,891,96169,923,96169,1053,96169,687,96169,683,96169,674,96169,662,96169,707
1696,18,8,32,4102671320,5905260893,10,4102671320,11,4128626645,87,4102671320,2413,4102671320,2404,4102671320,2463,4102671320,2469,4102671320,2472,4102671320,841,4102671320,984,4102671320,844,4102671320,890,4102671320,934,4102671320,734,4102671320,678,4102671320,672,4102671320,681,4102671320,790
1697,18,8,32,4889905230,6773238153,11,5029128736,11,4894283160,86,4959196760,4188,5029128736,2339,4889905230,5537,4950254838,3128,4889905230,5070,4889905230,878,4889905230,1673,4889905230,1448,5029128736,869,4950254838,1096,4889905230,726,4889905230,731,4889905230,711,4889905230,710,4889905230,723
1698,18,8,32,6186894716,6919236299,10,6361652458,11,6202942600,87,6221131102,5885,6318772877,6715,6361652458,2550,6202942600,5110,6202942600,5707,6202942600,1063,6356146601,917,6202942600,1566,6202942600,1459,6202942600,1243,6186894716,784,6186894716,736,6186894716,761,6186894716,746,6221131102,738
1699,18,8,32,4506781367,5897063431,10,4578888194,11,4521998010,88,4578888194,2623,4568061509,4090,4578888194,2453,4578888194,2468,4568061509,2986,4506781367,1988,4578888194,887,4506781367,1575,4578888194,894,4578888194,886,4578888194,739,4578888194,752,4568061509,714,4568061509,739,4578888194,748
1700,18,8,32,4878239774,6090066962,10,4878239774,11,4880912231,95,4878239774,2391,4878239774,2441,4878239774,2390,4878239774,2437,4878239774,2432,4878239774,917,4878239774,889,4878239774,884,4878239774,889,4878239774,921,4878239774,734,4878239774,764,4878239774,741,4878239774,708,4878239774,748
1701,19,8,4,17,20,13,17,12,17,316,17,515,17,466,17,483,17,447,17,463,17,889,17,874,17,872,17,926,17,870,17,740,17,680,17,719,17,723,17,690
1702,19,8,4,17,24,10,18,11,18,85,18,2727,18,2575,18,2485,18,2422,18,2442,17,1183,18,900,18,889,18,1199,18,1167,17,465,17,417,17,297,17,304,18,721
1703,19,8,4,22,28,16,22,18,22,124,22,705,22,524,22,462,22,473,22,479,22,962,22,908,22,892,22,1349,22,930,22,706,22,706,22,693,22,672,22,677
1704,19,8,4,18,25,10,18,11,18,90,18,538,18,482,18,487,18,462,18,459,18,935,18,907,18,879,18,900,18,898,18,736,18,718,18,720,18,720,18,1139
1705,19,8,4,18,22,10,19,11,18,88,18,491,18,467,19,2509,18,784,19,2502,18,1523,18,1186,18,1221,18,1129,18,1239,18,733,19,687,18,711,18,716,18,694
1706,19,8,8,300,390,10,300,11,300,90,300,2829,300,2698,300,2747,300,2520,300,2663,300,1317,300,883,300,1096,300,895,300,898,300,1106,300,829,300,731,300,914,300,735
1707,19,8,8,296,326,10,296,11,296,91,296,2532,296,2559,296,2642,296,3087,296,2749,296,884,296,893,296,879,296,874,296,882,296,748,296,722,296,710,296,739,296,817
1708,19,8,8,343,434,11,343,11,343,91,343,2478,343,2511,343,2659,343,2629,343,2513,343,883,343,893,343,875,343,883,343,883,343,700,343,688,343,711,343,691,343,701
1709,19,8,8,286,388,10,309,11,286,93,286,10781,304,4891,297,4922,294,4227,293,4248,286,1215,307,1132,286,1270,291,1492,296,1627,286,752,286,820,286,793,286,798,286,848
1710,19,8,8,395,486,10,414,11,405,89,403,7295,414,2524,405,4135,403,4461,414,2505,397,1544,395,1877,395,1154,395,2104,395,1863,395,747,395,735,395,759,395,692,395,718
1711,19,8,16,95683,123000,10,104586,11,97959,88,97898,6610,101668,3582,97392,12599,100401,7574,96121,8319,97392,1571,96121,1683,96787,1584,96121,1958,96121,1525,96121,749,96121,799,96121,715,96121,716,96121,724
1712,19,8,16,82725,97491,10,82725,12,82845,89,82725,2588,82725,2712,82725,2672,82725,2541,82725,2570,82725,882,82725,892,82725,882,82725,900,82725,889,82725,702,82725,718,82725,709,82725,710,82725,719
1713,19,8,16,89394,104962,10,89394,11,89752,95,89394,2622,89394,2529,89394,2653,89394,2573,89394,2492,89394,907,89394,905,89394,897,89394,901,89394,910,89394,712,89394,701,89394,699,89394,703,89394,698
1714,19,8,16,86879,100331,10,86879,11,86879,90,86879,2648,86879,2680,86879,2425,86879,2419,86879,2443,86879,957,86879,895,86879,907,86879,893,86879,926,86879,716,86879,718,86879,692,86879,694,86879,695
1715,19,8,16,78700,103550,10,79892,11,78892,89,78802,5871,78792,5433,78802,6703,78802,6421,79418,4695,78700,1451,78700,2239,79605,1369,78700,2003,78700,2331,79605,714,78792,750,78700,731,78700,709,79605,720
1716,19,8,32,5958734817,6489639506,10,6626969882,11,5975558645,90,6085491005,7449,6134722545,7764,6124741995,6422,6004994359,9705,6134722545,6970,5958734817,2089,6047039426,1488,6014006318,1411,5958734817,1930,6134722545,1326,5958734817,720,5958734817,696,5958734817,749,5958734817,714,5958734817,703
1717,19,8,32,5366389858,6422649822,10,5366389858,11,5366389858,88,5366389858,2545,5366389858,2483,5366389858,2589,5366389858,2530,5366389858,2441,5366389858,911,5366389858,875,5366389858,884,5366389858,916,5366389858,889,5366389858,721,5366389858,716,5366389858,725,5366389858,704,5366389858,723
1718,19,8,32,4046406037,5653038220,10,4213637024,11,4052367162,91,4052367162,4961,4052367162,4283,4052367162,3749,4213637024,2537,4046406037,5803,4046406037,1668,4052367162,1571,4052367162,1754,4046406037,1843,4052367162,1875,4052367162,712,4052367162,698,4052367162,735,4052367162,737,4052367162,704
1719,19,8,32,5948657510,6816689833,10,6436311356,11,5967356425,97,6008520575,5494,6008520575,5875,5948657510,6886,6008520575,9876,5948657510,7687,5948657510,1809,5948657510,1586,5948657510,1681,5948657510,1474,5948657510,1551,5948657510,729,6013584343,701,5948657510,703,6013584343,688,6025063189,677
1720,19,8,32,5132146987,6872241466,10,5380881162,11,5132146987,89,5132146987,9026,5380881162,2548,5205941151,5271,5380881162,2554,5248751334,4314,5132146987,1278,5132146987,1672,5132146987,1353,5132146987,1392,5132146987,1480,5132146987,720,5132146987,708,5132146987,712,5132146987,676,5132146987,692
1721,20,8,4,20,26,10,20,11,20,92,20,485,20,480,20,516,20,475,20,483,20,944,20,888,20,891,20,917,20,900,20,716,20,705,20,674,20,684,20,712
1722,20,8,4,20,25,11,21,11,20,89,21,2710,20,1965,21,2689,20,800,21,2690,20,884,21,911,21,934,20,1343,20,1071,20,732,20,731,20,688,20,704,20,741
1723,20,8,4,22,27,11,22,12,22,92,22,2599,22,2492,22,2675,22,2619,22,2524,22,1343,22,900,22,906,22,1204,22,910,22,707,22,702,22,685,22,863,22,702
1724,20,8,4,15,19,10,15,11,15,92,15,489,15,489,15,505,15,643,15,503,15,900,15,904,15,869,15,883,15,884,15,729,15,709,15,703,15,716,15,681
1725,20,8,4,19,23,10,19,11,19,90,19,517,19,491,19,529,19,558,19,525,19,897,19,881,19,892,19,937,19,883,19,700,19,684,19,685,19,697,19,680
1726,20,8,8,298,371,10,309,12,298,92,300,7362,309,2641,299,11115,309,2703,300,6741,299,1604,298,1752,298,1537,298,1195,299,1894,298,779,298,777,298,721,298,721,298,717
1727,20,8,8,325,432,11,340,12,325,104,328,9753,328,7292,327,7152,340,2647,340,2546,330,1332,328,1961,327,1244,330,1576,328,1392,325,760,325,702,325,705,325,734,325,693
1728,20,8,8,345,440,10,370,12,345,93,362,4555,362,6645,358,6688,362,4306,362,3627,358,1401,358,1270,345,1954,345,1782,348,921,345,836,345,796,345,816,345,787,345,792
1729,20,8,8,288,331,11,303,12,288,92,288,6787,288,8640,303,2661,289,5375,289,7741,289,1485,293,1135,299,879,288,1879,295,1624,288,714,288,742,288,697,288,748,288,722
1730,20,8,8,352,397,11,352,12,352,93,352,2612,352,2623,352,2592,352,2698,352,2575,352,896,352,903,352,888,352,877,352,901,352,688,352,698,352,685,352,674,352,678
1731,20,8,16,108455,124046,10,111512,13,109463,103,108907,14833,109847,4945,110158,4445,109847,6874,109269,9251,108497,2117,110030,903,109531,1823,108497,1985,109174,2043,108455,755,108505,732,108505,755,108505,722,108455,738
1732,20,8,16,92320,124812,10,100330,12,95135,93,96298,3135,94778,7215,95368,4974,96115,6025,94595,5515,95135,1788,93091,1910,92320,1634,94778,1732,92698,1425,92320,737,92320,768,92320,729,92320,747,92320,816
1733,20,8,16,79994,92907,11,86508,20,82096,91,84598,4622,81077,5274,83190,7419,85806,4408,81623,4955,80667,2312,81176,1874,80170,2267,81176,1736,81411,889,79994,748,81022,734,80503,742,79994,712,79994,709
1734,20,8,16,96196,104928,11,96196,12,96245,92,96196,2512,96196,2607,96196,2537,96196,2582,96196,2570,96196,941,96196,905,96196,923,96196,903,96196,910,96196,716,96196,695,96196,711,96196,697,96196,696
1735,20,8,16,82430,107562,10,92058,12,82909,92,83694,9674,83445,6141,82430,6214,82830,13857,82967,6745,82430,1863,82430,1787,82509,1656,82430,2110,82430,1571,82830,701,82830,743,82430,678,82430,732,82430,689
1736,20,8,32,4671653505,5508577029,11,4719904887,11,4723346516,92,4719904887,2592,4711415446,5085,4719904887,2632,4719904887,2563,4711415446,4403,4711415446,1497,4719904887,882,4711415446,1401,4711415446,999,4711415446,1213,4711415446,765,4711415446,718,4711415446,729,4711415446,711,4719904887,748
1737,20,8,32,5526217797,6927747870,10,5662381745,11,5532057508,94,5569672644,3976,5569672644,4899,5662381745,2604,5662381745,2593,5662381745,2531,5526252958,1926,5616814472,1230,5526252958,1732,5526252958,1753,5526252958,1958,5526252958,699,5526252958,738,5662381745,703,5662381745,695,5662381745,719
1738,20,8,32,5384066608,6247635070,11,5473363914,12,5384246447,98,5473363914,2632,5384066608,3157,5384066608,5988,5473363914,2557,5473363914,2636,5384066608,1537,5384066608,897,5409286079,1562,5462736026,1396,5384066608,1691,5384066608,728,5384066608,723,5384066608,735,5384066608,719,5384066608,713
1739,20,8,32,6514960464,7879521056,10,6955190133,12,6579045395,100,6692009366,5674,6565721636,6765,6732317842,7591,6621119153,7125,6568810892,7731,6514960464,2197,6516731677,1349,6514960464,1399,6514960464,1992,6516731677,1748,6514960464,767,6514960464,762,6514960464,738,6514960464,712,6514960464,746
1740,20,8,32,6359902923,7055413994,11,6359902923,19,6367601143,92,6359902923,2641,6359902923,2648,6359902923,2612,6359902923,2554,6359902923,2605,6359902923,913,6359902923,908,6359902923,937,6359902923,924,6359902923,928,6359902923,716,6359902923,707,6359902923,688,6359902923,740,6359902923,697
