Algoritmo,Média Erro (%),Mediana Erro (%),Desvio Padrão (%),Erro Mínimo (%),Erro Máximo (%),Soluções Ótimas,Tempo Médio (us),Tempo Máx (us),Tempo Mín (us)
LS,11.365877816882719,8.809005628517824,10.40222372019083,0.0,58.56573705179283,165,7.468571428571429,718,1
LPT,1.2945464441061783,0.036482236876343506,2.066376493341105,0.0,15.238095238095237,519,6.76,37,1
MultiFit,0.5871871822636286,0.0,1.0331385318459232,0.0,9.039385305341549,575,47.502857142857145,650,10
CGA,0.0,0.0,0.0,0.0,0.0,1050,24942.51142857143,5112253,1
Genetic,0.9158192044260391,0.0,1.6221781826922315,0.0,11.538461538461538,573,343.4190476190476,1543,123
