Algoritmo,Média Erro (%),Mediana Erro (%),Desvio Padrão (%),Erro Mínimo (%),Erro Máximo (%),Soluções Ótimas,Tempo Médio (us),Tempo Máx (us),Tempo Mín (us)
LS,11.07803842763641,8.122943967763597,10.791858601707988,-0.5139125258317954,61.406840793852695,261.0,5.644444444444445,663.0,1.0
LPT,1.0871415193519811,0.0,1.9902604214250155,0.0,13.870246085011185,901.0,6.19320987654321,21.0,1.0
MultiFit,0.47356130586440753,0.0,1.0614015450892957,-7.155790747012498,9.523809523809524,833.0,45.18703703703704,471.0,3.0
CGA,-0.08533226497806631,0.0,0.4994318266635603,-7.155790747012498,0.0,1537.0,1026999.9314814815,718905359.0,2.0
Genetic (Média),0.07607229213881526,0.0,0.6081822584538548,-5.877072753796251,5.0,1142.2,2170.4398765432097,8853.6,134.4
