Algoritmo,Média Erro (%),Mediana Erro (%),Desvio Padrão (%),Erro Mínimo (%),Erro Máximo (%),Soluções Ótimas,Tempo Médio (us),Tempo Máx (us),Tempo Mín (us)
LS,11.365877816882719,8.809005628517824,10.40222372019083,0.0,58.56573705179283,165,5.607619047619048,471,1
LPT,1.2945464441061783,0.036482236876343506,2.066376493341105,0.0,15.238095238095237,519,5.939047619047619,213,1
MultiFit,0.5871871822636286,0.0,1.0331385318459232,0.0,9.039385305341549,575,40.14380952380952,89,9
CGA,0.0,0.0,0.0,0.0,0.0,1050,22326.913333333334,4522392,1
Genetic,0.1776163417753668,0.0,0.5522922604583719,0.0,5.0,770,1994.0457142857142,14378,111
