Algoritmo,Média Erro (%),Mediana Erro (%),Desvio Padrão (%),Erro Mínimo (%),Erro Máximo (%),Soluções Ótimas,Tempo Médio (us),Tempo Máx (us),Tempo Mín (us)
LS,11.365877816882719,8.809005628517824,10.40222372019083,0.0,58.56573705179283,165,5.584761904761905,579,1
LPT,1.2945464441061783,0.036482236876343506,2.066376493341105,0.0,15.238095238095237,519,5.962857142857143,77,1
MultiFit,0.5871871822636286,0.0,1.0331385318459232,0.0,9.039385305341549,575,41.79714285714286,284,9
CGA,0.0,0.0,0.0,0.0,0.0,1050,22704.50380952381,4692310,1
Genetic,0.29145762090818805,0.0,0.764495690666551,0.0,6.666666666666667,731,1876.7838095238096,12027,115
