Algoritmo,Média Erro (%),Mediana Erro (%),Desvio Padrão (%),Erro Mínimo (%),Erro Máximo (%),Soluções Ótimas (instâncias),Tempo Médio (us),Tempo Máx (us),Tempo Mín (us)
LS,11.89853679803375,8.698108572832227,11.411730521233785,0.0,60.0,280.0,6.1160919540229886,761.0,1.0
LPT,1.2492693173711442,0.0,2.041292287421536,0.0,11.680213514497149,880.0,6.594827586206897,37.0,1.0
MultiFit,0.5709746526202892,0.0,1.0266152710810577,0.0,8.876622727467474,926.0,49.227586206896554,489.0,3.0
CGA,0.0,0.0,0.0,0.0,0.0,1740.0,966727.9862068966,534417835.0,2.0
Genetic (Média),0.21028675042630227,0.0,0.5678513986255601,0.0,5.882352941176471,1223.6,2306.1741379310347,10409.8,145.8
